[2026-03-09 11:20:21] No graph file found! Looking for: app/report/tmp/ReportGraph8_1_419539460.png in /var/www/html/app/report/Report8.php on line 702
Stack trace:
#0 /var/www/html/app/report/Report8.php(90): app_report_Report8->sectorPenetrationSummary()
#1 /var/www/html/app/command/Report8.php(111): app_report_Report8->__construct('2026-03-01', '2026-03-09', '549', '0', '1', '0', '1')
#2 /var/www/html/app/command/Command.php(48): app_command_Report8->doExecute(Object(app_controller_Request))
#3 /var/www/html/app/controller/Controller.php(240): app_command_Command->execute(Object(app_controller_Request))
#4 /var/www/html/app/controller/Controller.php(79): app_controller_Controller->handleRequest()
#5 /var/www/html/index.php(145): app_controller_Controller::run()
#6 {main}

[2026-03-09 11:22:57] count(): Argument #1 ($value) must be of type Countable|array, null given in /var/www/html/include/pChart/pChart/pData.class on line 119
Stack trace:
#0 /var/www/html/app/command/ReportGraph8_1.php(128): pData->AddPoint(Array, 'Serie1')
#1 /var/www/html/app/command/ReportGraph8_1.php(37): app_command_ReportGraph8_1->init(Object(app_controller_Request))
#2 /var/www/html/app/command/Command.php(48): app_command_ReportGraph8_1->doExecute(Object(app_controller_Request))
#3 /var/www/html/app/report/Report8.php(747): app_command_Command->execute(Object(app_controller_Request))
#4 /var/www/html/app/report/Report8.php(700): app_report_Report8->writeImage('index.php?cmd=R...')
#5 /var/www/html/app/report/Report8.php(93): app_report_Report8->sectorPenetrationSummary()
#6 /var/www/html/app/command/Report8.php(111): app_report_Report8->__construct('2026-03-01', '2026-03-09', '549', '0', '1', '0', '1')
#7 /var/www/html/app/command/Command.php(48): app_command_Report8->doExecute(Object(app_controller_Request))
#8 /var/www/html/app/controller/Controller.php(240): app_command_Command->execute(Object(app_controller_Request))
#9 /var/www/html/app/controller/Controller.php(79): app_controller_Controller->handleRequest()
#10 /var/www/html/index.php(145): app_controller_Controller::run()
#11 {main}

[2026-03-09 11:24:02] count(): Argument #1 ($value) must be of type Countable|array, null given in /var/www/html/include/pChart/pChart/pData.class on line 119
Stack trace:
#0 /var/www/html/app/command/ReportGraph8_1.php(128): pData->AddPoint(Array, 'Serie1')
#1 /var/www/html/app/command/ReportGraph8_1.php(37): app_command_ReportGraph8_1->init(Object(app_controller_Request))
#2 /var/www/html/app/command/Command.php(48): app_command_ReportGraph8_1->doExecute(Object(app_controller_Request))
#3 /var/www/html/app/report/Report8.php(748): app_command_Command->execute(Object(app_controller_Request))
#4 /var/www/html/app/report/Report8.php(700): app_report_Report8->writeImage('index.php?cmd=R...')
#5 /var/www/html/app/report/Report8.php(93): app_report_Report8->sectorPenetrationSummary()
#6 /var/www/html/app/command/Report8.php(111): app_report_Report8->__construct('2026-03-01', '2026-03-09', '549', '0', '1', '0', '1')
#7 /var/www/html/app/command/Command.php(48): app_command_Report8->doExecute(Object(app_controller_Request))
#8 /var/www/html/app/controller/Controller.php(240): app_command_Command->execute(Object(app_controller_Request))
#9 /var/www/html/app/controller/Controller.php(79): app_controller_Controller->handleRequest()
#10 /var/www/html/index.php(145): app_controller_Controller::run()
#11 {main}

[2026-03-09 11:25:28] count(): Argument #1 ($value) must be of type Countable|array, null given in /var/www/html/include/pChart/pChart/pData.class on line 121
Stack trace:
#0 /var/www/html/app/command/ReportGraph8_1.php(128): pData->AddPoint(Array, 'Serie1')
#1 /var/www/html/app/command/ReportGraph8_1.php(37): app_command_ReportGraph8_1->init(Object(app_controller_Request))
#2 /var/www/html/app/command/Command.php(48): app_command_ReportGraph8_1->doExecute(Object(app_controller_Request))
#3 /var/www/html/app/report/Report8.php(748): app_command_Command->execute(Object(app_controller_Request))
#4 /var/www/html/app/report/Report8.php(700): app_report_Report8->writeImage('index.php?cmd=R...')
#5 /var/www/html/app/report/Report8.php(93): app_report_Report8->sectorPenetrationSummary()
#6 /var/www/html/app/command/Report8.php(111): app_report_Report8->__construct('2026-03-01', '2026-03-09', '549', '0', '1', '0', '1')
#7 /var/www/html/app/command/Command.php(48): app_command_Report8->doExecute(Object(app_controller_Request))
#8 /var/www/html/app/controller/Controller.php(240): app_command_Command->execute(Object(app_controller_Request))
#9 /var/www/html/app/controller/Controller.php(79): app_controller_Controller->handleRequest()
#10 /var/www/html/index.php(145): app_controller_Controller::run()
#11 {main}

[2026-03-09 11:26:29] count(): Argument #1 ($value) must be of type Countable|array, null given in /var/www/html/include/pChart/pChart/pData.class on line 121
Stack trace:
#0 /var/www/html/app/command/ReportGraph8_1.php(142): pData->AddPoint(Array, 'Serie1')
#1 /var/www/html/app/command/ReportGraph8_1.php(39): app_command_ReportGraph8_1->init(Object(app_controller_Request))
#2 /var/www/html/app/command/Command.php(48): app_command_ReportGraph8_1->doExecute(Object(app_controller_Request))
#3 /var/www/html/app/report/Report8.php(748): app_command_Command->execute(Object(app_controller_Request))
#4 /var/www/html/app/report/Report8.php(700): app_report_Report8->writeImage('index.php?cmd=R...')
#5 /var/www/html/app/report/Report8.php(93): app_report_Report8->sectorPenetrationSummary()
#6 /var/www/html/app/command/Report8.php(111): app_report_Report8->__construct('2026-03-01', '2026-03-09', '549', '0', '1', '0', '1')
#7 /var/www/html/app/command/Command.php(48): app_command_Report8->doExecute(Object(app_controller_Request))
#8 /var/www/html/app/controller/Controller.php(240): app_command_Command->execute(Object(app_controller_Request))
#9 /var/www/html/app/controller/Controller.php(79): app_controller_Controller->handleRequest()
#10 /var/www/html/index.php(145): app_controller_Controller::run()
#11 {main}

[2026-03-09 11:31:06] imagecolorallocate(): Argument #1 ($image) must be of type GdImage, null given in /var/www/html/include/pChart/pChart/pChart.class on line 3023
Stack trace:
#0 /var/www/html/include/pChart/pChart/pChart.class(3023): imagecolorallocate(NULL, 255, 255, 255)
#1 /var/www/html/include/pChart/pChart/pChart.class(2724): pChart->AllocateColor(NULL, 255, 255, 255)
#2 /var/www/html/include/pChart/pChart/pChart.class(290): pChart->drawFilledRectangle(40, 20, 360, 210, 255, 255, 255, false)
#3 /var/www/html/app/command/ReportGraph8_1.php(168): pChart->drawGraphArea(255, 255, 255)
#4 /var/www/html/app/command/ReportGraph8_1.php(39): app_command_ReportGraph8_1->init(Object(app_controller_Request))
#5 /var/www/html/app/command/Command.php(48): app_command_ReportGraph8_1->doExecute(Object(app_controller_Request))
#6 /var/www/html/app/report/Report8.php(748): app_command_Command->execute(Object(app_controller_Request))
#7 /var/www/html/app/report/Report8.php(700): app_report_Report8->writeImage('index.php?cmd=R...')
#8 /var/www/html/app/report/Report8.php(93): app_report_Report8->sectorPenetrationSummary()
#9 /var/www/html/app/command/Report8.php(111): app_report_Report8->__construct('2026-03-01', '2026-03-09', '549', '0', '1', '0', '1')
#10 /var/www/html/app/command/Command.php(48): app_command_Report8->doExecute(Object(app_controller_Request))
#11 /var/www/html/app/controller/Controller.php(240): app_command_Command->execute(Object(app_controller_Request))
#12 /var/www/html/app/controller/Controller.php(79): app_controller_Controller->handleRequest()
#13 /var/www/html/index.php(145): app_controller_Controller::run()
#14 {main}

[2026-03-09 11:39:59] count(): Argument #1 ($value) must be of type Countable|array, null given in /var/www/html/app/report/Report5.php on line 266
Stack trace:
#0 /var/www/html/app/report/Report5.php(73): app_report_Report5->doBody()
#1 /var/www/html/app/command/Report5.php(108): app_report_Report5->__construct('2026-03-01', '2026-03-09', '549', NULL, '2', true, true, true)
#2 /var/www/html/app/command/Command.php(48): app_command_Report5->doExecute(Object(app_controller_Request))
#3 /var/www/html/app/controller/Controller.php(240): app_command_Command->execute(Object(app_controller_Request))
#4 /var/www/html/app/controller/Controller.php(79): app_controller_Controller->handleRequest()
#5 /var/www/html/index.php(145): app_controller_Controller::run()
#6 {main}

[2026-03-09 12:00:51] Division by zero in /var/www/html/app/command/Report9.php on line 362
Stack trace:
#0 /var/www/html/app/command/Report9.php(78): app_command_Report9->getRowData('116', '2026-03-01', '2026-03-31', '202603')
#1 /var/www/html/app/command/Report9.php(32): app_command_Report9->exportXLS('2026-03-01', '2026-03-09')
#2 /var/www/html/app/command/Command.php(48): app_command_Report9->doExecute(Object(app_controller_Request))
#3 /var/www/html/app/controller/Controller.php(240): app_command_Command->execute(Object(app_controller_Request))
#4 /var/www/html/app/controller/Controller.php(79): app_controller_Controller->handleRequest()
#5 /var/www/html/index.php(145): app_controller_Controller::run()
#6 {main}

[2026-03-09 12:19:15] Client ID not supplied in /var/www/html/app/command/Report15.php on line 31
Stack trace:
#0 /var/www/html/app/command/Command.php(48): app_command_Report15->doExecute(Object(app_controller_Request))
#1 /var/www/html/app/controller/Controller.php(240): app_command_Command->execute(Object(app_controller_Request))
#2 /var/www/html/app/controller/Controller.php(79): app_controller_Controller->handleRequest()
#3 /var/www/html/index.php(145): app_controller_Controller::run()
#4 {main}

[2026-03-09 12:20:37] Client ID not supplied in /var/www/html/app/command/Report15.php on line 31
Stack trace:
#0 /var/www/html/app/command/Command.php(48): app_command_Report15->doExecute(Object(app_controller_Request))
#1 /var/www/html/app/controller/Controller.php(240): app_command_Command->execute(Object(app_controller_Request))
#2 /var/www/html/app/controller/Controller.php(79): app_controller_Controller->handleRequest()
#3 /var/www/html/index.php(145): app_controller_Controller::run()
#4 {main}

[2026-03-09 12:20:43] Client ID not supplied in /var/www/html/app/command/Report15.php on line 31
Stack trace:
#0 /var/www/html/app/command/Command.php(48): app_command_Report15->doExecute(Object(app_controller_Request))
#1 /var/www/html/app/controller/Controller.php(240): app_command_Command->execute(Object(app_controller_Request))
#2 /var/www/html/app/controller/Controller.php(79): app_controller_Controller->handleRequest()
#3 /var/www/html/index.php(145): app_controller_Controller::run()
#4 {main}

[2026-03-09 12:22:59] Client ID not supplied in /var/www/html/app/command/Report15.php on line 31
Stack trace:
#0 /var/www/html/app/command/Command.php(48): app_command_Report15->doExecute(Object(app_controller_Request))
#1 /var/www/html/app/controller/Controller.php(240): app_command_Command->execute(Object(app_controller_Request))
#2 /var/www/html/app/controller/Controller.php(79): app_controller_Controller->handleRequest()
#3 /var/www/html/index.php(145): app_controller_Controller::run()
#4 {main}

[2026-03-09 12:26:46] Call to a member function getId() on null in /var/www/html/app/view/templates_c/%%48^486^486DC400%%CampaignView.tpl.php on line 664
Stack trace:
#0 /var/www/html/include/Smarty/Smarty.class.php(1269): include()
#1 /var/www/html/include/Smarty/Smarty.class.php(1119): Smarty->fetch('CampaignView.tp...', NULL, NULL, true)
#2 /var/www/html/app/view/CampaignView.php(66): Smarty->display('CampaignView.tp...')
#3 /var/www/html/app/view/View.php(47): app_view_CampaignView->doExecute()
#4 /var/www/html/app/controller/Controller.php(271): app_view_View->execute()
#5 /var/www/html/app/controller/Controller.php(249): app_controller_Controller->forward('CampaignView')
#6 /var/www/html/app/controller/Controller.php(79): app_controller_Controller->handleRequest()
#7 /var/www/html/index.php(145): app_controller_Controller::run()
#8 {main}

[2026-03-09 12:28:14] Call to undefined method app_domain_CampaignNbm::isActive() in /var/www/html/app/view/templates_c/%%48^486^486DC400%%CampaignView.tpl.php on line 772
Stack trace:
#0 /var/www/html/include/Smarty/Smarty.class.php(1269): include()
#1 /var/www/html/include/Smarty/Smarty.class.php(1119): Smarty->fetch('CampaignView.tp...', NULL, NULL, true)
#2 /var/www/html/app/view/CampaignView.php(66): Smarty->display('CampaignView.tp...')
#3 /var/www/html/app/view/View.php(47): app_view_CampaignView->doExecute()
#4 /var/www/html/app/controller/Controller.php(271): app_view_View->execute()
#5 /var/www/html/app/controller/Controller.php(249): app_controller_Controller->forward('CampaignView')
#6 /var/www/html/app/controller/Controller.php(79): app_controller_Controller->handleRequest()
#7 /var/www/html/index.php(145): app_controller_Controller::run()
#8 {main}

[2026-03-09 12:29:41] Call to undefined method app_domain_CampaignNbm::isActive() in /var/www/html/app/view/templates_c/%%48^486^486DC400%%CampaignView.tpl.php on line 772
Stack trace:
#0 /var/www/html/include/Smarty/Smarty.class.php(1269): include()
#1 /var/www/html/include/Smarty/Smarty.class.php(1119): Smarty->fetch('CampaignView.tp...', NULL, NULL, true)
#2 /var/www/html/app/view/CampaignView.php(66): Smarty->display('CampaignView.tp...')
#3 /var/www/html/app/view/View.php(47): app_view_CampaignView->doExecute()
#4 /var/www/html/app/controller/Controller.php(271): app_view_View->execute()
#5 /var/www/html/app/controller/Controller.php(249): app_controller_Controller->forward('CampaignView')
#6 /var/www/html/app/controller/Controller.php(79): app_controller_Controller->handleRequest()
#7 /var/www/html/index.php(145): app_controller_Controller::run()
#8 {main}

[2026-03-09 12:34:59] Call to a member function getId() on null in /var/www/html/app/view/templates_c/%%48^486^486DC400%%CampaignView.tpl.php on line 664
Stack trace:
#0 /var/www/html/include/Smarty/Smarty.class.php(1269): include()
#1 /var/www/html/include/Smarty/Smarty.class.php(1119): Smarty->fetch('CampaignView.tp...', NULL, NULL, true)
#2 /var/www/html/app/view/CampaignView.php(66): Smarty->display('CampaignView.tp...')
#3 /var/www/html/app/view/View.php(47): app_view_CampaignView->doExecute()
#4 /var/www/html/app/controller/Controller.php(271): app_view_View->execute()
#5 /var/www/html/app/controller/Controller.php(249): app_controller_Controller->forward('CampaignView')
#6 /var/www/html/app/controller/Controller.php(79): app_controller_Controller->handleRequest()
#7 /var/www/html/index.php(145): app_controller_Controller::run()
#8 {main}

[2026-03-09 12:59:58] Call to a member function getId() on null in /var/www/html/app/view/templates_c/%%48^486^486DC400%%CampaignView.tpl.php on line 664
Stack trace:
#0 /var/www/html/include/Smarty/Smarty.class.php(1269): include()
#1 /var/www/html/include/Smarty/Smarty.class.php(1119): Smarty->fetch('CampaignView.tp...', NULL, NULL, true)
#2 /var/www/html/app/view/CampaignView.php(66): Smarty->display('CampaignView.tp...')
#3 /var/www/html/app/view/View.php(47): app_view_CampaignView->doExecute()
#4 /var/www/html/app/controller/Controller.php(271): app_view_View->execute()
#5 /var/www/html/app/controller/Controller.php(249): app_controller_Controller->forward('CampaignView')
#6 /var/www/html/app/controller/Controller.php(79): app_controller_Controller->handleRequest()
#7 /var/www/html/index.php(145): app_controller_Controller::run()
#8 {main}

[2026-03-09 13:00:28] Call to undefined method app_domain_CampaignNbm::isActive() in /var/www/html/app/view/templates_c/%%48^486^486DC400%%CampaignView.tpl.php on line 772
Stack trace:
#0 /var/www/html/include/Smarty/Smarty.class.php(1269): include()
#1 /var/www/html/include/Smarty/Smarty.class.php(1119): Smarty->fetch('CampaignView.tp...', NULL, NULL, true)
#2 /var/www/html/app/view/CampaignView.php(66): Smarty->display('CampaignView.tp...')
#3 /var/www/html/app/view/View.php(47): app_view_CampaignView->doExecute()
#4 /var/www/html/app/controller/Controller.php(271): app_view_View->execute()
#5 /var/www/html/app/controller/Controller.php(249): app_controller_Controller->forward('CampaignView')
#6 /var/www/html/app/controller/Controller.php(79): app_controller_Controller->handleRequest()
#7 /var/www/html/index.php(145): app_controller_Controller::run()
#8 {main}

[2026-03-09 13:03:10] Call to a member function getId() on null in /var/www/html/app/view/templates_c/%%48^486^486DC400%%CampaignView.tpl.php on line 664
Stack trace:
#0 /var/www/html/include/Smarty/Smarty.class.php(1269): include()
#1 /var/www/html/include/Smarty/Smarty.class.php(1119): Smarty->fetch('CampaignView.tp...', NULL, NULL, true)
#2 /var/www/html/app/view/CampaignView.php(66): Smarty->display('CampaignView.tp...')
#3 /var/www/html/app/view/View.php(47): app_view_CampaignView->doExecute()
#4 /var/www/html/app/controller/Controller.php(271): app_view_View->execute()
#5 /var/www/html/app/controller/Controller.php(249): app_controller_Controller->forward('CampaignView')
#6 /var/www/html/app/controller/Controller.php(79): app_controller_Controller->handleRequest()
#7 /var/www/html/index.php(145): app_controller_Controller::run()
#8 {main}

[2026-03-09 13:03:44] Call to undefined method app_domain_CampaignNbm::isActive() in /var/www/html/app/view/templates_c/%%48^486^486DC400%%CampaignView.tpl.php on line 772
Stack trace:
#0 /var/www/html/include/Smarty/Smarty.class.php(1269): include()
#1 /var/www/html/include/Smarty/Smarty.class.php(1119): Smarty->fetch('CampaignView.tp...', NULL, NULL, true)
#2 /var/www/html/app/view/CampaignView.php(66): Smarty->display('CampaignView.tp...')
#3 /var/www/html/app/view/View.php(47): app_view_CampaignView->doExecute()
#4 /var/www/html/app/controller/Controller.php(271): app_view_View->execute()
#5 /var/www/html/app/controller/Controller.php(249): app_controller_Controller->forward('CampaignView')
#6 /var/www/html/app/controller/Controller.php(79): app_controller_Controller->handleRequest()
#7 /var/www/html/index.php(145): app_controller_Controller::run()
#8 {main}

[2026-03-09 13:06:36] Call to a member function getId() on null in /var/www/html/app/view/templates_c/%%48^486^486DC400%%CampaignView.tpl.php on line 664
Stack trace:
#0 /var/www/html/include/Smarty/Smarty.class.php(1269): include()
#1 /var/www/html/include/Smarty/Smarty.class.php(1119): Smarty->fetch('CampaignView.tp...', NULL, NULL, true)
#2 /var/www/html/app/view/CampaignView.php(66): Smarty->display('CampaignView.tp...')
#3 /var/www/html/app/view/View.php(47): app_view_CampaignView->doExecute()
#4 /var/www/html/app/controller/Controller.php(271): app_view_View->execute()
#5 /var/www/html/app/controller/Controller.php(249): app_controller_Controller->forward('CampaignView')
#6 /var/www/html/app/controller/Controller.php(79): app_controller_Controller->handleRequest()
#7 /var/www/html/index.php(145): app_controller_Controller::run()
#8 {main}

[2026-03-09 13:07:08] Call to undefined method app_domain_CampaignNbm::isActive() in /var/www/html/app/view/templates_c/%%48^486^486DC400%%CampaignView.tpl.php on line 772
Stack trace:
#0 /var/www/html/include/Smarty/Smarty.class.php(1269): include()
#1 /var/www/html/include/Smarty/Smarty.class.php(1119): Smarty->fetch('CampaignView.tp...', NULL, NULL, true)
#2 /var/www/html/app/view/CampaignView.php(66): Smarty->display('CampaignView.tp...')
#3 /var/www/html/app/view/View.php(47): app_view_CampaignView->doExecute()
#4 /var/www/html/app/controller/Controller.php(271): app_view_View->execute()
#5 /var/www/html/app/controller/Controller.php(249): app_controller_Controller->forward('CampaignView')
#6 /var/www/html/app/controller/Controller.php(79): app_controller_Controller->handleRequest()
#7 /var/www/html/index.php(145): app_controller_Controller::run()
#8 {main}

[2026-03-09 13:11:49] Call to a member function getId() on null in /var/www/html/app/view/templates_c/%%48^486^486DC400%%CampaignView.tpl.php on line 664
Stack trace:
#0 /var/www/html/include/Smarty/Smarty.class.php(1269): include()
#1 /var/www/html/include/Smarty/Smarty.class.php(1119): Smarty->fetch('CampaignView.tp...', NULL, NULL, true)
#2 /var/www/html/app/view/CampaignView.php(66): Smarty->display('CampaignView.tp...')
#3 /var/www/html/app/view/View.php(47): app_view_CampaignView->doExecute()
#4 /var/www/html/app/controller/Controller.php(271): app_view_View->execute()
#5 /var/www/html/app/controller/Controller.php(249): app_controller_Controller->forward('CampaignView')
#6 /var/www/html/app/controller/Controller.php(79): app_controller_Controller->handleRequest()
#7 /var/www/html/index.php(145): app_controller_Controller::run()
#8 {main}

[2026-03-09 13:13:05] Call to undefined method app_domain_CampaignNbm::isActive() in /var/www/html/app/view/templates_c/%%48^486^486DC400%%CampaignView.tpl.php on line 776
Stack trace:
#0 /var/www/html/include/Smarty/Smarty.class.php(1269): include()
#1 /var/www/html/include/Smarty/Smarty.class.php(1119): Smarty->fetch('CampaignView.tp...', NULL, NULL, true)
#2 /var/www/html/app/view/CampaignView.php(66): Smarty->display('CampaignView.tp...')
#3 /var/www/html/app/view/View.php(47): app_view_CampaignView->doExecute()
#4 /var/www/html/app/controller/Controller.php(271): app_view_View->execute()
#5 /var/www/html/app/controller/Controller.php(249): app_controller_Controller->forward('CampaignView')
#6 /var/www/html/app/controller/Controller.php(79): app_controller_Controller->handleRequest()
#7 /var/www/html/index.php(145): app_controller_Controller::run()
#8 {main}

[2026-03-09 13:14:20] Call to undefined method app_domain_CampaignNbm::isActive() in /var/www/html/app/view/templates_c/%%48^486^486DC400%%CampaignView.tpl.php on line 776
Stack trace:
#0 /var/www/html/include/Smarty/Smarty.class.php(1269): include()
#1 /var/www/html/include/Smarty/Smarty.class.php(1119): Smarty->fetch('CampaignView.tp...', NULL, NULL, true)
#2 /var/www/html/app/view/CampaignView.php(66): Smarty->display('CampaignView.tp...')
#3 /var/www/html/app/view/View.php(47): app_view_CampaignView->doExecute()
#4 /var/www/html/app/controller/Controller.php(271): app_view_View->execute()
#5 /var/www/html/app/controller/Controller.php(249): app_controller_Controller->forward('CampaignView')
#6 /var/www/html/app/controller/Controller.php(79): app_controller_Controller->handleRequest()
#7 /var/www/html/index.php(145): app_controller_Controller::run()
#8 {main}

[2026-03-09 13:14:26] Call to a member function getId() on null in /var/www/html/app/view/templates_c/%%48^486^486DC400%%CampaignView.tpl.php on line 668
Stack trace:
#0 /var/www/html/include/Smarty/Smarty.class.php(1269): include()
#1 /var/www/html/include/Smarty/Smarty.class.php(1119): Smarty->fetch('CampaignView.tp...', NULL, NULL, true)
#2 /var/www/html/app/view/CampaignView.php(66): Smarty->display('CampaignView.tp...')
#3 /var/www/html/app/view/View.php(47): app_view_CampaignView->doExecute()
#4 /var/www/html/app/controller/Controller.php(271): app_view_View->execute()
#5 /var/www/html/app/controller/Controller.php(249): app_controller_Controller->forward('CampaignView')
#6 /var/www/html/app/controller/Controller.php(79): app_controller_Controller->handleRequest()
#7 /var/www/html/index.php(145): app_controller_Controller::run()
#8 {main}

[2026-03-09 13:14:51] Call to undefined method app_domain_CampaignNbm::isActive() in /var/www/html/app/view/templates_c/%%48^486^486DC400%%CampaignView.tpl.php on line 776
Stack trace:
#0 /var/www/html/include/Smarty/Smarty.class.php(1269): include()
#1 /var/www/html/include/Smarty/Smarty.class.php(1119): Smarty->fetch('CampaignView.tp...', NULL, NULL, true)
#2 /var/www/html/app/view/CampaignView.php(66): Smarty->display('CampaignView.tp...')
#3 /var/www/html/app/view/View.php(47): app_view_CampaignView->doExecute()
#4 /var/www/html/app/controller/Controller.php(271): app_view_View->execute()
#5 /var/www/html/app/controller/Controller.php(249): app_controller_Controller->forward('CampaignView')
#6 /var/www/html/app/controller/Controller.php(79): app_controller_Controller->handleRequest()
#7 /var/www/html/index.php(145): app_controller_Controller::run()
#8 {main}

[2026-03-09 13:16:37] Call to a member function getId() on null in /var/www/html/app/view/templates_c/%%48^486^486DC400%%CampaignView.tpl.php on line 668
Stack trace:
#0 /var/www/html/include/Smarty/Smarty.class.php(1269): include()
#1 /var/www/html/include/Smarty/Smarty.class.php(1119): Smarty->fetch('CampaignView.tp...', NULL, NULL, true)
#2 /var/www/html/app/view/CampaignView.php(66): Smarty->display('CampaignView.tp...')
#3 /var/www/html/app/view/View.php(47): app_view_CampaignView->doExecute()
#4 /var/www/html/app/controller/Controller.php(271): app_view_View->execute()
#5 /var/www/html/app/controller/Controller.php(249): app_controller_Controller->forward('CampaignView')
#6 /var/www/html/app/controller/Controller.php(79): app_controller_Controller->handleRequest()
#7 /var/www/html/index.php(145): app_controller_Controller::run()
#8 {main}

[2026-03-09 13:17:52] Call to undefined method app_domain_CampaignNbm::isActive() in /var/www/html/app/view/templates_c/%%48^486^486DC400%%CampaignView.tpl.php on line 776
Stack trace:
#0 /var/www/html/include/Smarty/Smarty.class.php(1269): include()
#1 /var/www/html/include/Smarty/Smarty.class.php(1119): Smarty->fetch('CampaignView.tp...', NULL, NULL, true)
#2 /var/www/html/app/view/CampaignView.php(66): Smarty->display('CampaignView.tp...')
#3 /var/www/html/app/view/View.php(47): app_view_CampaignView->doExecute()
#4 /var/www/html/app/controller/Controller.php(271): app_view_View->execute()
#5 /var/www/html/app/controller/Controller.php(249): app_controller_Controller->forward('CampaignView')
#6 /var/www/html/app/controller/Controller.php(79): app_controller_Controller->handleRequest()
#7 /var/www/html/index.php(145): app_controller_Controller::run()
#8 {main}

[2026-03-09 13:18:12] Call to undefined method app_domain_CampaignNbm::isActive() in /var/www/html/app/view/templates_c/%%48^486^486DC400%%CampaignView.tpl.php on line 776
Stack trace:
#0 /var/www/html/include/Smarty/Smarty.class.php(1269): include()
#1 /var/www/html/include/Smarty/Smarty.class.php(1119): Smarty->fetch('CampaignView.tp...', NULL, NULL, true)
#2 /var/www/html/app/view/CampaignView.php(66): Smarty->display('CampaignView.tp...')
#3 /var/www/html/app/view/View.php(47): app_view_CampaignView->doExecute()
#4 /var/www/html/app/controller/Controller.php(271): app_view_View->execute()
#5 /var/www/html/app/controller/Controller.php(249): app_controller_Controller->forward('CampaignView')
#6 /var/www/html/app/controller/Controller.php(79): app_controller_Controller->handleRequest()
#7 /var/www/html/index.php(145): app_controller_Controller::run()
#8 {main}

[2026-03-09 13:33:42] Call to a member function getId() on null in /var/www/html/app/view/templates_c/%%48^486^486DC400%%CampaignView.tpl.php on line 668
Stack trace:
#0 /var/www/html/include/Smarty/Smarty.class.php(1269): include()
#1 /var/www/html/include/Smarty/Smarty.class.php(1119): Smarty->fetch('CampaignView.tp...', NULL, NULL, true)
#2 /var/www/html/app/view/CampaignView.php(66): Smarty->display('CampaignView.tp...')
#3 /var/www/html/app/view/View.php(47): app_view_CampaignView->doExecute()
#4 /var/www/html/app/controller/Controller.php(271): app_view_View->execute()
#5 /var/www/html/app/controller/Controller.php(249): app_controller_Controller->forward('CampaignView')
#6 /var/www/html/app/controller/Controller.php(79): app_controller_Controller->handleRequest()
#7 /var/www/html/index.php(145): app_controller_Controller::run()
#8 {main}

[2026-03-09 13:34:15] Call to undefined method app_domain_CampaignNbm::isActive() in /var/www/html/app/view/templates_c/%%48^486^486DC400%%CampaignView.tpl.php on line 776
Stack trace:
#0 /var/www/html/include/Smarty/Smarty.class.php(1269): include()
#1 /var/www/html/include/Smarty/Smarty.class.php(1119): Smarty->fetch('CampaignView.tp...', NULL, NULL, true)
#2 /var/www/html/app/view/CampaignView.php(66): Smarty->display('CampaignView.tp...')
#3 /var/www/html/app/view/View.php(47): app_view_CampaignView->doExecute()
#4 /var/www/html/app/controller/Controller.php(271): app_view_View->execute()
#5 /var/www/html/app/controller/Controller.php(249): app_controller_Controller->forward('CampaignView')
#6 /var/www/html/app/controller/Controller.php(79): app_controller_Controller->handleRequest()
#7 /var/www/html/index.php(145): app_controller_Controller::run()
#8 {main}

[2026-03-09 13:42:41] Call to a member function getId() on null in /var/www/html/app/view/templates_c/%%48^486^486DC400%%CampaignView.tpl.php on line 668
Stack trace:
#0 /var/www/html/include/Smarty/Smarty.class.php(1269): include()
#1 /var/www/html/include/Smarty/Smarty.class.php(1119): Smarty->fetch('CampaignView.tp...', NULL, NULL, true)
#2 /var/www/html/app/view/CampaignView.php(66): Smarty->display('CampaignView.tp...')
#3 /var/www/html/app/view/View.php(47): app_view_CampaignView->doExecute()
#4 /var/www/html/app/controller/Controller.php(271): app_view_View->execute()
#5 /var/www/html/app/controller/Controller.php(249): app_controller_Controller->forward('CampaignView')
#6 /var/www/html/app/controller/Controller.php(79): app_controller_Controller->handleRequest()
#7 /var/www/html/index.php(145): app_controller_Controller::run()
#8 {main}

[2026-03-09 13:43:10] Call to undefined method app_domain_CampaignNbm::isActive() in /var/www/html/app/view/templates_c/%%48^486^486DC400%%CampaignView.tpl.php on line 776
Stack trace:
#0 /var/www/html/include/Smarty/Smarty.class.php(1269): include()
#1 /var/www/html/include/Smarty/Smarty.class.php(1119): Smarty->fetch('CampaignView.tp...', NULL, NULL, true)
#2 /var/www/html/app/view/CampaignView.php(66): Smarty->display('CampaignView.tp...')
#3 /var/www/html/app/view/View.php(47): app_view_CampaignView->doExecute()
#4 /var/www/html/app/controller/Controller.php(271): app_view_View->execute()
#5 /var/www/html/app/controller/Controller.php(249): app_controller_Controller->forward('CampaignView')
#6 /var/www/html/app/controller/Controller.php(79): app_controller_Controller->handleRequest()
#7 /var/www/html/index.php(145): app_controller_Controller::run()
#8 {main}

[2026-03-09 13:43:37] Call to undefined method app_domain_CampaignNbm::isActive() in /var/www/html/app/view/templates_c/%%48^486^486DC400%%CampaignView.tpl.php on line 776
Stack trace:
#0 /var/www/html/include/Smarty/Smarty.class.php(1269): include()
#1 /var/www/html/include/Smarty/Smarty.class.php(1119): Smarty->fetch('CampaignView.tp...', NULL, NULL, true)
#2 /var/www/html/app/view/CampaignView.php(66): Smarty->display('CampaignView.tp...')
#3 /var/www/html/app/view/View.php(47): app_view_CampaignView->doExecute()
#4 /var/www/html/app/controller/Controller.php(271): app_view_View->execute()
#5 /var/www/html/app/controller/Controller.php(249): app_controller_Controller->forward('CampaignView')
#6 /var/www/html/app/controller/Controller.php(79): app_controller_Controller->handleRequest()
#7 /var/www/html/index.php(145): app_controller_Controller::run()
#8 {main}

[2026-03-09 13:44:06] Call to undefined method app_domain_CampaignNbm::isActive() in /var/www/html/app/view/templates_c/%%48^486^486DC400%%CampaignView.tpl.php on line 776
Stack trace:
#0 /var/www/html/include/Smarty/Smarty.class.php(1269): include()
#1 /var/www/html/include/Smarty/Smarty.class.php(1119): Smarty->fetch('CampaignView.tp...', NULL, NULL, true)
#2 /var/www/html/app/view/CampaignView.php(66): Smarty->display('CampaignView.tp...')
#3 /var/www/html/app/view/View.php(47): app_view_CampaignView->doExecute()
#4 /var/www/html/app/controller/Controller.php(271): app_view_View->execute()
#5 /var/www/html/app/controller/Controller.php(249): app_controller_Controller->forward('CampaignView')
#6 /var/www/html/app/controller/Controller.php(79): app_controller_Controller->handleRequest()
#7 /var/www/html/index.php(145): app_controller_Controller::run()
#8 {main}

[2026-03-09 13:44:36] Call to undefined method app_domain_CampaignNbm::isActive() in /var/www/html/app/view/templates_c/%%48^486^486DC400%%CampaignView.tpl.php on line 776
Stack trace:
#0 /var/www/html/include/Smarty/Smarty.class.php(1269): include()
#1 /var/www/html/include/Smarty/Smarty.class.php(1119): Smarty->fetch('CampaignView.tp...', NULL, NULL, true)
#2 /var/www/html/app/view/CampaignView.php(66): Smarty->display('CampaignView.tp...')
#3 /var/www/html/app/view/View.php(47): app_view_CampaignView->doExecute()
#4 /var/www/html/app/controller/Controller.php(271): app_view_View->execute()
#5 /var/www/html/app/controller/Controller.php(249): app_controller_Controller->forward('CampaignView')
#6 /var/www/html/app/controller/Controller.php(79): app_controller_Controller->handleRequest()
#7 /var/www/html/index.php(145): app_controller_Controller::run()
#8 {main}

[2026-03-09 13:45:07] Call to undefined method app_domain_CampaignNbm::isActive() in /var/www/html/app/view/templates_c/%%48^486^486DC400%%CampaignView.tpl.php on line 776
Stack trace:
#0 /var/www/html/include/Smarty/Smarty.class.php(1269): include()
#1 /var/www/html/include/Smarty/Smarty.class.php(1119): Smarty->fetch('CampaignView.tp...', NULL, NULL, true)
#2 /var/www/html/app/view/CampaignView.php(66): Smarty->display('CampaignView.tp...')
#3 /var/www/html/app/view/View.php(47): app_view_CampaignView->doExecute()
#4 /var/www/html/app/controller/Controller.php(271): app_view_View->execute()
#5 /var/www/html/app/controller/Controller.php(249): app_controller_Controller->forward('CampaignView')
#6 /var/www/html/app/controller/Controller.php(79): app_controller_Controller->handleRequest()
#7 /var/www/html/index.php(145): app_controller_Controller::run()
#8 {main}

[2026-03-09 13:47:09] Call to a member function getId() on null in /var/www/html/app/view/templates_c/%%48^486^486DC400%%CampaignView.tpl.php on line 668
Stack trace:
#0 /var/www/html/include/Smarty/Smarty.class.php(1269): include()
#1 /var/www/html/include/Smarty/Smarty.class.php(1119): Smarty->fetch('CampaignView.tp...', NULL, NULL, true)
#2 /var/www/html/app/view/CampaignView.php(66): Smarty->display('CampaignView.tp...')
#3 /var/www/html/app/view/View.php(47): app_view_CampaignView->doExecute()
#4 /var/www/html/app/controller/Controller.php(271): app_view_View->execute()
#5 /var/www/html/app/controller/Controller.php(249): app_controller_Controller->forward('CampaignView')
#6 /var/www/html/app/controller/Controller.php(79): app_controller_Controller->handleRequest()
#7 /var/www/html/index.php(145): app_controller_Controller::run()
#8 {main}

[2026-03-09 13:47:40] Call to undefined method app_domain_CampaignNbm::isActive() in /var/www/html/app/view/templates_c/%%48^486^486DC400%%CampaignView.tpl.php on line 776
Stack trace:
#0 /var/www/html/include/Smarty/Smarty.class.php(1269): include()
#1 /var/www/html/include/Smarty/Smarty.class.php(1119): Smarty->fetch('CampaignView.tp...', NULL, NULL, true)
#2 /var/www/html/app/view/CampaignView.php(66): Smarty->display('CampaignView.tp...')
#3 /var/www/html/app/view/View.php(47): app_view_CampaignView->doExecute()
#4 /var/www/html/app/controller/Controller.php(271): app_view_View->execute()
#5 /var/www/html/app/controller/Controller.php(249): app_controller_Controller->forward('CampaignView')
#6 /var/www/html/app/controller/Controller.php(79): app_controller_Controller->handleRequest()
#7 /var/www/html/index.php(145): app_controller_Controller::run()
#8 {main}

[2026-03-09 13:48:06] Call to undefined method app_domain_CampaignNbm::isActive() in /var/www/html/app/view/templates_c/%%48^486^486DC400%%CampaignView.tpl.php on line 776
Stack trace:
#0 /var/www/html/include/Smarty/Smarty.class.php(1269): include()
#1 /var/www/html/include/Smarty/Smarty.class.php(1119): Smarty->fetch('CampaignView.tp...', NULL, NULL, true)
#2 /var/www/html/app/view/CampaignView.php(66): Smarty->display('CampaignView.tp...')
#3 /var/www/html/app/view/View.php(47): app_view_CampaignView->doExecute()
#4 /var/www/html/app/controller/Controller.php(271): app_view_View->execute()
#5 /var/www/html/app/controller/Controller.php(249): app_controller_Controller->forward('CampaignView')
#6 /var/www/html/app/controller/Controller.php(79): app_controller_Controller->handleRequest()
#7 /var/www/html/index.php(145): app_controller_Controller::run()
#8 {main}

[2026-03-09 13:53:16] Call to a member function getIsCurrent() on null in /var/www/html/app/view/templates_c/%%48^486^486DC400%%CampaignView.tpl.php on line 674
Stack trace:
#0 /var/www/html/include/Smarty/Smarty.class.php(1269): include()
#1 /var/www/html/include/Smarty/Smarty.class.php(1119): Smarty->fetch('CampaignView.tp...', NULL, NULL, true)
#2 /var/www/html/app/view/CampaignView.php(66): Smarty->display('CampaignView.tp...')
#3 /var/www/html/app/view/View.php(47): app_view_CampaignView->doExecute()
#4 /var/www/html/app/controller/Controller.php(271): app_view_View->execute()
#5 /var/www/html/app/controller/Controller.php(249): app_controller_Controller->forward('CampaignView')
#6 /var/www/html/app/controller/Controller.php(79): app_controller_Controller->handleRequest()
#7 /var/www/html/index.php(145): app_controller_Controller::run()
#8 {main}

[2026-03-09 13:53:58] count(): Argument #1 ($value) must be of type Countable|array, null given in /var/www/html/app/view/templates_c/%%48^486^486DC400%%CampaignView.tpl.php on line 1089
Stack trace:
#0 /var/www/html/include/Smarty/Smarty.class.php(1269): include()
#1 /var/www/html/include/Smarty/Smarty.class.php(1119): Smarty->fetch('CampaignView.tp...', NULL, NULL, true)
#2 /var/www/html/app/view/CampaignView.php(66): Smarty->display('CampaignView.tp...')
#3 /var/www/html/app/view/View.php(47): app_view_CampaignView->doExecute()
#4 /var/www/html/app/controller/Controller.php(271): app_view_View->execute()
#5 /var/www/html/app/controller/Controller.php(249): app_controller_Controller->forward('CampaignView')
#6 /var/www/html/app/controller/Controller.php(79): app_controller_Controller->handleRequest()
#7 /var/www/html/index.php(145): app_controller_Controller::run()
#8 {main}

[2026-03-09 13:54:24] count(): Argument #1 ($value) must be of type Countable|array, null given in /var/www/html/app/view/templates_c/%%48^486^486DC400%%CampaignView.tpl.php on line 1089
Stack trace:
#0 /var/www/html/include/Smarty/Smarty.class.php(1269): include()
#1 /var/www/html/include/Smarty/Smarty.class.php(1119): Smarty->fetch('CampaignView.tp...', NULL, NULL, true)
#2 /var/www/html/app/view/CampaignView.php(66): Smarty->display('CampaignView.tp...')
#3 /var/www/html/app/view/View.php(47): app_view_CampaignView->doExecute()
#4 /var/www/html/app/controller/Controller.php(271): app_view_View->execute()
#5 /var/www/html/app/controller/Controller.php(249): app_controller_Controller->forward('CampaignView')
#6 /var/www/html/app/controller/Controller.php(79): app_controller_Controller->handleRequest()
#7 /var/www/html/index.php(145): app_controller_Controller::run()
#8 {main}

[2026-03-09 13:54:49] count(): Argument #1 ($value) must be of type Countable|array, null given in /var/www/html/app/view/templates_c/%%48^486^486DC400%%CampaignView.tpl.php on line 1089
Stack trace:
#0 /var/www/html/include/Smarty/Smarty.class.php(1269): include()
#1 /var/www/html/include/Smarty/Smarty.class.php(1119): Smarty->fetch('CampaignView.tp...', NULL, NULL, true)
#2 /var/www/html/app/view/CampaignView.php(66): Smarty->display('CampaignView.tp...')
#3 /var/www/html/app/view/View.php(47): app_view_CampaignView->doExecute()
#4 /var/www/html/app/controller/Controller.php(271): app_view_View->execute()
#5 /var/www/html/app/controller/Controller.php(249): app_controller_Controller->forward('CampaignView')
#6 /var/www/html/app/controller/Controller.php(79): app_controller_Controller->handleRequest()
#7 /var/www/html/index.php(145): app_controller_Controller::run()
#8 {main}

[2026-03-09 14:09:34] Call to a member function getId() on null in /var/www/html/app/view/templates_c/%%48^486^486DC400%%CampaignView.tpl.php on line 684
Stack trace:
#0 /var/www/html/include/Smarty/Smarty.class.php(1269): include()
#1 /var/www/html/include/Smarty/Smarty.class.php(1119): Smarty->fetch('CampaignView.tp...', NULL, NULL, true)
#2 /var/www/html/app/view/CampaignView.php(66): Smarty->display('CampaignView.tp...')
#3 /var/www/html/app/view/View.php(47): app_view_CampaignView->doExecute()
#4 /var/www/html/app/controller/Controller.php(271): app_view_View->execute()
#5 /var/www/html/app/controller/Controller.php(249): app_controller_Controller->forward('CampaignView')
#6 /var/www/html/app/controller/Controller.php(79): app_controller_Controller->handleRequest()
#7 /var/www/html/index.php(145): app_controller_Controller::run()
#8 {main}

[2026-03-09 14:10:12] count(): Argument #1 ($value) must be of type Countable|array, null given in /var/www/html/app/view/templates_c/%%48^486^486DC400%%CampaignView.tpl.php on line 1089
Stack trace:
#0 /var/www/html/include/Smarty/Smarty.class.php(1269): include()
#1 /var/www/html/include/Smarty/Smarty.class.php(1119): Smarty->fetch('CampaignView.tp...', NULL, NULL, true)
#2 /var/www/html/app/view/CampaignView.php(66): Smarty->display('CampaignView.tp...')
#3 /var/www/html/app/view/View.php(47): app_view_CampaignView->doExecute()
#4 /var/www/html/app/controller/Controller.php(271): app_view_View->execute()
#5 /var/www/html/app/controller/Controller.php(249): app_controller_Controller->forward('CampaignView')
#6 /var/www/html/app/controller/Controller.php(79): app_controller_Controller->handleRequest()
#7 /var/www/html/index.php(145): app_controller_Controller::run()
#8 {main}

[2026-03-10 04:18:38] Call to a member function getId() on null in /var/www/html/app/view/templates_c/%%48^486^486DC400%%CampaignView.tpl.php on line 684
Stack trace:
#0 /var/www/html/include/Smarty/Smarty.class.php(1269): include()
#1 /var/www/html/include/Smarty/Smarty.class.php(1119): Smarty->fetch('CampaignView.tp...', NULL, NULL, true)
#2 /var/www/html/app/view/CampaignView.php(66): Smarty->display('CampaignView.tp...')
#3 /var/www/html/app/view/View.php(47): app_view_CampaignView->doExecute()
#4 /var/www/html/app/controller/Controller.php(271): app_view_View->execute()
#5 /var/www/html/app/controller/Controller.php(249): app_controller_Controller->forward('CampaignView')
#6 /var/www/html/app/controller/Controller.php(79): app_controller_Controller->handleRequest()
#7 /var/www/html/index.php(145): app_controller_Controller::run()
#8 {main}

[2026-03-10 04:19:12] count(): Argument #1 ($value) must be of type Countable|array, null given in /var/www/html/app/view/templates_c/%%48^486^486DC400%%CampaignView.tpl.php on line 1089
Stack trace:
#0 /var/www/html/include/Smarty/Smarty.class.php(1269): include()
#1 /var/www/html/include/Smarty/Smarty.class.php(1119): Smarty->fetch('CampaignView.tp...', NULL, NULL, true)
#2 /var/www/html/app/view/CampaignView.php(66): Smarty->display('CampaignView.tp...')
#3 /var/www/html/app/view/View.php(47): app_view_CampaignView->doExecute()
#4 /var/www/html/app/controller/Controller.php(271): app_view_View->execute()
#5 /var/www/html/app/controller/Controller.php(249): app_controller_Controller->forward('CampaignView')
#6 /var/www/html/app/controller/Controller.php(79): app_controller_Controller->handleRequest()
#7 /var/www/html/index.php(145): app_controller_Controller::run()
#8 {main}

[2026-03-10 04:22:45] Call to a member function getId() on null in /var/www/html/app/view/templates_c/%%48^486^486DC400%%CampaignView.tpl.php on line 684
Stack trace:
#0 /var/www/html/include/Smarty/Smarty.class.php(1269): include()
#1 /var/www/html/include/Smarty/Smarty.class.php(1119): Smarty->fetch('CampaignView.tp...', NULL, NULL, true)
#2 /var/www/html/app/view/CampaignView.php(66): Smarty->display('CampaignView.tp...')
#3 /var/www/html/app/view/View.php(47): app_view_CampaignView->doExecute()
#4 /var/www/html/app/controller/Controller.php(271): app_view_View->execute()
#5 /var/www/html/app/controller/Controller.php(249): app_controller_Controller->forward('CampaignView')
#6 /var/www/html/app/controller/Controller.php(79): app_controller_Controller->handleRequest()
#7 /var/www/html/index.php(145): app_controller_Controller::run()
#8 {main}

[2026-03-10 04:33:29] Call to a member function getId() on null in /var/www/html/app/view/templates_c/%%48^486^486DC400%%CampaignView.tpl.php on line 684
Stack trace:
#0 /var/www/html/include/Smarty/Smarty.class.php(1269): include()
#1 /var/www/html/include/Smarty/Smarty.class.php(1119): Smarty->fetch('CampaignView.tp...', NULL, NULL, true)
#2 /var/www/html/app/view/CampaignView.php(66): Smarty->display('CampaignView.tp...')
#3 /var/www/html/app/view/View.php(47): app_view_CampaignView->doExecute()
#4 /var/www/html/app/controller/Controller.php(271): app_view_View->execute()
#5 /var/www/html/app/controller/Controller.php(249): app_controller_Controller->forward('CampaignView')
#6 /var/www/html/app/controller/Controller.php(79): app_controller_Controller->handleRequest()
#7 /var/www/html/index.php(145): app_controller_Controller::run()
#8 {main}

[2026-03-10 04:34:08] count(): Argument #1 ($value) must be of type Countable|array, null given in /var/www/html/app/view/templates_c/%%48^486^486DC400%%CampaignView.tpl.php on line 1089
Stack trace:
#0 /var/www/html/include/Smarty/Smarty.class.php(1269): include()
#1 /var/www/html/include/Smarty/Smarty.class.php(1119): Smarty->fetch('CampaignView.tp...', NULL, NULL, true)
#2 /var/www/html/app/view/CampaignView.php(66): Smarty->display('CampaignView.tp...')
#3 /var/www/html/app/view/View.php(47): app_view_CampaignView->doExecute()
#4 /var/www/html/app/controller/Controller.php(271): app_view_View->execute()
#5 /var/www/html/app/controller/Controller.php(249): app_controller_Controller->forward('CampaignView')
#6 /var/www/html/app/controller/Controller.php(79): app_controller_Controller->handleRequest()
#7 /var/www/html/index.php(145): app_controller_Controller::run()
#8 {main}

[2026-03-10 04:41:49] Call to a member function getId() on null in /var/www/html/app/view/templates_c/%%48^486^486DC400%%CampaignView.tpl.php on line 684
Stack trace:
#0 /var/www/html/include/Smarty/Smarty.class.php(1269): include()
#1 /var/www/html/include/Smarty/Smarty.class.php(1119): Smarty->fetch('CampaignView.tp...', NULL, NULL, true)
#2 /var/www/html/app/view/CampaignView.php(66): Smarty->display('CampaignView.tp...')
#3 /var/www/html/app/view/View.php(47): app_view_CampaignView->doExecute()
#4 /var/www/html/app/controller/Controller.php(271): app_view_View->execute()
#5 /var/www/html/app/controller/Controller.php(249): app_controller_Controller->forward('CampaignView')
#6 /var/www/html/app/controller/Controller.php(79): app_controller_Controller->handleRequest()
#7 /var/www/html/index.php(145): app_controller_Controller::run()
#8 {main}

[2026-03-10 04:42:57] count(): Argument #1 ($value) must be of type Countable|array, null given in /var/www/html/app/view/templates_c/%%48^486^486DC400%%CampaignView.tpl.php on line 1089
Stack trace:
#0 /var/www/html/include/Smarty/Smarty.class.php(1269): include()
#1 /var/www/html/include/Smarty/Smarty.class.php(1119): Smarty->fetch('CampaignView.tp...', NULL, NULL, true)
#2 /var/www/html/app/view/CampaignView.php(66): Smarty->display('CampaignView.tp...')
#3 /var/www/html/app/view/View.php(47): app_view_CampaignView->doExecute()
#4 /var/www/html/app/controller/Controller.php(271): app_view_View->execute()
#5 /var/www/html/app/controller/Controller.php(249): app_controller_Controller->forward('CampaignView')
#6 /var/www/html/app/controller/Controller.php(79): app_controller_Controller->handleRequest()
#7 /var/www/html/index.php(145): app_controller_Controller::run()
#8 {main}

[2026-03-10 04:56:35] Call to a member function getId() on null in /var/www/html/app/view/templates_c/%%48^486^486DC400%%CampaignView.tpl.php on line 684
Stack trace:
#0 /var/www/html/include/Smarty/Smarty.class.php(1269): include()
#1 /var/www/html/include/Smarty/Smarty.class.php(1119): Smarty->fetch('CampaignView.tp...', NULL, NULL, true)
#2 /var/www/html/app/view/CampaignView.php(66): Smarty->display('CampaignView.tp...')
#3 /var/www/html/app/view/View.php(47): app_view_CampaignView->doExecute()
#4 /var/www/html/app/controller/Controller.php(271): app_view_View->execute()
#5 /var/www/html/app/controller/Controller.php(249): app_controller_Controller->forward('CampaignView')
#6 /var/www/html/app/controller/Controller.php(79): app_controller_Controller->handleRequest()
#7 /var/www/html/index.php(145): app_controller_Controller::run()
#8 {main}

[2026-03-10 04:56:44] Call to a member function getId() on null in /var/www/html/app/view/templates_c/%%48^486^486DC400%%CampaignView.tpl.php on line 684
Stack trace:
#0 /var/www/html/include/Smarty/Smarty.class.php(1269): include()
#1 /var/www/html/include/Smarty/Smarty.class.php(1119): Smarty->fetch('CampaignView.tp...', NULL, NULL, true)
#2 /var/www/html/app/view/CampaignView.php(66): Smarty->display('CampaignView.tp...')
#3 /var/www/html/app/view/View.php(47): app_view_CampaignView->doExecute()
#4 /var/www/html/app/controller/Controller.php(271): app_view_View->execute()
#5 /var/www/html/app/controller/Controller.php(249): app_controller_Controller->forward('CampaignView')
#6 /var/www/html/app/controller/Controller.php(79): app_controller_Controller->handleRequest()
#7 /var/www/html/index.php(145): app_controller_Controller::run()
#8 {main}

[2026-03-10 04:57:12] count(): Argument #1 ($value) must be of type Countable|array, null given in /var/www/html/app/view/templates_c/%%48^486^486DC400%%CampaignView.tpl.php on line 1089
Stack trace:
#0 /var/www/html/include/Smarty/Smarty.class.php(1269): include()
#1 /var/www/html/include/Smarty/Smarty.class.php(1119): Smarty->fetch('CampaignView.tp...', NULL, NULL, true)
#2 /var/www/html/app/view/CampaignView.php(66): Smarty->display('CampaignView.tp...')
#3 /var/www/html/app/view/View.php(47): app_view_CampaignView->doExecute()
#4 /var/www/html/app/controller/Controller.php(271): app_view_View->execute()
#5 /var/www/html/app/controller/Controller.php(249): app_controller_Controller->forward('CampaignView')
#6 /var/www/html/app/controller/Controller.php(79): app_controller_Controller->handleRequest()
#7 /var/www/html/index.php(145): app_controller_Controller::run()
#8 {main}

[2026-03-10 05:00:57] Call to a member function getId() on null in /var/www/html/app/view/templates_c/%%48^486^486DC400%%CampaignView.tpl.php on line 684
Stack trace:
#0 /var/www/html/include/Smarty/Smarty.class.php(1269): include()
#1 /var/www/html/include/Smarty/Smarty.class.php(1119): Smarty->fetch('CampaignView.tp...', NULL, NULL, true)
#2 /var/www/html/app/view/CampaignView.php(66): Smarty->display('CampaignView.tp...')
#3 /var/www/html/app/view/View.php(47): app_view_CampaignView->doExecute()
#4 /var/www/html/app/controller/Controller.php(271): app_view_View->execute()
#5 /var/www/html/app/controller/Controller.php(249): app_controller_Controller->forward('CampaignView')
#6 /var/www/html/app/controller/Controller.php(79): app_controller_Controller->handleRequest()
#7 /var/www/html/index.php(145): app_controller_Controller::run()
#8 {main}

[2026-03-10 05:02:16] count(): Argument #1 ($value) must be of type Countable|array, null given in /var/www/html/app/view/templates_c/%%48^486^486DC400%%CampaignView.tpl.php on line 1089
Stack trace:
#0 /var/www/html/include/Smarty/Smarty.class.php(1269): include()
#1 /var/www/html/include/Smarty/Smarty.class.php(1119): Smarty->fetch('CampaignView.tp...', NULL, NULL, true)
#2 /var/www/html/app/view/CampaignView.php(66): Smarty->display('CampaignView.tp...')
#3 /var/www/html/app/view/View.php(47): app_view_CampaignView->doExecute()
#4 /var/www/html/app/controller/Controller.php(271): app_view_View->execute()
#5 /var/www/html/app/controller/Controller.php(249): app_controller_Controller->forward('CampaignView')
#6 /var/www/html/app/controller/Controller.php(79): app_controller_Controller->handleRequest()
#7 /var/www/html/index.php(145): app_controller_Controller::run()
#8 {main}

[2026-03-10 05:02:44] count(): Argument #1 ($value) must be of type Countable|array, null given in /var/www/html/app/view/templates_c/%%48^486^486DC400%%CampaignView.tpl.php on line 1089
Stack trace:
#0 /var/www/html/include/Smarty/Smarty.class.php(1269): include()
#1 /var/www/html/include/Smarty/Smarty.class.php(1119): Smarty->fetch('CampaignView.tp...', NULL, NULL, true)
#2 /var/www/html/app/view/CampaignView.php(66): Smarty->display('CampaignView.tp...')
#3 /var/www/html/app/view/View.php(47): app_view_CampaignView->doExecute()
#4 /var/www/html/app/controller/Controller.php(271): app_view_View->execute()
#5 /var/www/html/app/controller/Controller.php(249): app_controller_Controller->forward('CampaignView')
#6 /var/www/html/app/controller/Controller.php(79): app_controller_Controller->handleRequest()
#7 /var/www/html/index.php(145): app_controller_Controller::run()
#8 {main}

[2026-03-10 05:03:10] count(): Argument #1 ($value) must be of type Countable|array, null given in /var/www/html/app/view/templates_c/%%48^486^486DC400%%CampaignView.tpl.php on line 1089
Stack trace:
#0 /var/www/html/include/Smarty/Smarty.class.php(1269): include()
#1 /var/www/html/include/Smarty/Smarty.class.php(1119): Smarty->fetch('CampaignView.tp...', NULL, NULL, true)
#2 /var/www/html/app/view/CampaignView.php(66): Smarty->display('CampaignView.tp...')
#3 /var/www/html/app/view/View.php(47): app_view_CampaignView->doExecute()
#4 /var/www/html/app/controller/Controller.php(271): app_view_View->execute()
#5 /var/www/html/app/controller/Controller.php(249): app_controller_Controller->forward('CampaignView')
#6 /var/www/html/app/controller/Controller.php(79): app_controller_Controller->handleRequest()
#7 /var/www/html/index.php(145): app_controller_Controller::run()
#8 {main}

[2026-03-10 05:13:55] Call to a member function getId() on null in /var/www/html/app/view/templates_c/%%48^486^486DC400%%CampaignView.tpl.php on line 684
Stack trace:
#0 /var/www/html/include/Smarty/Smarty.class.php(1269): include()
#1 /var/www/html/include/Smarty/Smarty.class.php(1119): Smarty->fetch('CampaignView.tp...', NULL, NULL, true)
#2 /var/www/html/app/view/CampaignView.php(66): Smarty->display('CampaignView.tp...')
#3 /var/www/html/app/view/View.php(47): app_view_CampaignView->doExecute()
#4 /var/www/html/app/controller/Controller.php(271): app_view_View->execute()
#5 /var/www/html/app/controller/Controller.php(249): app_controller_Controller->forward('CampaignView')
#6 /var/www/html/app/controller/Controller.php(79): app_controller_Controller->handleRequest()
#7 /var/www/html/index.php(152): app_controller_Controller::run()
#8 {main}

[2026-03-10 05:15:22] count(): Argument #1 ($value) must be of type Countable|array, null given in /var/www/html/app/view/templates_c/%%48^486^486DC400%%CampaignView.tpl.php on line 1089
Stack trace:
#0 /var/www/html/include/Smarty/Smarty.class.php(1269): include()
#1 /var/www/html/include/Smarty/Smarty.class.php(1119): Smarty->fetch('CampaignView.tp...', NULL, NULL, true)
#2 /var/www/html/app/view/CampaignView.php(66): Smarty->display('CampaignView.tp...')
#3 /var/www/html/app/view/View.php(47): app_view_CampaignView->doExecute()
#4 /var/www/html/app/controller/Controller.php(271): app_view_View->execute()
#5 /var/www/html/app/controller/Controller.php(249): app_controller_Controller->forward('CampaignView')
#6 /var/www/html/app/controller/Controller.php(79): app_controller_Controller->handleRequest()
#7 /var/www/html/index.php(152): app_controller_Controller::run()
#8 {main}

[2026-03-10 05:15:28] Call to a member function getId() on null in /var/www/html/app/view/templates_c/%%48^486^486DC400%%CampaignView.tpl.php on line 684
Stack trace:
#0 /var/www/html/include/Smarty/Smarty.class.php(1269): include()
#1 /var/www/html/include/Smarty/Smarty.class.php(1119): Smarty->fetch('CampaignView.tp...', NULL, NULL, true)
#2 /var/www/html/app/view/CampaignView.php(66): Smarty->display('CampaignView.tp...')
#3 /var/www/html/app/view/View.php(47): app_view_CampaignView->doExecute()
#4 /var/www/html/app/controller/Controller.php(271): app_view_View->execute()
#5 /var/www/html/app/controller/Controller.php(249): app_controller_Controller->forward('CampaignView')
#6 /var/www/html/app/controller/Controller.php(79): app_controller_Controller->handleRequest()
#7 /var/www/html/index.php(152): app_controller_Controller::run()
#8 {main}

[2026-03-10 05:23:45] Call to a member function getId() on null in /var/www/html/app/view/templates_c/%%48^486^486DC400%%CampaignView.tpl.php on line 684
Stack trace:
#0 /var/www/html/include/Smarty/Smarty.class.php(1269): include()
#1 /var/www/html/include/Smarty/Smarty.class.php(1119): Smarty->fetch('CampaignView.tp...', NULL, NULL, true)
#2 /var/www/html/app/view/CampaignView.php(66): Smarty->display('CampaignView.tp...')
#3 /var/www/html/app/view/View.php(47): app_view_CampaignView->doExecute()
#4 /var/www/html/app/controller/Controller.php(271): app_view_View->execute()
#5 /var/www/html/app/controller/Controller.php(249): app_controller_Controller->forward('CampaignView')
#6 /var/www/html/app/controller/Controller.php(79): app_controller_Controller->handleRequest()
#7 /var/www/html/index.php(152): app_controller_Controller::run()
#8 {main}

[2026-03-10 05:24:48] Call to a member function getId() on null in /var/www/html/app/view/templates_c/%%48^486^486DC400%%CampaignView.tpl.php on line 684
Stack trace:
#0 /var/www/html/include/Smarty/Smarty.class.php(1269): include()
#1 /var/www/html/include/Smarty/Smarty.class.php(1119): Smarty->fetch('CampaignView.tp...', NULL, NULL, true)
#2 /var/www/html/app/view/CampaignView.php(66): Smarty->display('CampaignView.tp...')
#3 /var/www/html/app/view/View.php(47): app_view_CampaignView->doExecute()
#4 /var/www/html/app/controller/Controller.php(271): app_view_View->execute()
#5 /var/www/html/app/controller/Controller.php(249): app_controller_Controller->forward('CampaignView')
#6 /var/www/html/app/controller/Controller.php(79): app_controller_Controller->handleRequest()
#7 /var/www/html/index.php(152): app_controller_Controller::run()
#8 {main}

[2026-03-10 05:25:17] count(): Argument #1 ($value) must be of type Countable|array, null given in /var/www/html/app/view/templates_c/%%48^486^486DC400%%CampaignView.tpl.php on line 1089
Stack trace:
#0 /var/www/html/include/Smarty/Smarty.class.php(1269): include()
#1 /var/www/html/include/Smarty/Smarty.class.php(1119): Smarty->fetch('CampaignView.tp...', NULL, NULL, true)
#2 /var/www/html/app/view/CampaignView.php(66): Smarty->display('CampaignView.tp...')
#3 /var/www/html/app/view/View.php(47): app_view_CampaignView->doExecute()
#4 /var/www/html/app/controller/Controller.php(271): app_view_View->execute()
#5 /var/www/html/app/controller/Controller.php(249): app_controller_Controller->forward('CampaignView')
#6 /var/www/html/app/controller/Controller.php(79): app_controller_Controller->handleRequest()
#7 /var/www/html/index.php(152): app_controller_Controller::run()
#8 {main}

[2026-03-10 05:25:49] count(): Argument #1 ($value) must be of type Countable|array, null given in /var/www/html/app/view/templates_c/%%48^486^486DC400%%CampaignView.tpl.php on line 1089
Stack trace:
#0 /var/www/html/include/Smarty/Smarty.class.php(1269): include()
#1 /var/www/html/include/Smarty/Smarty.class.php(1119): Smarty->fetch('CampaignView.tp...', NULL, NULL, true)
#2 /var/www/html/app/view/CampaignView.php(66): Smarty->display('CampaignView.tp...')
#3 /var/www/html/app/view/View.php(47): app_view_CampaignView->doExecute()
#4 /var/www/html/app/controller/Controller.php(271): app_view_View->execute()
#5 /var/www/html/app/controller/Controller.php(249): app_controller_Controller->forward('CampaignView')
#6 /var/www/html/app/controller/Controller.php(79): app_controller_Controller->handleRequest()
#7 /var/www/html/index.php(152): app_controller_Controller::run()
#8 {main}

[2026-03-10 05:27:10] count(): Argument #1 ($value) must be of type Countable|array, null given in /var/www/html/app/view/templates_c/%%48^486^486DC400%%CampaignView.tpl.php on line 1089
Stack trace:
#0 /var/www/html/include/Smarty/Smarty.class.php(1269): include()
#1 /var/www/html/include/Smarty/Smarty.class.php(1119): Smarty->fetch('CampaignView.tp...', NULL, NULL, true)
#2 /var/www/html/app/view/CampaignView.php(66): Smarty->display('CampaignView.tp...')
#3 /var/www/html/app/view/View.php(47): app_view_CampaignView->doExecute()
#4 /var/www/html/app/controller/Controller.php(271): app_view_View->execute()
#5 /var/www/html/app/controller/Controller.php(249): app_controller_Controller->forward('CampaignView')
#6 /var/www/html/app/controller/Controller.php(79): app_controller_Controller->handleRequest()
#7 /var/www/html/index.php(152): app_controller_Controller::run()
#8 {main}

[2026-03-10 05:28:32] count(): Argument #1 ($value) must be of type Countable|array, null given in /var/www/html/app/view/templates_c/%%48^486^486DC400%%CampaignView.tpl.php on line 1089
Stack trace:
#0 /var/www/html/include/Smarty/Smarty.class.php(1269): include()
#1 /var/www/html/include/Smarty/Smarty.class.php(1119): Smarty->fetch('CampaignView.tp...', NULL, NULL, true)
#2 /var/www/html/app/view/CampaignView.php(66): Smarty->display('CampaignView.tp...')
#3 /var/www/html/app/view/View.php(47): app_view_CampaignView->doExecute()
#4 /var/www/html/app/controller/Controller.php(271): app_view_View->execute()
#5 /var/www/html/app/controller/Controller.php(249): app_controller_Controller->forward('CampaignView')
#6 /var/www/html/app/controller/Controller.php(79): app_controller_Controller->handleRequest()
#7 /var/www/html/index.php(152): app_controller_Controller::run()
#8 {main}

[2026-03-10 05:30:00] count(): Argument #1 ($value) must be of type Countable|array, null given in /var/www/html/app/view/templates_c/%%48^486^486DC400%%CampaignView.tpl.php on line 1089
Stack trace:
#0 /var/www/html/include/Smarty/Smarty.class.php(1269): include()
#1 /var/www/html/include/Smarty/Smarty.class.php(1119): Smarty->fetch('CampaignView.tp...', NULL, NULL, true)
#2 /var/www/html/app/view/CampaignView.php(66): Smarty->display('CampaignView.tp...')
#3 /var/www/html/app/view/View.php(47): app_view_CampaignView->doExecute()
#4 /var/www/html/app/controller/Controller.php(271): app_view_View->execute()
#5 /var/www/html/app/controller/Controller.php(249): app_controller_Controller->forward('CampaignView')
#6 /var/www/html/app/controller/Controller.php(79): app_controller_Controller->handleRequest()
#7 /var/www/html/index.php(152): app_controller_Controller::run()
#8 {main}

[2026-03-10 05:32:45] Call to a member function getId() on null in /var/www/html/app/view/templates_c/%%48^486^486DC400%%CampaignView.tpl.php on line 684
Stack trace:
#0 /var/www/html/include/Smarty/Smarty.class.php(1269): include()
#1 /var/www/html/include/Smarty/Smarty.class.php(1119): Smarty->fetch('CampaignView.tp...', NULL, NULL, true)
#2 /var/www/html/app/view/CampaignView.php(66): Smarty->display('CampaignView.tp...')
#3 /var/www/html/app/view/View.php(47): app_view_CampaignView->doExecute()
#4 /var/www/html/app/controller/Controller.php(271): app_view_View->execute()
#5 /var/www/html/app/controller/Controller.php(249): app_controller_Controller->forward('CampaignView')
#6 /var/www/html/app/controller/Controller.php(79): app_controller_Controller->handleRequest()
#7 /var/www/html/index.php(153): app_controller_Controller::run()
#8 {main}

[2026-03-10 05:33:19] count(): Argument #1 ($value) must be of type Countable|array, null given in /var/www/html/app/view/templates_c/%%48^486^486DC400%%CampaignView.tpl.php on line 1089
Stack trace:
#0 /var/www/html/include/Smarty/Smarty.class.php(1269): include()
#1 /var/www/html/include/Smarty/Smarty.class.php(1119): Smarty->fetch('CampaignView.tp...', NULL, NULL, true)
#2 /var/www/html/app/view/CampaignView.php(66): Smarty->display('CampaignView.tp...')
#3 /var/www/html/app/view/View.php(47): app_view_CampaignView->doExecute()
#4 /var/www/html/app/controller/Controller.php(271): app_view_View->execute()
#5 /var/www/html/app/controller/Controller.php(249): app_controller_Controller->forward('CampaignView')
#6 /var/www/html/app/controller/Controller.php(79): app_controller_Controller->handleRequest()
#7 /var/www/html/index.php(153): app_controller_Controller::run()
#8 {main}

[2026-03-10 05:33:47] Call to a member function getId() on null in /var/www/html/app/view/templates_c/%%48^486^486DC400%%CampaignView.tpl.php on line 684
Stack trace:
#0 /var/www/html/include/Smarty/Smarty.class.php(1269): include()
#1 /var/www/html/include/Smarty/Smarty.class.php(1119): Smarty->fetch('CampaignView.tp...', NULL, NULL, true)
#2 /var/www/html/app/view/CampaignView.php(66): Smarty->display('CampaignView.tp...')
#3 /var/www/html/app/view/View.php(47): app_view_CampaignView->doExecute()
#4 /var/www/html/app/controller/Controller.php(271): app_view_View->execute()
#5 /var/www/html/app/controller/Controller.php(249): app_controller_Controller->forward('CampaignView')
#6 /var/www/html/app/controller/Controller.php(79): app_controller_Controller->handleRequest()
#7 /var/www/html/index.php(153): app_controller_Controller::run()
#8 {main}

[2026-03-10 05:34:20] count(): Argument #1 ($value) must be of type Countable|array, null given in /var/www/html/app/view/templates_c/%%48^486^486DC400%%CampaignView.tpl.php on line 1089
Stack trace:
#0 /var/www/html/include/Smarty/Smarty.class.php(1269): include()
#1 /var/www/html/include/Smarty/Smarty.class.php(1119): Smarty->fetch('CampaignView.tp...', NULL, NULL, true)
#2 /var/www/html/app/view/CampaignView.php(66): Smarty->display('CampaignView.tp...')
#3 /var/www/html/app/view/View.php(47): app_view_CampaignView->doExecute()
#4 /var/www/html/app/controller/Controller.php(271): app_view_View->execute()
#5 /var/www/html/app/controller/Controller.php(249): app_controller_Controller->forward('CampaignView')
#6 /var/www/html/app/controller/Controller.php(79): app_controller_Controller->handleRequest()
#7 /var/www/html/index.php(153): app_controller_Controller::run()
#8 {main}

[2026-03-10 05:37:24] Call to a member function getId() on null in /var/www/html/app/view/templates_c/%%48^486^486DC400%%CampaignView.tpl.php on line 684
Stack trace:
#0 /var/www/html/include/Smarty/Smarty.class.php(1269): include()
#1 /var/www/html/include/Smarty/Smarty.class.php(1119): Smarty->fetch('CampaignView.tp...', NULL, NULL, true)
#2 /var/www/html/app/view/CampaignView.php(66): Smarty->display('CampaignView.tp...')
#3 /var/www/html/app/view/View.php(47): app_view_CampaignView->doExecute()
#4 /var/www/html/app/controller/Controller.php(271): app_view_View->execute()
#5 /var/www/html/app/controller/Controller.php(249): app_controller_Controller->forward('CampaignView')
#6 /var/www/html/app/controller/Controller.php(79): app_controller_Controller->handleRequest()
#7 /var/www/html/index.php(153): app_controller_Controller::run()
#8 {main}

[2026-03-10 05:37:58] count(): Argument #1 ($value) must be of type Countable|array, null given in /var/www/html/app/view/templates_c/%%48^486^486DC400%%CampaignView.tpl.php on line 1089
Stack trace:
#0 /var/www/html/include/Smarty/Smarty.class.php(1269): include()
#1 /var/www/html/include/Smarty/Smarty.class.php(1119): Smarty->fetch('CampaignView.tp...', NULL, NULL, true)
#2 /var/www/html/app/view/CampaignView.php(66): Smarty->display('CampaignView.tp...')
#3 /var/www/html/app/view/View.php(47): app_view_CampaignView->doExecute()
#4 /var/www/html/app/controller/Controller.php(271): app_view_View->execute()
#5 /var/www/html/app/controller/Controller.php(249): app_controller_Controller->forward('CampaignView')
#6 /var/www/html/app/controller/Controller.php(79): app_controller_Controller->handleRequest()
#7 /var/www/html/index.php(153): app_controller_Controller::run()
#8 {main}

[2026-03-10 05:42:40] Call to a member function getId() on null in /var/www/html/app/view/templates_c/%%48^486^486DC400%%CampaignView.tpl.php on line 684
Stack trace:
#0 /var/www/html/include/Smarty/Smarty.class.php(1269): include()
#1 /var/www/html/include/Smarty/Smarty.class.php(1119): Smarty->fetch('CampaignView.tp...', NULL, NULL, true)
#2 /var/www/html/app/view/CampaignView.php(66): Smarty->display('CampaignView.tp...')
#3 /var/www/html/app/view/View.php(47): app_view_CampaignView->doExecute()
#4 /var/www/html/app/controller/Controller.php(271): app_view_View->execute()
#5 /var/www/html/app/controller/Controller.php(249): app_controller_Controller->forward('CampaignView')
#6 /var/www/html/app/controller/Controller.php(79): app_controller_Controller->handleRequest()
#7 /var/www/html/index.php(153): app_controller_Controller::run()
#8 {main}

[2026-03-10 05:43:18] count(): Argument #1 ($value) must be of type Countable|array, null given in /var/www/html/app/view/templates_c/%%48^486^486DC400%%CampaignView.tpl.php on line 1089
Stack trace:
#0 /var/www/html/include/Smarty/Smarty.class.php(1269): include()
#1 /var/www/html/include/Smarty/Smarty.class.php(1119): Smarty->fetch('CampaignView.tp...', NULL, NULL, true)
#2 /var/www/html/app/view/CampaignView.php(66): Smarty->display('CampaignView.tp...')
#3 /var/www/html/app/view/View.php(47): app_view_CampaignView->doExecute()
#4 /var/www/html/app/controller/Controller.php(271): app_view_View->execute()
#5 /var/www/html/app/controller/Controller.php(249): app_controller_Controller->forward('CampaignView')
#6 /var/www/html/app/controller/Controller.php(79): app_controller_Controller->handleRequest()
#7 /var/www/html/index.php(153): app_controller_Controller::run()
#8 {main}

[2026-03-10 05:45:02] Call to a member function getId() on null in /var/www/html/app/view/templates_c/%%48^486^486DC400%%CampaignView.tpl.php on line 684
Stack trace:
#0 /var/www/html/include/Smarty/Smarty.class.php(1269): include()
#1 /var/www/html/include/Smarty/Smarty.class.php(1119): Smarty->fetch('CampaignView.tp...', NULL, NULL, true)
#2 /var/www/html/app/view/CampaignView.php(66): Smarty->display('CampaignView.tp...')
#3 /var/www/html/app/view/View.php(47): app_view_CampaignView->doExecute()
#4 /var/www/html/app/controller/Controller.php(271): app_view_View->execute()
#5 /var/www/html/app/controller/Controller.php(249): app_controller_Controller->forward('CampaignView')
#6 /var/www/html/app/controller/Controller.php(79): app_controller_Controller->handleRequest()
#7 /var/www/html/index.php(153): app_controller_Controller::run()
#8 {main}

[2026-03-10 05:45:36] count(): Argument #1 ($value) must be of type Countable|array, null given in /var/www/html/app/view/templates_c/%%48^486^486DC400%%CampaignView.tpl.php on line 1089
Stack trace:
#0 /var/www/html/include/Smarty/Smarty.class.php(1269): include()
#1 /var/www/html/include/Smarty/Smarty.class.php(1119): Smarty->fetch('CampaignView.tp...', NULL, NULL, true)
#2 /var/www/html/app/view/CampaignView.php(66): Smarty->display('CampaignView.tp...')
#3 /var/www/html/app/view/View.php(47): app_view_CampaignView->doExecute()
#4 /var/www/html/app/controller/Controller.php(271): app_view_View->execute()
#5 /var/www/html/app/controller/Controller.php(249): app_controller_Controller->forward('CampaignView')
#6 /var/www/html/app/controller/Controller.php(79): app_controller_Controller->handleRequest()
#7 /var/www/html/index.php(153): app_controller_Controller::run()
#8 {main}

[2026-03-10 05:46:57] count(): Argument #1 ($value) must be of type Countable|array, null given in /var/www/html/app/view/templates_c/%%48^486^486DC400%%CampaignView.tpl.php on line 1089
Stack trace:
#0 /var/www/html/include/Smarty/Smarty.class.php(1269): include()
#1 /var/www/html/include/Smarty/Smarty.class.php(1119): Smarty->fetch('CampaignView.tp...', NULL, NULL, true)
#2 /var/www/html/app/view/CampaignView.php(66): Smarty->display('CampaignView.tp...')
#3 /var/www/html/app/view/View.php(47): app_view_CampaignView->doExecute()
#4 /var/www/html/app/controller/Controller.php(271): app_view_View->execute()
#5 /var/www/html/app/controller/Controller.php(249): app_controller_Controller->forward('CampaignView')
#6 /var/www/html/app/controller/Controller.php(79): app_controller_Controller->handleRequest()
#7 /var/www/html/index.php(153): app_controller_Controller::run()
#8 {main}

[2026-03-10 05:47:21] count(): Argument #1 ($value) must be of type Countable|array, null given in /var/www/html/app/view/templates_c/%%48^486^486DC400%%CampaignView.tpl.php on line 1089
Stack trace:
#0 /var/www/html/include/Smarty/Smarty.class.php(1269): include()
#1 /var/www/html/include/Smarty/Smarty.class.php(1119): Smarty->fetch('CampaignView.tp...', NULL, NULL, true)
#2 /var/www/html/app/view/CampaignView.php(66): Smarty->display('CampaignView.tp...')
#3 /var/www/html/app/view/View.php(47): app_view_CampaignView->doExecute()
#4 /var/www/html/app/controller/Controller.php(271): app_view_View->execute()
#5 /var/www/html/app/controller/Controller.php(249): app_controller_Controller->forward('CampaignView')
#6 /var/www/html/app/controller/Controller.php(79): app_controller_Controller->handleRequest()
#7 /var/www/html/index.php(153): app_controller_Controller::run()
#8 {main}

[2026-03-10 05:47:32] Call to a member function getId() on null in /var/www/html/app/view/templates_c/%%48^486^486DC400%%CampaignView.tpl.php on line 684
Stack trace:
#0 /var/www/html/include/Smarty/Smarty.class.php(1269): include()
#1 /var/www/html/include/Smarty/Smarty.class.php(1119): Smarty->fetch('CampaignView.tp...', NULL, NULL, true)
#2 /var/www/html/app/view/CampaignView.php(66): Smarty->display('CampaignView.tp...')
#3 /var/www/html/app/view/View.php(47): app_view_CampaignView->doExecute()
#4 /var/www/html/app/controller/Controller.php(271): app_view_View->execute()
#5 /var/www/html/app/controller/Controller.php(249): app_controller_Controller->forward('CampaignView')
#6 /var/www/html/app/controller/Controller.php(79): app_controller_Controller->handleRequest()
#7 /var/www/html/index.php(153): app_controller_Controller::run()
#8 {main}

[2026-03-10 05:47:56] count(): Argument #1 ($value) must be of type Countable|array, null given in /var/www/html/app/view/templates_c/%%48^486^486DC400%%CampaignView.tpl.php on line 1089
Stack trace:
#0 /var/www/html/include/Smarty/Smarty.class.php(1269): include()
#1 /var/www/html/include/Smarty/Smarty.class.php(1119): Smarty->fetch('CampaignView.tp...', NULL, NULL, true)
#2 /var/www/html/app/view/CampaignView.php(66): Smarty->display('CampaignView.tp...')
#3 /var/www/html/app/view/View.php(47): app_view_CampaignView->doExecute()
#4 /var/www/html/app/controller/Controller.php(271): app_view_View->execute()
#5 /var/www/html/app/controller/Controller.php(249): app_controller_Controller->forward('CampaignView')
#6 /var/www/html/app/controller/Controller.php(79): app_controller_Controller->handleRequest()
#7 /var/www/html/index.php(153): app_controller_Controller::run()
#8 {main}

[2026-03-10 05:48:21] count(): Argument #1 ($value) must be of type Countable|array, null given in /var/www/html/app/view/templates_c/%%48^486^486DC400%%CampaignView.tpl.php on line 1089
Stack trace:
#0 /var/www/html/include/Smarty/Smarty.class.php(1269): include()
#1 /var/www/html/include/Smarty/Smarty.class.php(1119): Smarty->fetch('CampaignView.tp...', NULL, NULL, true)
#2 /var/www/html/app/view/CampaignView.php(66): Smarty->display('CampaignView.tp...')
#3 /var/www/html/app/view/View.php(47): app_view_CampaignView->doExecute()
#4 /var/www/html/app/controller/Controller.php(271): app_view_View->execute()
#5 /var/www/html/app/controller/Controller.php(249): app_controller_Controller->forward('CampaignView')
#6 /var/www/html/app/controller/Controller.php(79): app_controller_Controller->handleRequest()
#7 /var/www/html/index.php(153): app_controller_Controller::run()
#8 {main}

[2026-03-10 05:49:36] count(): Argument #1 ($value) must be of type Countable|array, null given in /var/www/html/app/view/templates_c/%%48^486^486DC400%%CampaignView.tpl.php on line 1089
Stack trace:
#0 /var/www/html/include/Smarty/Smarty.class.php(1269): include()
#1 /var/www/html/include/Smarty/Smarty.class.php(1119): Smarty->fetch('CampaignView.tp...', NULL, NULL, true)
#2 /var/www/html/app/view/CampaignView.php(66): Smarty->display('CampaignView.tp...')
#3 /var/www/html/app/view/View.php(47): app_view_CampaignView->doExecute()
#4 /var/www/html/app/controller/Controller.php(271): app_view_View->execute()
#5 /var/www/html/app/controller/Controller.php(249): app_controller_Controller->forward('CampaignView')
#6 /var/www/html/app/controller/Controller.php(79): app_controller_Controller->handleRequest()
#7 /var/www/html/index.php(153): app_controller_Controller::run()
#8 {main}

[2026-03-10 05:50:55] count(): Argument #1 ($value) must be of type Countable|array, null given in /var/www/html/app/view/templates_c/%%48^486^486DC400%%CampaignView.tpl.php on line 1089
Stack trace:
#0 /var/www/html/include/Smarty/Smarty.class.php(1269): include()
#1 /var/www/html/include/Smarty/Smarty.class.php(1119): Smarty->fetch('CampaignView.tp...', NULL, NULL, true)
#2 /var/www/html/app/view/CampaignView.php(66): Smarty->display('CampaignView.tp...')
#3 /var/www/html/app/view/View.php(47): app_view_CampaignView->doExecute()
#4 /var/www/html/app/controller/Controller.php(271): app_view_View->execute()
#5 /var/www/html/app/controller/Controller.php(249): app_controller_Controller->forward('CampaignView')
#6 /var/www/html/app/controller/Controller.php(79): app_controller_Controller->handleRequest()
#7 /var/www/html/index.php(153): app_controller_Controller::run()
#8 {main}

[2026-03-10 05:51:22] count(): Argument #1 ($value) must be of type Countable|array, null given in /var/www/html/app/view/templates_c/%%48^486^486DC400%%CampaignView.tpl.php on line 1089
Stack trace:
#0 /var/www/html/include/Smarty/Smarty.class.php(1269): include()
#1 /var/www/html/include/Smarty/Smarty.class.php(1119): Smarty->fetch('CampaignView.tp...', NULL, NULL, true)
#2 /var/www/html/app/view/CampaignView.php(66): Smarty->display('CampaignView.tp...')
#3 /var/www/html/app/view/View.php(47): app_view_CampaignView->doExecute()
#4 /var/www/html/app/controller/Controller.php(271): app_view_View->execute()
#5 /var/www/html/app/controller/Controller.php(249): app_controller_Controller->forward('CampaignView')
#6 /var/www/html/app/controller/Controller.php(79): app_controller_Controller->handleRequest()
#7 /var/www/html/index.php(153): app_controller_Controller::run()
#8 {main}

[2026-03-10 05:51:47] count(): Argument #1 ($value) must be of type Countable|array, null given in /var/www/html/app/view/templates_c/%%48^486^486DC400%%CampaignView.tpl.php on line 1089
Stack trace:
#0 /var/www/html/include/Smarty/Smarty.class.php(1269): include()
#1 /var/www/html/include/Smarty/Smarty.class.php(1119): Smarty->fetch('CampaignView.tp...', NULL, NULL, true)
#2 /var/www/html/app/view/CampaignView.php(66): Smarty->display('CampaignView.tp...')
#3 /var/www/html/app/view/View.php(47): app_view_CampaignView->doExecute()
#4 /var/www/html/app/controller/Controller.php(271): app_view_View->execute()
#5 /var/www/html/app/controller/Controller.php(249): app_controller_Controller->forward('CampaignView')
#6 /var/www/html/app/controller/Controller.php(79): app_controller_Controller->handleRequest()
#7 /var/www/html/index.php(153): app_controller_Controller::run()
#8 {main}

[2026-03-10 05:54:43] Call to a member function getId() on null in /var/www/html/app/view/templates_c/%%48^486^486DC400%%CampaignView.tpl.php on line 684
Stack trace:
#0 /var/www/html/include/Smarty/Smarty.class.php(1269): include()
#1 /var/www/html/include/Smarty/Smarty.class.php(1119): Smarty->fetch('CampaignView.tp...', NULL, NULL, true)
#2 /var/www/html/app/view/CampaignView.php(66): Smarty->display('CampaignView.tp...')
#3 /var/www/html/app/view/View.php(47): app_view_CampaignView->doExecute()
#4 /var/www/html/app/controller/Controller.php(271): app_view_View->execute()
#5 /var/www/html/app/controller/Controller.php(249): app_controller_Controller->forward('CampaignView')
#6 /var/www/html/app/controller/Controller.php(79): app_controller_Controller->handleRequest()
#7 /var/www/html/index.php(153): app_controller_Controller::run()
#8 {main}

[2026-03-10 05:54:49] Call to a member function getId() on null in /var/www/html/app/view/templates_c/%%48^486^486DC400%%CampaignView.tpl.php on line 684
Stack trace:
#0 /var/www/html/include/Smarty/Smarty.class.php(1269): include()
#1 /var/www/html/include/Smarty/Smarty.class.php(1119): Smarty->fetch('CampaignView.tp...', NULL, NULL, true)
#2 /var/www/html/app/view/CampaignView.php(66): Smarty->display('CampaignView.tp...')
#3 /var/www/html/app/view/View.php(47): app_view_CampaignView->doExecute()
#4 /var/www/html/app/controller/Controller.php(271): app_view_View->execute()
#5 /var/www/html/app/controller/Controller.php(249): app_controller_Controller->forward('CampaignView')
#6 /var/www/html/app/controller/Controller.php(79): app_controller_Controller->handleRequest()
#7 /var/www/html/index.php(153): app_controller_Controller::run()
#8 {main}

[2026-03-10 05:55:22] count(): Argument #1 ($value) must be of type Countable|array, null given in /var/www/html/app/view/templates_c/%%48^486^486DC400%%CampaignView.tpl.php on line 1089
Stack trace:
#0 /var/www/html/include/Smarty/Smarty.class.php(1269): include()
#1 /var/www/html/include/Smarty/Smarty.class.php(1119): Smarty->fetch('CampaignView.tp...', NULL, NULL, true)
#2 /var/www/html/app/view/CampaignView.php(66): Smarty->display('CampaignView.tp...')
#3 /var/www/html/app/view/View.php(47): app_view_CampaignView->doExecute()
#4 /var/www/html/app/controller/Controller.php(271): app_view_View->execute()
#5 /var/www/html/app/controller/Controller.php(249): app_controller_Controller->forward('CampaignView')
#6 /var/www/html/app/controller/Controller.php(79): app_controller_Controller->handleRequest()
#7 /var/www/html/index.php(153): app_controller_Controller::run()
#8 {main}

[2026-03-10 06:02:50] Call to a member function getId() on null in /var/www/html/app/view/templates_c/%%48^486^486DC400%%CampaignView.tpl.php on line 684
Stack trace:
#0 /var/www/html/include/Smarty/Smarty.class.php(1269): include()
#1 /var/www/html/include/Smarty/Smarty.class.php(1119): Smarty->fetch('CampaignView.tp...', NULL, NULL, true)
#2 /var/www/html/app/view/CampaignView.php(66): Smarty->display('CampaignView.tp...')
#3 /var/www/html/app/view/View.php(47): app_view_CampaignView->doExecute()
#4 /var/www/html/app/controller/Controller.php(271): app_view_View->execute()
#5 /var/www/html/app/controller/Controller.php(249): app_controller_Controller->forward('CampaignView')
#6 /var/www/html/app/controller/Controller.php(79): app_controller_Controller->handleRequest()
#7 /var/www/html/index.php(153): app_controller_Controller::run()
#8 {main}

[2026-03-10 06:03:22] count(): Argument #1 ($value) must be of type Countable|array, null given in /var/www/html/app/view/templates_c/%%48^486^486DC400%%CampaignView.tpl.php on line 1089
Stack trace:
#0 /var/www/html/include/Smarty/Smarty.class.php(1269): include()
#1 /var/www/html/include/Smarty/Smarty.class.php(1119): Smarty->fetch('CampaignView.tp...', NULL, NULL, true)
#2 /var/www/html/app/view/CampaignView.php(66): Smarty->display('CampaignView.tp...')
#3 /var/www/html/app/view/View.php(47): app_view_CampaignView->doExecute()
#4 /var/www/html/app/controller/Controller.php(271): app_view_View->execute()
#5 /var/www/html/app/controller/Controller.php(249): app_controller_Controller->forward('CampaignView')
#6 /var/www/html/app/controller/Controller.php(79): app_controller_Controller->handleRequest()
#7 /var/www/html/index.php(153): app_controller_Controller::run()
#8 {main}

[2026-03-10 06:03:32] Call to a member function getId() on null in /var/www/html/app/view/templates_c/%%48^486^486DC400%%CampaignView.tpl.php on line 684
Stack trace:
#0 /var/www/html/include/Smarty/Smarty.class.php(1269): include()
#1 /var/www/html/include/Smarty/Smarty.class.php(1119): Smarty->fetch('CampaignView.tp...', NULL, NULL, true)
#2 /var/www/html/app/view/CampaignView.php(66): Smarty->display('CampaignView.tp...')
#3 /var/www/html/app/view/View.php(47): app_view_CampaignView->doExecute()
#4 /var/www/html/app/controller/Controller.php(271): app_view_View->execute()
#5 /var/www/html/app/controller/Controller.php(249): app_controller_Controller->forward('CampaignView')
#6 /var/www/html/app/controller/Controller.php(79): app_controller_Controller->handleRequest()
#7 /var/www/html/index.php(153): app_controller_Controller::run()
#8 {main}

[2026-03-10 06:03:38] Call to a member function getId() on null in /var/www/html/app/view/templates_c/%%48^486^486DC400%%CampaignView.tpl.php on line 684
Stack trace:
#0 /var/www/html/include/Smarty/Smarty.class.php(1269): include()
#1 /var/www/html/include/Smarty/Smarty.class.php(1119): Smarty->fetch('CampaignView.tp...', NULL, NULL, true)
#2 /var/www/html/app/view/CampaignView.php(66): Smarty->display('CampaignView.tp...')
#3 /var/www/html/app/view/View.php(47): app_view_CampaignView->doExecute()
#4 /var/www/html/app/controller/Controller.php(271): app_view_View->execute()
#5 /var/www/html/app/controller/Controller.php(249): app_controller_Controller->forward('CampaignView')
#6 /var/www/html/app/controller/Controller.php(79): app_controller_Controller->handleRequest()
#7 /var/www/html/index.php(153): app_controller_Controller::run()
#8 {main}

[2026-03-10 06:04:46] count(): Argument #1 ($value) must be of type Countable|array, null given in /var/www/html/app/view/templates_c/%%48^486^486DC400%%CampaignView.tpl.php on line 1089
Stack trace:
#0 /var/www/html/include/Smarty/Smarty.class.php(1269): include()
#1 /var/www/html/include/Smarty/Smarty.class.php(1119): Smarty->fetch('CampaignView.tp...', NULL, NULL, true)
#2 /var/www/html/app/view/CampaignView.php(66): Smarty->display('CampaignView.tp...')
#3 /var/www/html/app/view/View.php(47): app_view_CampaignView->doExecute()
#4 /var/www/html/app/controller/Controller.php(271): app_view_View->execute()
#5 /var/www/html/app/controller/Controller.php(249): app_controller_Controller->forward('CampaignView')
#6 /var/www/html/app/controller/Controller.php(79): app_controller_Controller->handleRequest()
#7 /var/www/html/index.php(153): app_controller_Controller::run()
#8 {main}

[2026-03-10 06:08:32] count(): Argument #1 ($value) must be of type Countable|array, null given in /var/www/html/app/view/templates_c/%%48^486^486DC400%%CampaignView.tpl.php on line 1089
Stack trace:
#0 /var/www/html/include/Smarty/Smarty.class.php(1269): include()
#1 /var/www/html/include/Smarty/Smarty.class.php(1119): Smarty->fetch('CampaignView.tp...', NULL, NULL, true)
#2 /var/www/html/app/view/CampaignView.php(66): Smarty->display('CampaignView.tp...')
#3 /var/www/html/app/view/View.php(47): app_view_CampaignView->doExecute()
#4 /var/www/html/app/controller/Controller.php(271): app_view_View->execute()
#5 /var/www/html/app/controller/Controller.php(249): app_controller_Controller->forward('CampaignView')
#6 /var/www/html/app/controller/Controller.php(79): app_controller_Controller->handleRequest()
#7 /var/www/html/index.php(153): app_controller_Controller::run()
#8 {main}

[2026-03-10 06:10:05] Call to a member function getId() on null in /var/www/html/app/view/templates_c/%%48^486^486DC400%%CampaignView.tpl.php on line 684
Stack trace:
#0 /var/www/html/include/Smarty/Smarty.class.php(1269): include()
#1 /var/www/html/include/Smarty/Smarty.class.php(1119): Smarty->fetch('CampaignView.tp...', NULL, NULL, true)
#2 /var/www/html/app/view/CampaignView.php(66): Smarty->display('CampaignView.tp...')
#3 /var/www/html/app/view/View.php(47): app_view_CampaignView->doExecute()
#4 /var/www/html/app/controller/Controller.php(271): app_view_View->execute()
#5 /var/www/html/app/controller/Controller.php(249): app_controller_Controller->forward('CampaignView')
#6 /var/www/html/app/controller/Controller.php(79): app_controller_Controller->handleRequest()
#7 /var/www/html/index.php(153): app_controller_Controller::run()
#8 {main}

[2026-03-10 06:10:53] count(): Argument #1 ($value) must be of type Countable|array, null given in /var/www/html/app/view/templates_c/%%48^486^486DC400%%CampaignView.tpl.php on line 1089
Stack trace:
#0 /var/www/html/include/Smarty/Smarty.class.php(1269): include()
#1 /var/www/html/include/Smarty/Smarty.class.php(1119): Smarty->fetch('CampaignView.tp...', NULL, NULL, true)
#2 /var/www/html/app/view/CampaignView.php(66): Smarty->display('CampaignView.tp...')
#3 /var/www/html/app/view/View.php(47): app_view_CampaignView->doExecute()
#4 /var/www/html/app/controller/Controller.php(271): app_view_View->execute()
#5 /var/www/html/app/controller/Controller.php(249): app_controller_Controller->forward('CampaignView')
#6 /var/www/html/app/controller/Controller.php(79): app_controller_Controller->handleRequest()
#7 /var/www/html/index.php(153): app_controller_Controller::run()
#8 {main}

[2026-03-11 13:24:57] Call to a member function getId() on null in /var/www/html/app/view/templates_c/%%48^486^486DC400%%CampaignView.tpl.php on line 684
Stack trace:
#0 /var/www/html/include/Smarty/Smarty.class.php(1269): include()
#1 /var/www/html/include/Smarty/Smarty.class.php(1119): Smarty->fetch('CampaignView.tp...', NULL, NULL, true)
#2 /var/www/html/app/view/CampaignView.php(66): Smarty->display('CampaignView.tp...')
#3 /var/www/html/app/view/View.php(47): app_view_CampaignView->doExecute()
#4 /var/www/html/app/controller/Controller.php(271): app_view_View->execute()
#5 /var/www/html/app/controller/Controller.php(249): app_controller_Controller->forward('CampaignView')
#6 /var/www/html/app/controller/Controller.php(79): app_controller_Controller->handleRequest()
#7 /var/www/html/index.php(153): app_controller_Controller::run()
#8 {main}

[2026-03-11 13:25:28] count(): Argument #1 ($value) must be of type Countable|array, null given in /var/www/html/app/view/templates_c/%%48^486^486DC400%%CampaignView.tpl.php on line 1089
Stack trace:
#0 /var/www/html/include/Smarty/Smarty.class.php(1269): include()
#1 /var/www/html/include/Smarty/Smarty.class.php(1119): Smarty->fetch('CampaignView.tp...', NULL, NULL, true)
#2 /var/www/html/app/view/CampaignView.php(66): Smarty->display('CampaignView.tp...')
#3 /var/www/html/app/view/View.php(47): app_view_CampaignView->doExecute()
#4 /var/www/html/app/controller/Controller.php(271): app_view_View->execute()
#5 /var/www/html/app/controller/Controller.php(249): app_controller_Controller->forward('CampaignView')
#6 /var/www/html/app/controller/Controller.php(79): app_controller_Controller->handleRequest()
#7 /var/www/html/index.php(153): app_controller_Controller::run()
#8 {main}

[2026-03-16 05:03:26] Call to a member function getId() on null in /var/www/html/app/view/templates_c/%%48^486^486DC400%%CampaignView.tpl.php on line 684
Stack trace:
#0 /var/www/html/include/Smarty/Smarty.class.php(1269): include()
#1 /var/www/html/include/Smarty/Smarty.class.php(1119): Smarty->fetch('CampaignView.tp...', NULL, NULL, true)
#2 /var/www/html/app/view/CampaignView.php(66): Smarty->display('CampaignView.tp...')
#3 /var/www/html/app/view/View.php(47): app_view_CampaignView->doExecute()
#4 /var/www/html/app/controller/Controller.php(271): app_view_View->execute()
#5 /var/www/html/app/controller/Controller.php(249): app_controller_Controller->forward('CampaignView')
#6 /var/www/html/app/controller/Controller.php(79): app_controller_Controller->handleRequest()
#7 /var/www/html/index.php(153): app_controller_Controller::run()
#8 {main}

[2026-03-16 05:03:56] count(): Argument #1 ($value) must be of type Countable|array, null given in /var/www/html/app/view/templates_c/%%48^486^486DC400%%CampaignView.tpl.php on line 1089
Stack trace:
#0 /var/www/html/include/Smarty/Smarty.class.php(1269): include()
#1 /var/www/html/include/Smarty/Smarty.class.php(1119): Smarty->fetch('CampaignView.tp...', NULL, NULL, true)
#2 /var/www/html/app/view/CampaignView.php(66): Smarty->display('CampaignView.tp...')
#3 /var/www/html/app/view/View.php(47): app_view_CampaignView->doExecute()
#4 /var/www/html/app/controller/Controller.php(271): app_view_View->execute()
#5 /var/www/html/app/controller/Controller.php(249): app_controller_Controller->forward('CampaignView')
#6 /var/www/html/app/controller/Controller.php(79): app_controller_Controller->handleRequest()
#7 /var/www/html/index.php(153): app_controller_Controller::run()
#8 {main}

[2026-03-16 05:04:37] count(): Argument #1 ($value) must be of type Countable|array, null given in /var/www/html/app/view/templates_c/%%48^486^486DC400%%CampaignView.tpl.php on line 1089
Stack trace:
#0 /var/www/html/include/Smarty/Smarty.class.php(1269): include()
#1 /var/www/html/include/Smarty/Smarty.class.php(1119): Smarty->fetch('CampaignView.tp...', NULL, NULL, true)
#2 /var/www/html/app/view/CampaignView.php(66): Smarty->display('CampaignView.tp...')
#3 /var/www/html/app/view/View.php(47): app_view_CampaignView->doExecute()
#4 /var/www/html/app/controller/Controller.php(271): app_view_View->execute()
#5 /var/www/html/app/controller/Controller.php(249): app_controller_Controller->forward('CampaignView')
#6 /var/www/html/app/controller/Controller.php(79): app_controller_Controller->handleRequest()
#7 /var/www/html/index.php(153): app_controller_Controller::run()
#8 {main}

[2026-03-16 05:07:47] Call to a member function getId() on null in /var/www/html/app/view/templates_c/%%48^486^486DC400%%CampaignView.tpl.php on line 684
Stack trace:
#0 /var/www/html/include/Smarty/Smarty.class.php(1269): include()
#1 /var/www/html/include/Smarty/Smarty.class.php(1119): Smarty->fetch('CampaignView.tp...', NULL, NULL, true)
#2 /var/www/html/app/view/CampaignView.php(70): Smarty->display('CampaignView.tp...')
#3 /var/www/html/app/view/View.php(47): app_view_CampaignView->doExecute()
#4 /var/www/html/app/controller/Controller.php(271): app_view_View->execute()
#5 /var/www/html/app/controller/Controller.php(249): app_controller_Controller->forward('CampaignView')
#6 /var/www/html/app/controller/Controller.php(79): app_controller_Controller->handleRequest()
#7 /var/www/html/index.php(153): app_controller_Controller::run()
#8 {main}

[2026-03-16 05:07:53] Call to a member function getId() on null in /var/www/html/app/view/templates_c/%%48^486^486DC400%%CampaignView.tpl.php on line 684
Stack trace:
#0 /var/www/html/include/Smarty/Smarty.class.php(1269): include()
#1 /var/www/html/include/Smarty/Smarty.class.php(1119): Smarty->fetch('CampaignView.tp...', NULL, NULL, true)
#2 /var/www/html/app/view/CampaignView.php(70): Smarty->display('CampaignView.tp...')
#3 /var/www/html/app/view/View.php(47): app_view_CampaignView->doExecute()
#4 /var/www/html/app/controller/Controller.php(271): app_view_View->execute()
#5 /var/www/html/app/controller/Controller.php(249): app_controller_Controller->forward('CampaignView')
#6 /var/www/html/app/controller/Controller.php(79): app_controller_Controller->handleRequest()
#7 /var/www/html/index.php(153): app_controller_Controller::run()
#8 {main}

[2026-03-16 05:41:14] Call to a member function getId() on null in /var/www/html/app/view/templates_c/%%48^486^486DC400%%CampaignView.tpl.php on line 684
Stack trace:
#0 /var/www/html/include/Smarty/Smarty.class.php(1269): include()
#1 /var/www/html/include/Smarty/Smarty.class.php(1119): Smarty->fetch('CampaignView.tp...', NULL, NULL, true)
#2 /var/www/html/app/view/CampaignView.php(70): Smarty->display('CampaignView.tp...')
#3 /var/www/html/app/view/View.php(47): app_view_CampaignView->doExecute()
#4 /var/www/html/app/controller/Controller.php(271): app_view_View->execute()
#5 /var/www/html/app/controller/Controller.php(249): app_controller_Controller->forward('CampaignView')
#6 /var/www/html/app/controller/Controller.php(79): app_controller_Controller->handleRequest()
#7 /var/www/html/index.php(153): app_controller_Controller::run()
#8 {main}

[2026-03-16 05:41:24] Call to a member function getId() on null in /var/www/html/app/view/templates_c/%%48^486^486DC400%%CampaignView.tpl.php on line 684
Stack trace:
#0 /var/www/html/include/Smarty/Smarty.class.php(1269): include()
#1 /var/www/html/include/Smarty/Smarty.class.php(1119): Smarty->fetch('CampaignView.tp...', NULL, NULL, true)
#2 /var/www/html/app/view/CampaignView.php(70): Smarty->display('CampaignView.tp...')
#3 /var/www/html/app/view/View.php(47): app_view_CampaignView->doExecute()
#4 /var/www/html/app/controller/Controller.php(271): app_view_View->execute()
#5 /var/www/html/app/controller/Controller.php(249): app_controller_Controller->forward('CampaignView')
#6 /var/www/html/app/controller/Controller.php(79): app_controller_Controller->handleRequest()
#7 /var/www/html/index.php(153): app_controller_Controller::run()
#8 {main}

[2026-03-16 05:47:51] Call to a member function getId() on null in /var/www/html/app/view/templates_c/%%48^486^486DC400%%CampaignView.tpl.php on line 684
Stack trace:
#0 /var/www/html/include/Smarty/Smarty.class.php(1269): include()
#1 /var/www/html/include/Smarty/Smarty.class.php(1119): Smarty->fetch('CampaignView.tp...', NULL, NULL, true)
#2 /var/www/html/app/view/CampaignView.php(70): Smarty->display('CampaignView.tp...')
#3 /var/www/html/app/view/View.php(47): app_view_CampaignView->doExecute()
#4 /var/www/html/app/controller/Controller.php(271): app_view_View->execute()
#5 /var/www/html/app/controller/Controller.php(249): app_controller_Controller->forward('CampaignView')
#6 /var/www/html/app/controller/Controller.php(79): app_controller_Controller->handleRequest()
#7 /var/www/html/index.php(153): app_controller_Controller::run()
#8 {main}

[2026-03-16 05:49:42] Call to a member function getId() on null in /var/www/html/app/view/templates_c/%%48^486^486DC400%%CampaignView.tpl.php on line 684
Stack trace:
#0 /var/www/html/include/Smarty/Smarty.class.php(1269): include()
#1 /var/www/html/include/Smarty/Smarty.class.php(1119): Smarty->fetch('CampaignView.tp...', NULL, NULL, true)
#2 /var/www/html/app/view/CampaignView.php(70): Smarty->display('CampaignView.tp...')
#3 /var/www/html/app/view/View.php(47): app_view_CampaignView->doExecute()
#4 /var/www/html/app/controller/Controller.php(271): app_view_View->execute()
#5 /var/www/html/app/controller/Controller.php(249): app_controller_Controller->forward('CampaignView')
#6 /var/www/html/app/controller/Controller.php(79): app_controller_Controller->handleRequest()
#7 /var/www/html/index.php(153): app_controller_Controller::run()
#8 {main}

[2026-03-17 14:09:05] characteristic 1 Company Cleaned At of type company could not be found in /var/www/html/app/domain/FilterBuilder.php on line 1742
Stack trace:
#0 /var/www/html/app/command/FilterResults.php(32): app_domain_FilterBuilder->makeSQLData('14458', Array, 'include')
#1 /var/www/html/app/command/Command.php(48): app_command_FilterResults->doExecute(Object(app_controller_Request))
#2 /var/www/html/app/controller/Controller.php(240): app_command_Command->execute(Object(app_controller_Request))
#3 /var/www/html/app/controller/Controller.php(79): app_controller_Controller->handleRequest()
#4 /var/www/html/index.php(161): app_controller_Controller::run()
#5 {main}

[2026-03-19 10:05:25] SQLSTATE[HY000] [2002] php_network_getaddresses: getaddrinfo for alchemis-mysql-upgrade.cswhqpuhwywg.eu-west-1.rds.amazonaws.com failed: Temporary failure in name resolution in /var/www/html/vendor/illuminate/database/Illuminate/Database/Connectors/Connector.php on line 47
Stack trace:
#0 /var/www/html/vendor/illuminate/database/Illuminate/Database/Connectors/Connector.php(47): PDO->__construct('mysql:host=alch...', 'alchemis', Object(SensitiveParameterValue), Array)
#1 /var/www/html/vendor/illuminate/database/Illuminate/Database/Connectors/MySqlConnector.php(20): Illuminate\Database\Connectors\Connector->createConnection('mysql:host=alch...', Array, Array)
#2 /var/www/html/vendor/illuminate/database/Illuminate/Database/Connectors/ConnectionFactory.php(57): Illuminate\Database\Connectors\MySqlConnector->connect(Array)
#3 /var/www/html/vendor/illuminate/database/Illuminate/Database/Connectors/ConnectionFactory.php(46): Illuminate\Database\Connectors\ConnectionFactory->createSingleConnection(Array)
#4 /var/www/html/vendor/illuminate/database/Illuminate/Database/DatabaseManager.php(176): Illuminate\Database\Connectors\ConnectionFactory->make(Array, 'default')
#5 /var/www/html/vendor/illuminate/database/Illuminate/Database/DatabaseManager.php(64): Illuminate\Database\DatabaseManager->makeConnection('default')
#6 /var/www/html/vendor/illuminate/database/Illuminate/Database/Eloquent/Model.php(2923): Illuminate\Database\DatabaseManager->connection('default')
#7 /var/www/html/vendor/illuminate/database/Illuminate/Database/Eloquent/Model.php(2889): Illuminate\Database\Eloquent\Model::resolveConnection(NULL)
#8 /var/www/html/vendor/illuminate/database/Illuminate/Database/Eloquent/Model.php(1849): Illuminate\Database\Eloquent\Model->getConnection()
#9 /var/www/html/vendor/illuminate/database/Illuminate/Database/Eloquent/Model.php(1790): Illuminate\Database\Eloquent\Model->newBaseQueryBuilder()
#10 /var/www/html/vendor/illuminate/database/Illuminate/Database/Eloquent/Model.php(1764): Illuminate\Database\Eloquent\Model->newQueryWithoutScopes()
#11 /var/www/html/vendor/illuminate/database/Illuminate/Database/Eloquent/Model.php(656): Illuminate\Database\Eloquent\Model->newQuery()
#12 /var/www/html/app/command/NbmMonthlyPlanner.php(86): Illuminate\Database\Eloquent\Model::find(4585)
#13 /var/www/html/app/command/NbmMonthlyPlanner.php(45): app_command_NbmMonthlyPlanner->init(Object(app_controller_Request))
#14 /var/www/html/app/command/Command.php(48): app_command_NbmMonthlyPlanner->doExecute(Object(app_controller_Request))
#15 /var/www/html/app/controller/Controller.php(240): app_command_Command->execute(Object(app_controller_Request))
#16 /var/www/html/app/controller/Controller.php(79): app_controller_Controller->handleRequest()
#17 /var/www/html/index.php(161): app_controller_Controller::run()
#18 {main}

[2026-03-19 10:14:38] php_network_getaddresses: getaddrinfo for alchemis-mysql-upgrade.cswhqpuhwywg.eu-west-1.rds.amazonaws.com failed: Temporary failure in name resolution in /var/www/html/include/pear/MDB2/Driver/mysqli.php on line 521
Stack trace:
#0 /var/www/html/include/pear/MDB2/Driver/mysqli.php(521): mysqli_real_connect(Object(mysqli), 'alchemis-mysql-...', 'alchemis', Object(SensitiveParameterValue), 'alchemis', '3306', '')
#1 /var/www/html/include/pear/MDB2/Driver/mysqli.php(567): MDB2_Driver_mysqli->_doConnect('alchemis', 'rYT4maP7')
#2 /var/www/html/include/pear/MDB2.php(1800): MDB2_Driver_mysqli->connect()
#3 /var/www/html/include/pear/MDB2.php(2592): MDB2_Driver_Common->getConnection()
#4 /var/www/html/app/controller/ApplicationHelper.php(220): MDB2_Driver_Common->query('SET NAMES utf8m...')
#5 /var/www/html/app/mapper/PostInitiativeMapper.php(22): app_controller_ApplicationHelper->DB()
#6 /var/www/html/app/domain/HelperFactory.php(30): app_mapper_PostInitiativeMapper->__construct()
#7 /var/www/html/app/domain/DomainObject.php(129): app_domain_HelperFactory::getFinder('PostInitiative')
#8 /var/www/html/app/domain/PostInitiative.php(629): app_domain_DomainObject::getFinder('app_domain_Post...')
#9 /var/www/html/app/command/AjaxDashboard.php(67): app_domain_PostInitiative::findPriorityCallBacksByUserId(4585, '2026-03-19 10:1...', '2026-03-19 10:2...')
#10 /var/www/html/app/controller/Controller.php(330): app_command_AjaxDashboard->execute()
#11 /var/www/html/app/controller/Controller.php(235): app_controller_Controller->handleAjaxRequest(Object(app_controller_Request))
#12 /var/www/html/app/controller/Controller.php(79): app_controller_Controller->handleRequest()
#13 /var/www/html/index.php(161): app_controller_Controller::run()
#14 {main}

[2026-03-19 10:26:32] php_network_getaddresses: getaddrinfo for alchemis-mysql-upgrade.cswhqpuhwywg.eu-west-1.rds.amazonaws.com failed: Temporary failure in name resolution in /var/www/html/include/pear/MDB2/Driver/mysqli.php on line 521
Stack trace:
#0 /var/www/html/include/pear/MDB2/Driver/mysqli.php(521): mysqli_real_connect(Object(mysqli), 'alchemis-mysql-...', 'alchemis', Object(SensitiveParameterValue), 'alchemis', '3306', '')
#1 /var/www/html/include/pear/MDB2/Driver/mysqli.php(567): MDB2_Driver_mysqli->_doConnect('alchemis', 'rYT4maP7')
#2 /var/www/html/include/pear/MDB2.php(1800): MDB2_Driver_mysqli->connect()
#3 /var/www/html/include/pear/MDB2.php(2592): MDB2_Driver_Common->getConnection()
#4 /var/www/html/app/controller/ApplicationHelper.php(220): MDB2_Driver_Common->query('SET NAMES utf8m...')
#5 /var/www/html/app/mapper/RbacUserMapper.php(28): app_controller_ApplicationHelper->DB()
#6 /var/www/html/app/domain/HelperFactory.php(30): app_mapper_RbacUserMapper->__construct()
#7 /var/www/html/app/domain/DomainObject.php(129): app_domain_HelperFactory::getFinder('RbacUser')
#8 /var/www/html/app/domain/RbacUser.php(434): app_domain_DomainObject::getFinder('app_domain_Rbac...')
#9 /var/www/html/app/command/Command.php(100): app_domain_RbacUser::find(4585)
#10 /var/www/html/app/command/Command.php(45): app_command_Command->initSessionUser()
#11 /var/www/html/app/controller/Controller.php(240): app_command_Command->execute(Object(app_controller_Request))
#12 /var/www/html/app/controller/Controller.php(79): app_controller_Controller->handleRequest()
#13 /var/www/html/index.php(161): app_controller_Controller::run()
#14 {main}

[2026-03-19 10:40:33] SQLSTATE[HY000] [2002] php_network_getaddresses: getaddrinfo for alchemis-mysql-upgrade.cswhqpuhwywg.eu-west-1.rds.amazonaws.com failed: Temporary failure in name resolution in /var/www/html/vendor/illuminate/database/Illuminate/Database/Connectors/Connector.php on line 47
Stack trace:
#0 /var/www/html/vendor/illuminate/database/Illuminate/Database/Connectors/Connector.php(47): PDO->__construct('mysql:host=alch...', 'alchemis', Object(SensitiveParameterValue), Array)
#1 /var/www/html/vendor/illuminate/database/Illuminate/Database/Connectors/MySqlConnector.php(20): Illuminate\Database\Connectors\Connector->createConnection('mysql:host=alch...', Array, Array)
#2 /var/www/html/vendor/illuminate/database/Illuminate/Database/Connectors/ConnectionFactory.php(57): Illuminate\Database\Connectors\MySqlConnector->connect(Array)
#3 /var/www/html/vendor/illuminate/database/Illuminate/Database/Connectors/ConnectionFactory.php(46): Illuminate\Database\Connectors\ConnectionFactory->createSingleConnection(Array)
#4 /var/www/html/vendor/illuminate/database/Illuminate/Database/DatabaseManager.php(176): Illuminate\Database\Connectors\ConnectionFactory->make(Array, 'default')
#5 /var/www/html/vendor/illuminate/database/Illuminate/Database/DatabaseManager.php(64): Illuminate\Database\DatabaseManager->makeConnection('default')
#6 /var/www/html/vendor/illuminate/database/Illuminate/Database/Eloquent/Model.php(2923): Illuminate\Database\DatabaseManager->connection('default')
#7 /var/www/html/vendor/illuminate/database/Illuminate/Database/Eloquent/Model.php(2889): Illuminate\Database\Eloquent\Model::resolveConnection(NULL)
#8 /var/www/html/vendor/illuminate/database/Illuminate/Database/Eloquent/Model.php(1849): Illuminate\Database\Eloquent\Model->getConnection()
#9 /var/www/html/vendor/illuminate/database/Illuminate/Database/Eloquent/Model.php(1790): Illuminate\Database\Eloquent\Model->newBaseQueryBuilder()
#10 /var/www/html/vendor/illuminate/database/Illuminate/Database/Eloquent/Model.php(1433): Illuminate\Database\Eloquent\Model->newQueryWithoutScopes()
#11 /var/www/html/vendor/illuminate/database/Illuminate/Database/Eloquent/Model.php(526): Illuminate\Database\Eloquent\Model->save()
#12 /var/www/html/include/Auth/Session.php(170): Illuminate\Database\Eloquent\Model::create(Array)
#13 /var/www/html/app/command/Login.php(48): Auth_Session->login('dot.squares', 'TanuSQL8#', 'ecd67398d8f0919...', Object(app_controller_Request))
#14 /var/www/html/app/command/Command.php(48): app_command_Login->doExecute(Object(app_controller_Request))
#15 /var/www/html/app/controller/Controller.php(240): app_command_Command->execute(Object(app_controller_Request))
#16 /var/www/html/app/controller/Controller.php(79): app_controller_Controller->handleRequest()
#17 /var/www/html/index.php(161): app_controller_Controller::run()
#18 {main}

[2026-03-19 10:45:52] php_network_getaddresses: getaddrinfo for alchemis-mysql-upgrade.cswhqpuhwywg.eu-west-1.rds.amazonaws.com failed: Temporary failure in name resolution in /var/www/html/include/pear/MDB2/Driver/mysqli.php on line 521
Stack trace:
#0 /var/www/html/include/pear/MDB2/Driver/mysqli.php(521): mysqli_real_connect(Object(mysqli), 'alchemis-mysql-...', 'alchemis', Object(SensitiveParameterValue), 'alchemis', '3306', '')
#1 /var/www/html/include/pear/MDB2/Driver/mysqli.php(567): MDB2_Driver_mysqli->_doConnect('alchemis', 'rYT4maP7')
#2 /var/www/html/include/pear/MDB2.php(1800): MDB2_Driver_mysqli->connect()
#3 /var/www/html/include/pear/MDB2.php(2592): MDB2_Driver_Common->getConnection()
#4 /var/www/html/app/controller/ApplicationHelper.php(220): MDB2_Driver_Common->query('SET NAMES utf8m...')
#5 /var/www/html/app/mapper/RbacUserMapper.php(28): app_controller_ApplicationHelper->DB()
#6 /var/www/html/app/domain/HelperFactory.php(30): app_mapper_RbacUserMapper->__construct()
#7 /var/www/html/app/domain/DomainObject.php(129): app_domain_HelperFactory::getFinder('RbacUser')
#8 /var/www/html/app/domain/RbacUser.php(434): app_domain_DomainObject::getFinder('app_domain_Rbac...')
#9 /var/www/html/app/command/Command.php(100): app_domain_RbacUser::find(4585)
#10 /var/www/html/app/command/Command.php(45): app_command_Command->initSessionUser()
#11 /var/www/html/app/controller/Controller.php(240): app_command_Command->execute(Object(app_controller_Request))
#12 /var/www/html/app/controller/Controller.php(79): app_controller_Controller->handleRequest()
#13 /var/www/html/index.php(161): app_controller_Controller::run()
#14 {main}

[2026-03-19 11:03:11] php_network_getaddresses: getaddrinfo for alchemis-mysql-upgrade.cswhqpuhwywg.eu-west-1.rds.amazonaws.com failed: No address associated with hostname in /var/www/html/include/pear/MDB2/Driver/mysqli.php on line 521
Stack trace:
#0 /var/www/html/include/pear/MDB2/Driver/mysqli.php(521): mysqli_real_connect(Object(mysqli), 'alchemis-mysql-...', 'alchemis', Object(SensitiveParameterValue), 'alchemis', '3306', '')
#1 /var/www/html/include/pear/MDB2/Driver/mysqli.php(567): MDB2_Driver_mysqli->_doConnect('alchemis', 'rYT4maP7')
#2 /var/www/html/include/pear/MDB2.php(1800): MDB2_Driver_mysqli->connect()
#3 /var/www/html/include/pear/MDB2.php(2592): MDB2_Driver_Common->getConnection()
#4 /var/www/html/app/controller/ApplicationHelper.php(220): MDB2_Driver_Common->query('SET NAMES utf8m...')
#5 /var/www/html/app/mapper/RbacUserMapper.php(28): app_controller_ApplicationHelper->DB()
#6 /var/www/html/app/domain/HelperFactory.php(30): app_mapper_RbacUserMapper->__construct()
#7 /var/www/html/app/domain/DomainObject.php(129): app_domain_HelperFactory::getFinder('RbacUser')
#8 /var/www/html/app/domain/RbacUser.php(434): app_domain_DomainObject::getFinder('app_domain_Rbac...')
#9 /var/www/html/app/command/Command.php(100): app_domain_RbacUser::find(4585)
#10 /var/www/html/app/command/Command.php(45): app_command_Command->initSessionUser()
#11 /var/www/html/app/controller/Controller.php(240): app_command_Command->execute(Object(app_controller_Request))
#12 /var/www/html/app/controller/Controller.php(79): app_controller_Controller->handleRequest()
#13 /var/www/html/index.php(161): app_controller_Controller::run()
#14 {main}

[2026-03-19 11:04:32] php_network_getaddresses: getaddrinfo for alchemis-mysql-upgrade.cswhqpuhwywg.eu-west-1.rds.amazonaws.com failed: Name or service not known in /var/www/html/include/pear/MDB2/Driver/mysqli.php on line 521
Stack trace:
#0 /var/www/html/include/pear/MDB2/Driver/mysqli.php(521): mysqli_real_connect(Object(mysqli), 'alchemis-mysql-...', 'alchemis', Object(SensitiveParameterValue), 'alchemis', '3306', '')
#1 /var/www/html/include/pear/MDB2/Driver/mysqli.php(567): MDB2_Driver_mysqli->_doConnect('alchemis', 'rYT4maP7')
#2 /var/www/html/include/pear/MDB2.php(1800): MDB2_Driver_mysqli->connect()
#3 /var/www/html/include/pear/MDB2.php(2592): MDB2_Driver_Common->getConnection()
#4 /var/www/html/app/controller/ApplicationHelper.php(220): MDB2_Driver_Common->query('SET NAMES utf8m...')
#5 /var/www/html/app/mapper/PostInitiativeMapper.php(22): app_controller_ApplicationHelper->DB()
#6 /var/www/html/app/domain/HelperFactory.php(30): app_mapper_PostInitiativeMapper->__construct()
#7 /var/www/html/app/domain/DomainObject.php(129): app_domain_HelperFactory::getFinder('PostInitiative')
#8 /var/www/html/app/domain/PostInitiative.php(629): app_domain_DomainObject::getFinder('app_domain_Post...')
#9 /var/www/html/app/command/AjaxDashboard.php(67): app_domain_PostInitiative::findPriorityCallBacksByUserId(4585, '2026-03-19 11:0...', '2026-03-19 11:1...')
#10 /var/www/html/app/controller/Controller.php(330): app_command_AjaxDashboard->execute()
#11 /var/www/html/app/controller/Controller.php(235): app_controller_Controller->handleAjaxRequest(Object(app_controller_Request))
#12 /var/www/html/app/controller/Controller.php(79): app_controller_Controller->handleRequest()
#13 /var/www/html/index.php(161): app_controller_Controller::run()
#14 {main}

[2026-03-19 11:06:34] php_network_getaddresses: getaddrinfo for alchemis-mysql-upgrade.cswhqpuhwywg.eu-west-1.rds.amazonaws.com failed: Name or service not known in /var/www/html/include/pear/MDB2/Driver/mysqli.php on line 521
Stack trace:
#0 /var/www/html/include/pear/MDB2/Driver/mysqli.php(521): mysqli_real_connect(Object(mysqli), 'alchemis-mysql-...', 'alchemis', Object(SensitiveParameterValue), 'alchemis', '3306', '')
#1 /var/www/html/include/pear/MDB2/Driver/mysqli.php(567): MDB2_Driver_mysqli->_doConnect('alchemis', 'rYT4maP7')
#2 /var/www/html/include/pear/MDB2.php(1800): MDB2_Driver_mysqli->connect()
#3 /var/www/html/include/pear/MDB2.php(2592): MDB2_Driver_Common->getConnection()
#4 /var/www/html/app/controller/ApplicationHelper.php(220): MDB2_Driver_Common->query('SET NAMES utf8m...')
#5 /var/www/html/app/mapper/RbacUserMapper.php(28): app_controller_ApplicationHelper->DB()
#6 /var/www/html/app/domain/HelperFactory.php(30): app_mapper_RbacUserMapper->__construct()
#7 /var/www/html/app/domain/DomainObject.php(129): app_domain_HelperFactory::getFinder('RbacUser')
#8 /var/www/html/app/domain/RbacUser.php(434): app_domain_DomainObject::getFinder('app_domain_Rbac...')
#9 /var/www/html/app/command/Command.php(100): app_domain_RbacUser::find(4585)
#10 /var/www/html/app/command/Command.php(45): app_command_Command->initSessionUser()
#11 /var/www/html/app/controller/Controller.php(240): app_command_Command->execute(Object(app_controller_Request))
#12 /var/www/html/app/controller/Controller.php(79): app_controller_Controller->handleRequest()
#13 /var/www/html/index.php(161): app_controller_Controller::run()
#14 {main}

[2026-03-19 11:06:42] php_network_getaddresses: getaddrinfo for alchemis-mysql-upgrade.cswhqpuhwywg.eu-west-1.rds.amazonaws.com failed: Temporary failure in name resolution in /var/www/html/include/pear/MDB2/Driver/mysqli.php on line 521
Stack trace:
#0 /var/www/html/include/pear/MDB2/Driver/mysqli.php(521): mysqli_real_connect(Object(mysqli), 'alchemis-mysql-...', 'alchemis', Object(SensitiveParameterValue), 'alchemis', '3306', '')
#1 /var/www/html/include/pear/MDB2/Driver/mysqli.php(567): MDB2_Driver_mysqli->_doConnect('alchemis', 'rYT4maP7')
#2 /var/www/html/include/pear/MDB2.php(1800): MDB2_Driver_mysqli->connect()
#3 /var/www/html/include/pear/MDB2.php(2592): MDB2_Driver_Common->getConnection()
#4 /var/www/html/app/controller/ApplicationHelper.php(220): MDB2_Driver_Common->query('SET NAMES utf8m...')
#5 /var/www/html/app/mapper/RbacUserMapper.php(28): app_controller_ApplicationHelper->DB()
#6 /var/www/html/app/domain/HelperFactory.php(30): app_mapper_RbacUserMapper->__construct()
#7 /var/www/html/app/domain/DomainObject.php(129): app_domain_HelperFactory::getFinder('RbacUser')
#8 /var/www/html/app/domain/RbacUser.php(434): app_domain_DomainObject::getFinder('app_domain_Rbac...')
#9 /var/www/html/app/command/Command.php(100): app_domain_RbacUser::find(4585)
#10 /var/www/html/app/command/Command.php(45): app_command_Command->initSessionUser()
#11 /var/www/html/app/controller/Controller.php(240): app_command_Command->execute(Object(app_controller_Request))
#12 /var/www/html/app/controller/Controller.php(79): app_controller_Controller->handleRequest()
#13 /var/www/html/index.php(161): app_controller_Controller::run()
#14 {main}

[2026-03-19 11:13:40] php_network_getaddresses: getaddrinfo for alchemis-mysql-upgrade.cswhqpuhwywg.eu-west-1.rds.amazonaws.com failed: Temporary failure in name resolution in /var/www/html/include/pear/MDB2/Driver/mysqli.php on line 521
Stack trace:
#0 /var/www/html/include/pear/MDB2/Driver/mysqli.php(521): mysqli_real_connect(Object(mysqli), 'alchemis-mysql-...', 'alchemis', Object(SensitiveParameterValue), 'alchemis', '3306', '')
#1 /var/www/html/include/pear/MDB2/Driver/mysqli.php(567): MDB2_Driver_mysqli->_doConnect('alchemis', 'rYT4maP7')
#2 /var/www/html/include/pear/MDB2.php(1800): MDB2_Driver_mysqli->connect()
#3 /var/www/html/include/pear/MDB2.php(2592): MDB2_Driver_Common->getConnection()
#4 /var/www/html/app/controller/ApplicationHelper.php(220): MDB2_Driver_Common->query('SET NAMES utf8m...')
#5 /var/www/html/app/mapper/RbacUserMapper.php(28): app_controller_ApplicationHelper->DB()
#6 /var/www/html/app/domain/HelperFactory.php(30): app_mapper_RbacUserMapper->__construct()
#7 /var/www/html/app/domain/DomainObject.php(129): app_domain_HelperFactory::getFinder('RbacUser')
#8 /var/www/html/app/domain/RbacUser.php(434): app_domain_DomainObject::getFinder('app_domain_Rbac...')
#9 /var/www/html/app/command/Command.php(100): app_domain_RbacUser::find(4585)
#10 /var/www/html/app/command/Command.php(45): app_command_Command->initSessionUser()
#11 /var/www/html/app/controller/Controller.php(240): app_command_Command->execute(Object(app_controller_Request))
#12 /var/www/html/app/controller/Controller.php(79): app_controller_Controller->handleRequest()
#13 /var/www/html/index.php(161): app_controller_Controller::run()
#14 {main}

[2026-03-19 11:16:53] php_network_getaddresses: getaddrinfo for alchemis-mysql-upgrade.cswhqpuhwywg.eu-west-1.rds.amazonaws.com failed: Name or service not known in /var/www/html/include/pear/MDB2/Driver/mysqli.php on line 521
Stack trace:
#0 /var/www/html/include/pear/MDB2/Driver/mysqli.php(521): mysqli_real_connect(Object(mysqli), 'alchemis-mysql-...', 'alchemis', Object(SensitiveParameterValue), 'alchemis', '3306', '')
#1 /var/www/html/include/pear/MDB2/Driver/mysqli.php(567): MDB2_Driver_mysqli->_doConnect('alchemis', 'rYT4maP7')
#2 /var/www/html/include/pear/MDB2.php(1800): MDB2_Driver_mysqli->connect()
#3 /var/www/html/include/pear/MDB2.php(2592): MDB2_Driver_Common->getConnection()
#4 /var/www/html/app/controller/ApplicationHelper.php(220): MDB2_Driver_Common->query('SET NAMES utf8m...')
#5 /var/www/html/app/mapper/RbacUserMapper.php(28): app_controller_ApplicationHelper->DB()
#6 /var/www/html/app/domain/HelperFactory.php(30): app_mapper_RbacUserMapper->__construct()
#7 /var/www/html/app/domain/DomainObject.php(129): app_domain_HelperFactory::getFinder('RbacUser')
#8 /var/www/html/app/domain/RbacUser.php(434): app_domain_DomainObject::getFinder('app_domain_Rbac...')
#9 /var/www/html/app/command/Command.php(100): app_domain_RbacUser::find(4585)
#10 /var/www/html/app/command/Command.php(45): app_command_Command->initSessionUser()
#11 /var/www/html/app/controller/Controller.php(240): app_command_Command->execute(Object(app_controller_Request))
#12 /var/www/html/app/controller/Controller.php(79): app_controller_Controller->handleRequest()
#13 /var/www/html/index.php(161): app_controller_Controller::run()
#14 {main}

[2026-03-19 11:18:43] SQLSTATE[HY000] [2002] php_network_getaddresses: getaddrinfo for alchemis-mysql-upgrade.cswhqpuhwywg.eu-west-1.rds.amazonaws.com failed: Temporary failure in name resolution in /var/www/html/vendor/illuminate/database/Illuminate/Database/Connectors/Connector.php on line 47
Stack trace:
#0 /var/www/html/vendor/illuminate/database/Illuminate/Database/Connectors/Connector.php(47): PDO->__construct('mysql:host=alch...', 'alchemis', Object(SensitiveParameterValue), Array)
#1 /var/www/html/vendor/illuminate/database/Illuminate/Database/Connectors/MySqlConnector.php(20): Illuminate\Database\Connectors\Connector->createConnection('mysql:host=alch...', Array, Array)
#2 /var/www/html/vendor/illuminate/database/Illuminate/Database/Connectors/ConnectionFactory.php(57): Illuminate\Database\Connectors\MySqlConnector->connect(Array)
#3 /var/www/html/vendor/illuminate/database/Illuminate/Database/Connectors/ConnectionFactory.php(46): Illuminate\Database\Connectors\ConnectionFactory->createSingleConnection(Array)
#4 /var/www/html/vendor/illuminate/database/Illuminate/Database/DatabaseManager.php(176): Illuminate\Database\Connectors\ConnectionFactory->make(Array, 'default')
#5 /var/www/html/vendor/illuminate/database/Illuminate/Database/DatabaseManager.php(64): Illuminate\Database\DatabaseManager->makeConnection('default')
#6 /var/www/html/vendor/illuminate/database/Illuminate/Database/Eloquent/Model.php(2923): Illuminate\Database\DatabaseManager->connection('default')
#7 /var/www/html/vendor/illuminate/database/Illuminate/Database/Eloquent/Model.php(2889): Illuminate\Database\Eloquent\Model::resolveConnection(NULL)
#8 /var/www/html/vendor/illuminate/database/Illuminate/Database/Eloquent/Model.php(1849): Illuminate\Database\Eloquent\Model->getConnection()
#9 /var/www/html/vendor/illuminate/database/Illuminate/Database/Eloquent/Model.php(1790): Illuminate\Database\Eloquent\Model->newBaseQueryBuilder()
#10 /var/www/html/vendor/illuminate/database/Illuminate/Database/Eloquent/Model.php(1433): Illuminate\Database\Eloquent\Model->newQueryWithoutScopes()
#11 /var/www/html/vendor/illuminate/database/Illuminate/Database/Eloquent/Model.php(526): Illuminate\Database\Eloquent\Model->save()
#12 /var/www/html/include/Auth/Session.php(173): Illuminate\Database\Eloquent\Model::create(Array)
#13 /var/www/html/app/command/Login.php(48): Auth_Session->login('dot.squares', 'TanuSQL8#', 'ecd67398d8f0919...', Object(app_controller_Request))
#14 /var/www/html/app/command/Command.php(48): app_command_Login->doExecute(Object(app_controller_Request))
#15 /var/www/html/app/controller/Controller.php(240): app_command_Command->execute(Object(app_controller_Request))
#16 /var/www/html/app/controller/Controller.php(79): app_controller_Controller->handleRequest()
#17 /var/www/html/index.php(161): app_controller_Controller::run()
#18 {main}

[2026-03-19 11:23:21] Table 'legacy_db.tbl_rbac_users' doesn't exist in /var/www/html/include/pear/MDB2/Driver/mysqli.php on line 781
Stack trace:
#0 /var/www/html/include/pear/MDB2/Driver/mysqli.php(781): mysqli_query(Object(mysqli), 'PREPARE mdb2_st...')
#1 /var/www/html/include/pear/MDB2/Driver/mysqli.php(1130): MDB2_Driver_mysqli->_doQuery('PREPARE mdb2_st...', true, Object(mysqli))
#2 /var/www/html/app/mapper/RbacUserMapper.php(32): MDB2_Driver_mysqli->prepare('PREPARE mdb2_st...')
#3 /var/www/html/app/domain/HelperFactory.php(30): app_mapper_RbacUserMapper->__construct()
#4 /var/www/html/app/domain/DomainObject.php(129): app_domain_HelperFactory::getFinder('RbacUser')
#5 /var/www/html/app/domain/RbacUser.php(434): app_domain_DomainObject::getFinder('app_domain_Rbac...')
#6 /var/www/html/app/command/Command.php(100): app_domain_RbacUser::find(4585)
#7 /var/www/html/app/command/Command.php(45): app_command_Command->initSessionUser()
#8 /var/www/html/app/controller/Controller.php(240): app_command_Command->execute(Object(app_controller_Request))
#9 /var/www/html/app/controller/Controller.php(79): app_controller_Controller->handleRequest()
#10 /var/www/html/index.php(161): app_controller_Controller::run()
#11 {main}

[2026-03-19 11:23:24] Table 'legacy_db.tbl_rbac_users' doesn't exist in /var/www/html/include/pear/MDB2/Driver/mysqli.php on line 781
Stack trace:
#0 /var/www/html/include/pear/MDB2/Driver/mysqli.php(781): mysqli_query(Object(mysqli), 'PREPARE mdb2_st...')
#1 /var/www/html/include/pear/MDB2/Driver/mysqli.php(1130): MDB2_Driver_mysqli->_doQuery('PREPARE mdb2_st...', true, Object(mysqli))
#2 /var/www/html/app/mapper/RbacUserMapper.php(32): MDB2_Driver_mysqli->prepare('PREPARE mdb2_st...')
#3 /var/www/html/app/domain/HelperFactory.php(30): app_mapper_RbacUserMapper->__construct()
#4 /var/www/html/app/domain/DomainObject.php(129): app_domain_HelperFactory::getFinder('RbacUser')
#5 /var/www/html/app/domain/RbacUser.php(434): app_domain_DomainObject::getFinder('app_domain_Rbac...')
#6 /var/www/html/app/command/Command.php(100): app_domain_RbacUser::find(4585)
#7 /var/www/html/app/command/Command.php(45): app_command_Command->initSessionUser()
#8 /var/www/html/app/controller/Controller.php(240): app_command_Command->execute(Object(app_controller_Request))
#9 /var/www/html/app/controller/Controller.php(79): app_controller_Controller->handleRequest()
#10 /var/www/html/index.php(161): app_controller_Controller::run()
#11 {main}

[2026-03-19 11:23:27] Table 'legacy_db.tbl_rbac_users' doesn't exist in /var/www/html/include/pear/MDB2/Driver/mysqli.php on line 781
Stack trace:
#0 /var/www/html/include/pear/MDB2/Driver/mysqli.php(781): mysqli_query(Object(mysqli), 'PREPARE mdb2_st...')
#1 /var/www/html/include/pear/MDB2/Driver/mysqli.php(1130): MDB2_Driver_mysqli->_doQuery('PREPARE mdb2_st...', true, Object(mysqli))
#2 /var/www/html/app/mapper/RbacUserMapper.php(32): MDB2_Driver_mysqli->prepare('PREPARE mdb2_st...')
#3 /var/www/html/app/domain/HelperFactory.php(30): app_mapper_RbacUserMapper->__construct()
#4 /var/www/html/app/domain/DomainObject.php(129): app_domain_HelperFactory::getFinder('RbacUser')
#5 /var/www/html/app/domain/RbacUser.php(434): app_domain_DomainObject::getFinder('app_domain_Rbac...')
#6 /var/www/html/app/command/Command.php(100): app_domain_RbacUser::find(4585)
#7 /var/www/html/app/command/Command.php(45): app_command_Command->initSessionUser()
#8 /var/www/html/app/controller/Controller.php(240): app_command_Command->execute(Object(app_controller_Request))
#9 /var/www/html/app/controller/Controller.php(79): app_controller_Controller->handleRequest()
#10 /var/www/html/index.php(161): app_controller_Controller::run()
#11 {main}

[2026-03-24 04:58:13] SQLSTATE[HY000] [1045] Access denied for user 'alchemis'@'136.232.169.245' (using password: YES) in /var/www/html/include/EasySql/EasySql.class.php on line 72
Stack trace:
#0 /var/www/html/include/EasySql/EasySql.class.php(72): PDO->__construct('mysql:host=alch...', 'alchemis', Object(SensitiveParameterValue), Array)
#1 /var/www/html/app/command/ObjectCharacteristics.php(67): EasySql->__construct('alchemis', '3306/alchemis', 'alchemis', 'alchemis-mysql-...')
#2 /var/www/html/app/command/ObjectCharacteristics.php(25): app_command_ObjectCharacteristics::getObjectCharacteristicsByTypeAndId('company', '7677')
#3 /var/www/html/app/command/Command.php(48): app_command_ObjectCharacteristics->doExecute(Object(app_controller_Request))
#4 /var/www/html/app/controller/Controller.php(240): app_command_Command->execute(Object(app_controller_Request))
#5 /var/www/html/app/controller/Controller.php(79): app_controller_Controller->handleRequest()
#6 /var/www/html/index.php(161): app_controller_Controller::run()
#7 {main}

[2026-03-24 04:58:36] SQLSTATE[HY000] [1045] Access denied for user 'alchemis'@'136.232.169.245' (using password: YES) in /var/www/html/include/EasySql/EasySql.class.php on line 72
Stack trace:
#0 /var/www/html/include/EasySql/EasySql.class.php(72): PDO->__construct('mysql:host=alch...', 'alchemis', Object(SensitiveParameterValue), Array)
#1 /var/www/html/app/command/ObjectCharacteristics.php(67): EasySql->__construct('alchemis', '3306/alchemis', 'alchemis', 'alchemis-mysql-...')
#2 /var/www/html/app/command/ObjectCharacteristics.php(25): app_command_ObjectCharacteristics::getObjectCharacteristicsByTypeAndId('company', '7677')
#3 /var/www/html/app/command/Command.php(48): app_command_ObjectCharacteristics->doExecute(Object(app_controller_Request))
#4 /var/www/html/app/controller/Controller.php(240): app_command_Command->execute(Object(app_controller_Request))
#5 /var/www/html/app/controller/Controller.php(79): app_controller_Controller->handleRequest()
#6 /var/www/html/index.php(161): app_controller_Controller::run()
#7 {main}

[2026-03-24 05:51:25] SQLSTATE[HY000] [1045] Access denied for user 'alchemis'@'136.232.169.245' (using password: YES) in /var/www/html/include/EasySql/EasySql.class.php on line 72
Stack trace:
#0 /var/www/html/include/EasySql/EasySql.class.php(72): PDO->__construct('mysql:host=alch...', 'alchemis', Object(SensitiveParameterValue), Array)
#1 /var/www/html/app/command/ObjectCharacteristics.php(67): EasySql->__construct('alchemis', '3306/alchemis', 'alchemis', 'alchemis-mysql-...')
#2 /var/www/html/app/command/ObjectCharacteristics.php(25): app_command_ObjectCharacteristics::getObjectCharacteristicsByTypeAndId('company', '7677')
#3 /var/www/html/app/command/Command.php(48): app_command_ObjectCharacteristics->doExecute(Object(app_controller_Request))
#4 /var/www/html/app/controller/Controller.php(240): app_command_Command->execute(Object(app_controller_Request))
#5 /var/www/html/app/controller/Controller.php(79): app_controller_Controller->handleRequest()
#6 /var/www/html/index.php(161): app_controller_Controller::run()
#7 {main}

[2026-03-24 05:51:45] SQLSTATE[HY000] [1045] Access denied for user 'alchemis'@'136.232.169.245' (using password: YES) in /var/www/html/include/EasySql/EasySql.class.php on line 72
Stack trace:
#0 /var/www/html/include/EasySql/EasySql.class.php(72): PDO->__construct('mysql:host=alch...', 'alchemis', Object(SensitiveParameterValue), Array)
#1 /var/www/html/app/command/ObjectCharacteristics.php(67): EasySql->__construct('alchemis', '3306/alchemis', 'alchemis', 'alchemis-mysql-...')
#2 /var/www/html/app/command/ObjectCharacteristics.php(25): app_command_ObjectCharacteristics::getObjectCharacteristicsByTypeAndId('company', '7677')
#3 /var/www/html/app/command/Command.php(48): app_command_ObjectCharacteristics->doExecute(Object(app_controller_Request))
#4 /var/www/html/app/controller/Controller.php(240): app_command_Command->execute(Object(app_controller_Request))
#5 /var/www/html/app/controller/Controller.php(79): app_controller_Controller->handleRequest()
#6 /var/www/html/index.php(161): app_controller_Controller::run()
#7 {main}

[2026-03-24 05:55:28] SQLSTATE[HY000] [1045] Access denied for user 'alchemis'@'136.232.169.245' (using password: YES) in /var/www/html/include/EasySql/EasySql.class.php on line 77
Stack trace:
#0 /var/www/html/include/EasySql/EasySql.class.php(77): PDO->__construct('mysql:host=alch...', 'alchemis', Object(SensitiveParameterValue), Array)
#1 /var/www/html/app/command/ObjectCharacteristics.php(67): EasySql->__construct('alchemis', '3306/alchemis', 'alchemis', 'alchemis-mysql-...')
#2 /var/www/html/app/command/ObjectCharacteristics.php(25): app_command_ObjectCharacteristics::getObjectCharacteristicsByTypeAndId('company', '7677')
#3 /var/www/html/app/command/Command.php(48): app_command_ObjectCharacteristics->doExecute(Object(app_controller_Request))
#4 /var/www/html/app/controller/Controller.php(240): app_command_Command->execute(Object(app_controller_Request))
#5 /var/www/html/app/controller/Controller.php(79): app_controller_Controller->handleRequest()
#6 /var/www/html/index.php(161): app_controller_Controller::run()
#7 {main}

[2026-03-24 05:56:21] SQLSTATE[HY000] [1045] Access denied for user 'alchemis'@'136.232.169.245' (using password: YES) in /var/www/html/include/EasySql/EasySql.class.php on line 72
Stack trace:
#0 /var/www/html/include/EasySql/EasySql.class.php(72): PDO->__construct('mysql:host=alch...', 'alchemis', Object(SensitiveParameterValue), Array)
#1 /var/www/html/app/command/ObjectCharacteristics.php(67): EasySql->__construct('alchemis', '3306/alchemis', 'alchemis', 'alchemis-mysql-...')
#2 /var/www/html/app/command/ObjectCharacteristics.php(25): app_command_ObjectCharacteristics::getObjectCharacteristicsByTypeAndId('company', '7677')
#3 /var/www/html/app/command/Command.php(48): app_command_ObjectCharacteristics->doExecute(Object(app_controller_Request))
#4 /var/www/html/app/controller/Controller.php(240): app_command_Command->execute(Object(app_controller_Request))
#5 /var/www/html/app/controller/Controller.php(79): app_controller_Controller->handleRequest()
#6 /var/www/html/index.php(161): app_controller_Controller::run()
#7 {main}

[2026-03-24 06:07:47] SQLSTATE[HY000] [1045] Access denied for user 'alchemis'@'136.232.169.245' (using password: YES) in /var/www/html/include/EasySql/EasySql.class.php on line 72
Stack trace:
#0 /var/www/html/include/EasySql/EasySql.class.php(72): PDO->__construct('mysql:host=alch...', 'alchemis', Object(SensitiveParameterValue), Array)
#1 /var/www/html/app/command/ObjectCharacteristics.php(67): EasySql->__construct('alchemis', '3306/alchemis', 'alchemis', 'alchemis-mysql-...')
#2 /var/www/html/app/command/ObjectCharacteristics.php(25): app_command_ObjectCharacteristics::getObjectCharacteristicsByTypeAndId('company', '7677')
#3 /var/www/html/app/command/Command.php(48): app_command_ObjectCharacteristics->doExecute(Object(app_controller_Request))
#4 /var/www/html/app/controller/Controller.php(240): app_command_Command->execute(Object(app_controller_Request))
#5 /var/www/html/app/controller/Controller.php(79): app_controller_Controller->handleRequest()
#6 /var/www/html/index.php(161): app_controller_Controller::run()
#7 {main}

[2026-03-24 06:10:03] SQLSTATE[HY000] [1045] Access denied for user 'alchemis'@'136.232.169.245' (using password: YES) in /var/www/html/include/EasySql/EasySql.class.php on line 72
Stack trace:
#0 /var/www/html/include/EasySql/EasySql.class.php(72): PDO->__construct('mysql:host=alch...', 'alchemis', Object(SensitiveParameterValue), Array)
#1 /var/www/html/app/command/ObjectCharacteristics.php(67): EasySql->__construct('alchemis', '3306/alchemis', 'alchemis', 'alchemis-mysql-...')
#2 /var/www/html/app/command/ObjectCharacteristics.php(25): app_command_ObjectCharacteristics::getObjectCharacteristicsByTypeAndId('company', '7677')
#3 /var/www/html/app/command/Command.php(48): app_command_ObjectCharacteristics->doExecute(Object(app_controller_Request))
#4 /var/www/html/app/controller/Controller.php(240): app_command_Command->execute(Object(app_controller_Request))
#5 /var/www/html/app/controller/Controller.php(79): app_controller_Controller->handleRequest()
#6 /var/www/html/index.php(161): app_controller_Controller::run()
#7 {main}

[2026-03-24 11:26:03] Unknown column 'parent_company_id' in 'field list' in /var/www/html/include/pear/MDB2/Driver/mysqli.php on line 781
Stack trace:
#0 /var/www/html/include/pear/MDB2/Driver/mysqli.php(781): mysqli_query(Object(mysqli), 'PREPARE MDB2_SH...')
#1 /var/www/html/include/pear/MDB2.php(2560): MDB2_Driver_mysqli->_doQuery('PREPARE MDB2_SH...', true, Object(mysqli), 'alchemis')
#2 /var/www/html/app/mapper/ShadowMapper.php(287): MDB2_Driver_Common->exec('PREPARE MDB2_SH...')
#3 /var/www/html/app/mapper/ShadowMapper.php(61): app_mapper_ShadowMapper->doShadow(Object(MDB2_Driver_mysqli), Array)
#4 /var/www/html/app/mapper/CompanyMapper.php(88): app_mapper_ShadowMapper->doStatement(Object(MDB2_Statement_mysqli), Array)
#5 /var/www/html/app/mapper/Mapper.php(136): app_mapper_CompanyMapper->doInsert(Object(app_domain_Company))
#6 /var/www/html/app/domain/ObjectWatcher.php(207): app_mapper_Mapper->insert(Object(app_domain_Company))
#7 /var/www/html/app/domain/DomainObject.php(47): app_domain_ObjectWatcher::commit(Object(app_domain_Company))
#8 /var/www/html/app/command/CompanyCreate.php(180): app_domain_DomainObject->commit()
#9 /var/www/html/app/command/CompanyCreate.php(49): app_command_CompanyCreate->processForm(Object(app_controller_Request))
#10 /var/www/html/app/command/Command.php(48): app_command_CompanyCreate->doExecute(Object(app_controller_Request))
#11 /var/www/html/app/controller/Controller.php(240): app_command_Command->execute(Object(app_controller_Request))
#12 /var/www/html/app/controller/Controller.php(79): app_controller_Controller->handleRequest()
#13 /var/www/html/index.php(163): app_controller_Controller::run()
#14 {main}

[2026-03-26 06:27:53] Column 'name' cannot be null in /var/www/html/include/pear/MDB2/Driver/mysqli.php on line 781
Stack trace:
#0 /var/www/html/include/pear/MDB2/Driver/mysqli.php(781): mysqli_query(Object(mysqli), 'INSERT INTO tbl...')
#1 /var/www/html/include/pear/MDB2.php(2597): MDB2_Driver_mysqli->_doQuery('INSERT INTO tbl...', false, Object(mysqli), 'alchemis')
#2 /var/www/html/app/mapper/ClientMapper.php(160): MDB2_Driver_Common->query('INSERT INTO tbl...')
#3 /var/www/html/app/mapper/Mapper.php(136): app_mapper_ClientMapper->doInsert(Object(app_domain_Client))
#4 /var/www/html/app/domain/ObjectWatcher.php(207): app_mapper_Mapper->insert(Object(app_domain_Client))
#5 /var/www/html/app/domain/DomainObject.php(47): app_domain_ObjectWatcher::commit(Object(app_domain_Client))
#6 /var/www/html/app/command/ClientCreate.php(74): app_domain_DomainObject->commit()
#7 /var/www/html/app/command/ClientCreate.php(25): app_command_ClientCreate->processForm(Object(app_controller_Request))
#8 /var/www/html/app/command/Command.php(48): app_command_ClientCreate->doExecute(Object(app_controller_Request))
#9 /var/www/html/app/controller/Controller.php(240): app_command_Command->execute(Object(app_controller_Request))
#10 /var/www/html/app/controller/Controller.php(79): app_controller_Controller->handleRequest()
#11 /var/www/html/index.php(163): app_controller_Controller::run()
#12 {main}

[2026-03-27 11:31:03] Column 'handle' cannot be null in /var/www/html/include/pear/MDB2/Driver/mysqli.php on line 781
Stack trace:
#0 /var/www/html/include/pear/MDB2/Driver/mysqli.php(781): mysqli_query(Object(mysqli), 'EXECUTE mdb2_st...')
#1 /var/www/html/include/pear/MDB2/Driver/mysqli.php(1798): MDB2_Driver_mysqli->_doQuery('EXECUTE mdb2_st...', false, Object(mysqli))
#2 /var/www/html/include/pear/MDB2.php(4127): MDB2_Statement_mysqli->_execute(true, false)
#3 /var/www/html/app/mapper/Mapper.php(170): MDB2_Statement_Common->execute(Array)
#4 /var/www/html/app/mapper/RbacUserMapper.php(127): app_mapper_Mapper->doStatement(Object(MDB2_Statement_mysqli), Array)
#5 /var/www/html/app/mapper/Mapper.php(136): app_mapper_RbacUserMapper->doInsert(Object(app_domain_RbacUser))
#6 /var/www/html/app/domain/ObjectWatcher.php(207): app_mapper_Mapper->insert(Object(app_domain_RbacUser))
#7 /var/www/html/app/domain/DomainObject.php(47): app_domain_ObjectWatcher::commit(Object(app_domain_RbacUser))
#8 /var/www/html/app/command/AjaxUser.php(46): app_domain_DomainObject->commit()
#9 /var/www/html/app/controller/Controller.php(330): app_command_AjaxUser->execute()
#10 /var/www/html/app/controller/Controller.php(235): app_controller_Controller->handleAjaxRequest(Object(app_controller_Request))
#11 /var/www/html/app/controller/Controller.php(79): app_controller_Controller->handleRequest()
#12 /var/www/html/index.php(163): app_controller_Controller::run()
#13 {main}

[2026-03-27 11:31:09] Column 'handle' cannot be null in /var/www/html/include/pear/MDB2/Driver/mysqli.php on line 781
Stack trace:
#0 /var/www/html/include/pear/MDB2/Driver/mysqli.php(781): mysqli_query(Object(mysqli), 'EXECUTE mdb2_st...')
#1 /var/www/html/include/pear/MDB2/Driver/mysqli.php(1798): MDB2_Driver_mysqli->_doQuery('EXECUTE mdb2_st...', false, Object(mysqli))
#2 /var/www/html/include/pear/MDB2.php(4127): MDB2_Statement_mysqli->_execute(true, false)
#3 /var/www/html/app/mapper/Mapper.php(170): MDB2_Statement_Common->execute(Array)
#4 /var/www/html/app/mapper/RbacUserMapper.php(127): app_mapper_Mapper->doStatement(Object(MDB2_Statement_mysqli), Array)
#5 /var/www/html/app/mapper/Mapper.php(136): app_mapper_RbacUserMapper->doInsert(Object(app_domain_RbacUser))
#6 /var/www/html/app/domain/ObjectWatcher.php(207): app_mapper_Mapper->insert(Object(app_domain_RbacUser))
#7 /var/www/html/app/domain/DomainObject.php(47): app_domain_ObjectWatcher::commit(Object(app_domain_RbacUser))
#8 /var/www/html/app/command/AjaxUser.php(46): app_domain_DomainObject->commit()
#9 /var/www/html/app/controller/Controller.php(330): app_command_AjaxUser->execute()
#10 /var/www/html/app/controller/Controller.php(235): app_controller_Controller->handleAjaxRequest(Object(app_controller_Request))
#11 /var/www/html/app/controller/Controller.php(79): app_controller_Controller->handleRequest()
#12 /var/www/html/index.php(163): app_controller_Controller::run()
#13 {main}

[2026-03-27 11:37:12] Column 'name' cannot be null in /var/www/html/include/pear/MDB2/Driver/mysqli.php on line 1813
Stack trace:
#0 /var/www/html/include/pear/MDB2/Driver/mysqli.php(1813): mysqli_stmt_execute(Object(mysqli_stmt))
#1 /var/www/html/include/pear/MDB2.php(4127): MDB2_Statement_mysqli->_execute(true, false)
#2 /var/www/html/app/mapper/Mapper.php(170): MDB2_Statement_Common->execute(Array)
#3 /var/www/html/app/mapper/RegionMapper.php(90): app_mapper_Mapper->doStatement(Object(MDB2_Statement_mysqli), Array)
#4 /var/www/html/app/mapper/Mapper.php(136): app_mapper_RegionMapper->doInsert(Object(app_domain_Region))
#5 /var/www/html/app/domain/ObjectWatcher.php(207): app_mapper_Mapper->insert(Object(app_domain_Region))
#6 /var/www/html/app/domain/DomainObject.php(47): app_domain_ObjectWatcher::commit(Object(app_domain_Region))
#7 /var/www/html/app/command/AdminRegions.php(81): app_domain_DomainObject->commit()
#8 /var/www/html/app/command/AdminRegions.php(50): app_command_AdminRegions->processForm(Object(app_controller_Request))
#9 /var/www/html/app/command/Command.php(48): app_command_AdminRegions->doExecute(Object(app_controller_Request))
#10 /var/www/html/app/controller/Controller.php(240): app_command_Command->execute(Object(app_controller_Request))
#11 /var/www/html/app/controller/Controller.php(79): app_controller_Controller->handleRequest()
#12 /var/www/html/index.php(163): app_controller_Controller::run()
#13 {main}

[2026-03-27 11:49:53] Column 'name' cannot be null in /var/www/html/include/pear/MDB2/Driver/mysqli.php on line 781
Stack trace:
#0 /var/www/html/include/pear/MDB2/Driver/mysqli.php(781): mysqli_query(Object(mysqli), 'EXECUTE mdb2_st...')
#1 /var/www/html/include/pear/MDB2/Driver/mysqli.php(1798): MDB2_Driver_mysqli->_doQuery('EXECUTE mdb2_st...', false, Object(mysqli))
#2 /var/www/html/include/pear/MDB2.php(4127): MDB2_Statement_mysqli->_execute(true, false)
#3 /var/www/html/app/mapper/Mapper.php(170): MDB2_Statement_Common->execute(Array)
#4 /var/www/html/app/mapper/CharacteristicMapper.php(83): app_mapper_Mapper->doStatement(Object(MDB2_Statement_mysqli), Array)
#5 /var/www/html/app/mapper/Mapper.php(136): app_mapper_CharacteristicMapper->doInsert(Object(app_domain_Characteristic))
#6 /var/www/html/app/domain/ObjectWatcher.php(207): app_mapper_Mapper->insert(Object(app_domain_Characteristic))
#7 /var/www/html/app/domain/DomainObject.php(47): app_domain_ObjectWatcher::commit(Object(app_domain_Characteristic))
#8 /var/www/html/app/command/AjaxCharacteristic.php(47): app_domain_DomainObject->commit()
#9 /var/www/html/app/controller/Controller.php(330): app_command_AjaxCharacteristic->execute()
#10 /var/www/html/app/controller/Controller.php(235): app_controller_Controller->handleAjaxRequest(Object(app_controller_Request))
#11 /var/www/html/app/controller/Controller.php(79): app_controller_Controller->handleRequest()
#12 /var/www/html/index.php(163): app_controller_Controller::run()
#13 {main}

[2026-03-27 11:53:13] Column 'name' cannot be null in /var/www/html/include/pear/MDB2/Driver/mysqli.php on line 781
Stack trace:
#0 /var/www/html/include/pear/MDB2/Driver/mysqli.php(781): mysqli_query(Object(mysqli), 'EXECUTE mdb2_st...')
#1 /var/www/html/include/pear/MDB2/Driver/mysqli.php(1798): MDB2_Driver_mysqli->_doQuery('EXECUTE mdb2_st...', false, Object(mysqli))
#2 /var/www/html/include/pear/MDB2.php(4127): MDB2_Statement_mysqli->_execute(true, false)
#3 /var/www/html/app/mapper/Mapper.php(170): MDB2_Statement_Common->execute(Array)
#4 /var/www/html/app/mapper/CharacteristicMapper.php(83): app_mapper_Mapper->doStatement(Object(MDB2_Statement_mysqli), Array)
#5 /var/www/html/app/mapper/Mapper.php(136): app_mapper_CharacteristicMapper->doInsert(Object(app_domain_Characteristic))
#6 /var/www/html/app/domain/ObjectWatcher.php(207): app_mapper_Mapper->insert(Object(app_domain_Characteristic))
#7 /var/www/html/app/domain/DomainObject.php(47): app_domain_ObjectWatcher::commit(Object(app_domain_Characteristic))
#8 /var/www/html/app/command/AjaxCharacteristic.php(47): app_domain_DomainObject->commit()
#9 /var/www/html/app/controller/Controller.php(330): app_command_AjaxCharacteristic->execute()
#10 /var/www/html/app/controller/Controller.php(235): app_controller_Controller->handleAjaxRequest(Object(app_controller_Request))
#11 /var/www/html/app/controller/Controller.php(79): app_controller_Controller->handleRequest()
#12 /var/www/html/index.php(163): app_controller_Controller::run()
#13 {main}

[2026-03-27 11:54:19] Column 'name' cannot be null in /var/www/html/include/pear/MDB2/Driver/mysqli.php on line 781
Stack trace:
#0 /var/www/html/include/pear/MDB2/Driver/mysqli.php(781): mysqli_query(Object(mysqli), 'EXECUTE mdb2_st...')
#1 /var/www/html/include/pear/MDB2/Driver/mysqli.php(1798): MDB2_Driver_mysqli->_doQuery('EXECUTE mdb2_st...', false, Object(mysqli))
#2 /var/www/html/include/pear/MDB2.php(4127): MDB2_Statement_mysqli->_execute(true, false)
#3 /var/www/html/app/mapper/Mapper.php(170): MDB2_Statement_Common->execute(Array)
#4 /var/www/html/app/mapper/CharacteristicMapper.php(83): app_mapper_Mapper->doStatement(Object(MDB2_Statement_mysqli), Array)
#5 /var/www/html/app/mapper/Mapper.php(136): app_mapper_CharacteristicMapper->doInsert(Object(app_domain_Characteristic))
#6 /var/www/html/app/domain/ObjectWatcher.php(207): app_mapper_Mapper->insert(Object(app_domain_Characteristic))
#7 /var/www/html/app/domain/DomainObject.php(47): app_domain_ObjectWatcher::commit(Object(app_domain_Characteristic))
#8 /var/www/html/app/command/AjaxCharacteristic.php(47): app_domain_DomainObject->commit()
#9 /var/www/html/app/controller/Controller.php(330): app_command_AjaxCharacteristic->execute()
#10 /var/www/html/app/controller/Controller.php(235): app_controller_Controller->handleAjaxRequest(Object(app_controller_Request))
#11 /var/www/html/app/controller/Controller.php(79): app_controller_Controller->handleRequest()
#12 /var/www/html/index.php(163): app_controller_Controller::run()
#13 {main}

[2026-03-27 11:57:56] Column 'name' cannot be null in /var/www/html/include/pear/MDB2/Driver/mysqli.php on line 781
Stack trace:
#0 /var/www/html/include/pear/MDB2/Driver/mysqli.php(781): mysqli_query(Object(mysqli), 'EXECUTE mdb2_st...')
#1 /var/www/html/include/pear/MDB2/Driver/mysqli.php(1798): MDB2_Driver_mysqli->_doQuery('EXECUTE mdb2_st...', false, Object(mysqli))
#2 /var/www/html/include/pear/MDB2.php(4127): MDB2_Statement_mysqli->_execute(true, false)
#3 /var/www/html/app/mapper/Mapper.php(170): MDB2_Statement_Common->execute(Array)
#4 /var/www/html/app/mapper/CharacteristicMapper.php(83): app_mapper_Mapper->doStatement(Object(MDB2_Statement_mysqli), Array)
#5 /var/www/html/app/mapper/Mapper.php(136): app_mapper_CharacteristicMapper->doInsert(Object(app_domain_Characteristic))
#6 /var/www/html/app/domain/ObjectWatcher.php(207): app_mapper_Mapper->insert(Object(app_domain_Characteristic))
#7 /var/www/html/app/domain/DomainObject.php(47): app_domain_ObjectWatcher::commit(Object(app_domain_Characteristic))
#8 /var/www/html/app/command/AjaxCharacteristic.php(47): app_domain_DomainObject->commit()
#9 /var/www/html/app/controller/Controller.php(330): app_command_AjaxCharacteristic->execute()
#10 /var/www/html/app/controller/Controller.php(235): app_controller_Controller->handleAjaxRequest(Object(app_controller_Request))
#11 /var/www/html/app/controller/Controller.php(79): app_controller_Controller->handleRequest()
#12 /var/www/html/index.php(163): app_controller_Controller::run()
#13 {main}

[2026-03-27 13:21:35] SQLSTATE[HY000] [1045] Access denied for user 'alchemis'@'136.232.169.245' (using password: YES) in /var/www/html/include/EasySql/EasySql.class.php on line 76
Stack trace:
#0 /var/www/html/include/EasySql/EasySql.class.php(76): PDO->__construct('mysql:host=alch...', 'alchemis', Object(SensitiveParameterValue), Array)
#1 /var/www/html/app/command/MailerItemList.php(99): EasySql->__construct('alchemis', '3306/alchemis', 'alchemis', 'alchemis-mysql-...')
#2 /var/www/html/app/command/MailerItemList.php(38): app_command_MailerItemList->processForm(Object(app_controller_Request))
#3 /var/www/html/app/command/Command.php(48): app_command_MailerItemList->doExecute(Object(app_controller_Request))
#4 /var/www/html/app/controller/Controller.php(240): app_command_Command->execute(Object(app_controller_Request))
#5 /var/www/html/app/controller/Controller.php(79): app_controller_Controller->handleRequest()
#6 /var/www/html/index.php(163): app_controller_Controller::run()
#7 {main}

[2026-03-28 08:44:24] php_network_getaddresses: getaddrinfo for alchemis-mysql-upgrade.cswhqpuhwywg.eu-west-1.rds.amazonaws.com failed: Name or service not known in /var/www/html/include/pear/MDB2/Driver/mysqli.php on line 521
Stack trace:
#0 /var/www/html/include/pear/MDB2/Driver/mysqli.php(521): mysqli_real_connect(Object(mysqli), 'alchemis-mysql-...', 'alchemis', Object(SensitiveParameterValue), 'alchemis', '3306', '')
#1 /var/www/html/include/pear/MDB2/Driver/mysqli.php(567): MDB2_Driver_mysqli->_doConnect('alchemis', 'rYT4maP7')
#2 /var/www/html/include/pear/MDB2.php(1800): MDB2_Driver_mysqli->connect()
#3 /var/www/html/include/pear/MDB2.php(2592): MDB2_Driver_Common->getConnection()
#4 /var/www/html/app/controller/ApplicationHelper.php(220): MDB2_Driver_Common->query('SET NAMES utf8m...')
#5 /var/www/html/app/mapper/RbacUserMapper.php(28): app_controller_ApplicationHelper->DB()
#6 /var/www/html/app/domain/HelperFactory.php(30): app_mapper_RbacUserMapper->__construct()
#7 /var/www/html/app/domain/DomainObject.php(129): app_domain_HelperFactory::getFinder('RbacUser')
#8 /var/www/html/app/domain/RbacUser.php(434): app_domain_DomainObject::getFinder('app_domain_Rbac...')
#9 /var/www/html/app/command/Command.php(100): app_domain_RbacUser::find(4585)
#10 /var/www/html/app/command/Command.php(45): app_command_Command->initSessionUser()
#11 /var/www/html/app/controller/Controller.php(240): app_command_Command->execute(Object(app_controller_Request))
#12 /var/www/html/app/controller/Controller.php(79): app_controller_Controller->handleRequest()
#13 /var/www/html/index.php(163): app_controller_Controller::run()
#14 {main}

[2026-04-02 05:12:41] php_network_getaddresses: getaddrinfo for alchemis-mysql-upgrade.cswhqpuhwywg.eu-west-1.rds.amazonaws.com failed: No address associated with hostname in /var/www/html/include/pear/MDB2/Driver/mysqli.php on line 521
Stack trace:
#0 /var/www/html/include/pear/MDB2/Driver/mysqli.php(521): mysqli_real_connect(Object(mysqli), 'alchemis-mysql-...', 'alchemis', Object(SensitiveParameterValue), 'alchemis', '3306', '')
#1 /var/www/html/include/pear/MDB2/Driver/mysqli.php(567): MDB2_Driver_mysqli->_doConnect('alchemis', 'rYT4maP7')
#2 /var/www/html/include/pear/MDB2.php(1800): MDB2_Driver_mysqli->connect()
#3 /var/www/html/include/pear/MDB2.php(2592): MDB2_Driver_Common->getConnection()
#4 /var/www/html/app/controller/ApplicationHelper.php(220): MDB2_Driver_Common->query('SET NAMES utf8m...')
#5 /var/www/html/app/mapper/RbacUserMapper.php(28): app_controller_ApplicationHelper->DB()
#6 /var/www/html/app/domain/HelperFactory.php(30): app_mapper_RbacUserMapper->__construct()
#7 /var/www/html/app/domain/DomainObject.php(129): app_domain_HelperFactory::getFinder('RbacUser')
#8 /var/www/html/app/domain/RbacUser.php(434): app_domain_DomainObject::getFinder('app_domain_Rbac...')
#9 /var/www/html/app/command/Command.php(100): app_domain_RbacUser::find(4585)
#10 /var/www/html/app/command/Command.php(45): app_command_Command->initSessionUser()
#11 /var/www/html/app/controller/Controller.php(240): app_command_Command->execute(Object(app_controller_Request))
#12 /var/www/html/app/controller/Controller.php(79): app_controller_Controller->handleRequest()
#13 /var/www/html/index.php(163): app_controller_Controller::run()
#14 {main}

[2026-04-15 09:16:54] php_network_getaddresses: getaddrinfo for alchemis-mysql-upgrade.cswhqpuhwywg.eu-west-1.rds.amazonaws.com failed: Name or service not known in /var/www/html/include/pear/MDB2/Driver/mysqli.php on line 521
Stack trace:
#0 /var/www/html/include/pear/MDB2/Driver/mysqli.php(521): mysqli_real_connect(Object(mysqli), 'alchemis-mysql-...', 'alchemis', Object(SensitiveParameterValue), 'alchemis', '3306', '')
#1 /var/www/html/include/pear/MDB2/Driver/mysqli.php(567): MDB2_Driver_mysqli->_doConnect('alchemis', 'rYT4maP7')
#2 /var/www/html/include/pear/MDB2.php(1800): MDB2_Driver_mysqli->connect()
#3 /var/www/html/include/pear/MDB2.php(2592): MDB2_Driver_Common->getConnection()
#4 /var/www/html/app/controller/ApplicationHelper.php(220): MDB2_Driver_Common->query('SET NAMES utf8m...')
#5 /var/www/html/app/mapper/RbacUserMapper.php(28): app_controller_ApplicationHelper->DB()
#6 /var/www/html/app/domain/HelperFactory.php(30): app_mapper_RbacUserMapper->__construct()
#7 /var/www/html/app/domain/DomainObject.php(129): app_domain_HelperFactory::getFinder('RbacUser')
#8 /var/www/html/app/domain/RbacUser.php(434): app_domain_DomainObject::getFinder('app_domain_Rbac...')
#9 /var/www/html/app/command/Command.php(100): app_domain_RbacUser::find(4585)
#10 /var/www/html/app/command/Command.php(45): app_command_Command->initSessionUser()
#11 /var/www/html/app/controller/Controller.php(240): app_command_Command->execute(Object(app_controller_Request))
#12 /var/www/html/app/controller/Controller.php(79): app_controller_Controller->handleRequest()
#13 /var/www/html/index.php(163): app_controller_Controller::run()
#14 {main}

[2026-04-15 11:07:00] php_network_getaddresses: getaddrinfo for alchemis-mysql-upgrade.cswhqpuhwywg.eu-west-1.rds.amazonaws.com failed: No address associated with hostname in /var/www/html/include/pear/MDB2/Driver/mysqli.php on line 521
Stack trace:
#0 /var/www/html/include/pear/MDB2/Driver/mysqli.php(521): mysqli_real_connect(Object(mysqli), 'alchemis-mysql-...', 'alchemis', Object(SensitiveParameterValue), 'alchemis', '3306', '')
#1 /var/www/html/include/pear/MDB2/Driver/mysqli.php(567): MDB2_Driver_mysqli->_doConnect('alchemis', 'rYT4maP7')
#2 /var/www/html/include/pear/MDB2.php(1800): MDB2_Driver_mysqli->connect()
#3 /var/www/html/include/pear/MDB2.php(2592): MDB2_Driver_Common->getConnection()
#4 /var/www/html/app/controller/ApplicationHelper.php(220): MDB2_Driver_Common->query('SET NAMES utf8m...')
#5 /var/www/html/app/mapper/RbacUserMapper.php(28): app_controller_ApplicationHelper->DB()
#6 /var/www/html/app/domain/HelperFactory.php(30): app_mapper_RbacUserMapper->__construct()
#7 /var/www/html/app/domain/DomainObject.php(129): app_domain_HelperFactory::getFinder('RbacUser')
#8 /var/www/html/app/domain/RbacUser.php(434): app_domain_DomainObject::getFinder('app_domain_Rbac...')
#9 /var/www/html/app/command/Command.php(100): app_domain_RbacUser::find(4585)
#10 /var/www/html/app/command/Command.php(45): app_command_Command->initSessionUser()
#11 /var/www/html/app/controller/Controller.php(240): app_command_Command->execute(Object(app_controller_Request))
#12 /var/www/html/app/controller/Controller.php(79): app_controller_Controller->handleRequest()
#13 /var/www/html/index.php(163): app_controller_Controller::run()
#14 {main}

[2026-04-17 10:30:43] php_network_getaddresses: getaddrinfo for alchemis-mysql-upgrade.cswhqpuhwywg.eu-west-1.rds.amazonaws.com failed: No address associated with hostname in /var/www/html/include/pear/MDB2/Driver/mysqli.php on line 521
Stack trace:
#0 /var/www/html/include/pear/MDB2/Driver/mysqli.php(521): mysqli_real_connect(Object(mysqli), 'alchemis-mysql-...', 'alchemis', Object(SensitiveParameterValue), 'alchemis', '3306', '')
#1 /var/www/html/include/pear/MDB2/Driver/mysqli.php(567): MDB2_Driver_mysqli->_doConnect('alchemis', 'rYT4maP7')
#2 /var/www/html/include/pear/MDB2.php(1800): MDB2_Driver_mysqli->connect()
#3 /var/www/html/include/pear/MDB2.php(2592): MDB2_Driver_Common->getConnection()
#4 /var/www/html/app/controller/ApplicationHelper.php(220): MDB2_Driver_Common->query('SET NAMES utf8m...')
#5 /var/www/html/app/mapper/RbacUserMapper.php(28): app_controller_ApplicationHelper->DB()
#6 /var/www/html/app/domain/HelperFactory.php(30): app_mapper_RbacUserMapper->__construct()
#7 /var/www/html/app/domain/DomainObject.php(129): app_domain_HelperFactory::getFinder('RbacUser')
#8 /var/www/html/app/domain/RbacUser.php(434): app_domain_DomainObject::getFinder('app_domain_Rbac...')
#9 /var/www/html/app/command/Command.php(100): app_domain_RbacUser::find(4585)
#10 /var/www/html/app/command/Command.php(45): app_command_Command->initSessionUser()
#11 /var/www/html/app/controller/Controller.php(240): app_command_Command->execute(Object(app_controller_Request))
#12 /var/www/html/app/controller/Controller.php(79): app_controller_Controller->handleRequest()
#13 /var/www/html/index.php(163): app_controller_Controller::run()
#14 {main}

[2026-04-17 10:32:28] SQLSTATE[42S02]: Base table or view not found: 1146 Table 'legacy_db.tbl_rbac_users' doesn't exist in /var/www/html/include/EasySql/EasySql.class.php on line 263
Stack trace:
#0 /var/www/html/include/EasySql/EasySql.class.php(263): PDO->query('SELECT COUNT(*)...')
#1 /var/www/html/include/EasySql/EasySql.class.php(343): EasySql->query('SELECT COUNT(*)...')
#2 /var/www/html/include/Auth/Session.php(113): EasySql->getVariable('SELECT COUNT(*)...')
#3 /var/www/html/app/controller/Controller.php(166): Auth_Session->authenticate()
#4 /var/www/html/app/controller/Controller.php(77): app_controller_Controller->validateSession()
#5 /var/www/html/index.php(163): app_controller_Controller::run()
#6 {main}

[2026-04-17 10:32:29] SQLSTATE[42S02]: Base table or view not found: 1146 Table 'legacy_db.tbl_rbac_users' doesn't exist in /var/www/html/include/EasySql/EasySql.class.php on line 263
Stack trace:
#0 /var/www/html/include/EasySql/EasySql.class.php(263): PDO->query('SELECT COUNT(*)...')
#1 /var/www/html/include/EasySql/EasySql.class.php(343): EasySql->query('SELECT COUNT(*)...')
#2 /var/www/html/include/Auth/Session.php(113): EasySql->getVariable('SELECT COUNT(*)...')
#3 /var/www/html/app/controller/Controller.php(166): Auth_Session->authenticate()
#4 /var/www/html/app/controller/Controller.php(77): app_controller_Controller->validateSession()
#5 /var/www/html/index.php(163): app_controller_Controller::run()
#6 {main}

[2026-04-17 10:32:29] SQLSTATE[42S02]: Base table or view not found: 1146 Table 'legacy_db.tbl_rbac_users' doesn't exist in /var/www/html/include/EasySql/EasySql.class.php on line 263
Stack trace:
#0 /var/www/html/include/EasySql/EasySql.class.php(263): PDO->query('SELECT COUNT(*)...')
#1 /var/www/html/include/EasySql/EasySql.class.php(343): EasySql->query('SELECT COUNT(*)...')
#2 /var/www/html/include/Auth/Session.php(113): EasySql->getVariable('SELECT COUNT(*)...')
#3 /var/www/html/app/controller/Controller.php(166): Auth_Session->authenticate()
#4 /var/www/html/app/controller/Controller.php(77): app_controller_Controller->validateSession()
#5 /var/www/html/index.php(163): app_controller_Controller::run()
#6 {main}

[2026-04-17 10:32:29] SQLSTATE[42S02]: Base table or view not found: 1146 Table 'legacy_db.tbl_rbac_users' doesn't exist in /var/www/html/include/EasySql/EasySql.class.php on line 263
Stack trace:
#0 /var/www/html/include/EasySql/EasySql.class.php(263): PDO->query('SELECT COUNT(*)...')
#1 /var/www/html/include/EasySql/EasySql.class.php(343): EasySql->query('SELECT COUNT(*)...')
#2 /var/www/html/include/Auth/Session.php(113): EasySql->getVariable('SELECT COUNT(*)...')
#3 /var/www/html/app/controller/Controller.php(166): Auth_Session->authenticate()
#4 /var/www/html/app/controller/Controller.php(77): app_controller_Controller->validateSession()
#5 /var/www/html/index.php(163): app_controller_Controller::run()
#6 {main}

[2026-04-17 10:32:29] SQLSTATE[42S02]: Base table or view not found: 1146 Table 'legacy_db.tbl_rbac_users' doesn't exist in /var/www/html/include/EasySql/EasySql.class.php on line 263
Stack trace:
#0 /var/www/html/include/EasySql/EasySql.class.php(263): PDO->query('SELECT COUNT(*)...')
#1 /var/www/html/include/EasySql/EasySql.class.php(343): EasySql->query('SELECT COUNT(*)...')
#2 /var/www/html/include/Auth/Session.php(113): EasySql->getVariable('SELECT COUNT(*)...')
#3 /var/www/html/app/controller/Controller.php(166): Auth_Session->authenticate()
#4 /var/www/html/app/controller/Controller.php(77): app_controller_Controller->validateSession()
#5 /var/www/html/index.php(163): app_controller_Controller::run()
#6 {main}

[2026-04-17 10:32:36] SQLSTATE[42S02]: Base table or view not found: 1146 Table 'legacy_db.tbl_rbac_users' doesn't exist in /var/www/html/include/EasySql/EasySql.class.php on line 263
Stack trace:
#0 /var/www/html/include/EasySql/EasySql.class.php(263): PDO->query('SELECT COUNT(*)...')
#1 /var/www/html/include/EasySql/EasySql.class.php(343): EasySql->query('SELECT COUNT(*)...')
#2 /var/www/html/include/Auth/Session.php(113): EasySql->getVariable('SELECT COUNT(*)...')
#3 /var/www/html/app/controller/Controller.php(166): Auth_Session->authenticate()
#4 /var/www/html/app/controller/Controller.php(77): app_controller_Controller->validateSession()
#5 /var/www/html/index.php(163): app_controller_Controller::run()
#6 {main}

[2026-04-17 10:32:42] SQLSTATE[42S02]: Base table or view not found: 1146 Table 'legacy_db.tbl_rbac_users' doesn't exist in /var/www/html/include/EasySql/EasySql.class.php on line 263
Stack trace:
#0 /var/www/html/include/EasySql/EasySql.class.php(263): PDO->query('SELECT COUNT(*)...')
#1 /var/www/html/include/EasySql/EasySql.class.php(343): EasySql->query('SELECT COUNT(*)...')
#2 /var/www/html/include/Auth/Session.php(113): EasySql->getVariable('SELECT COUNT(*)...')
#3 /var/www/html/app/controller/Controller.php(166): Auth_Session->authenticate()
#4 /var/www/html/app/controller/Controller.php(77): app_controller_Controller->validateSession()
#5 /var/www/html/index.php(163): app_controller_Controller::run()
#6 {main}

