Feb 16 13:36:27  [info] 1.834 Login
Feb 16 13:36:35  [info] 3.674 Home
Feb 16 13:36:37  [info] 1.856 AjaxDashboard
Feb 16 13:38:16  [info] 3.62 Home
Feb 16 13:38:18  [info] 1.884 AjaxDashboard
Feb 16 13:39:14  [info] 3.624 Home
Feb 16 13:39:16  [info] 1.913 AjaxDashboard
Feb 16 13:39:21  [info] 4.652 DashboardFrame
Feb 16 13:49:17  [info] 1.959 AjaxDashboard
Feb 16 13:59:18  [info] 1.8 AjaxDashboard
Feb 16 14:09:20  [info] 2.512 AjaxDashboard
Feb 16 14:19:20  [info] 1.885 AjaxDashboard
Feb 16 14:29:21  [info] 1.946 AjaxDashboard
Feb 16 14:39:22  [info] 2.002 AjaxDashboard
Feb 16 14:49:23  [info] 1.856 AjaxDashboard
Feb 16 14:59:24  [info] 1.874 AjaxDashboard
Feb 16 15:09:26  [info] 2.214 AjaxDashboard
Feb 16 15:19:27  [info] 2.247 AjaxDashboard
Feb 16 15:29:28  [info] 2.331 AjaxDashboard
Feb 16 15:39:29  [info] 2.368 AjaxDashboard
Feb 16 15:49:29  [info] 2.138 AjaxDashboard
Feb 16 15:59:31  [info] 2.307 AjaxDashboard
Feb 16 16:09:32  [info] 2.37 AjaxDashboard
Feb 16 16:19:33  [info] 2.387 AjaxDashboard
Feb 16 16:29:34  [info] 2.369 AjaxDashboard
Feb 16 16:39:35  [info] 2.471 AjaxDashboard
Feb 16 16:49:36  [info] 2.339 AjaxDashboard
Feb 16 16:59:37  [info] 2.598 AjaxDashboard
Feb 16 17:09:38  [info] 2.384 AjaxDashboard
Feb 16 17:19:39  [info] 2.482 AjaxDashboard
Feb 16 17:29:40  [info] 2.7 AjaxDashboard
Feb 16 17:39:41  [info] 2.88 AjaxDashboard
Feb 16 17:49:42  [info] 2.402 AjaxDashboard
Feb 16 17:59:42  [info] 1.805 AjaxDashboard
Feb 16 18:09:43  [info] 2.156 AjaxDashboard
Feb 16 18:19:45  [info] 2.247 AjaxDashboard
Feb 16 18:29:46  [info] 2.502 AjaxDashboard
Feb 16 18:39:47  [info] 2.265 AjaxDashboard
Feb 16 18:49:47  [info] 2.108 AjaxDashboard
Feb 16 18:59:48  [info] 1.942 AjaxDashboard
Feb 16 19:09:49  [info] 1.769 AjaxDashboard
Feb 16 19:19:50  [info] 1.766 AjaxDashboard
Feb 16 19:29:51  [info] 1.819 AjaxDashboard
Feb 16 19:39:52  [info] 1.761 AjaxDashboard
Feb 16 19:49:53  [info] 1.723 AjaxDashboard
Feb 16 19:59:54  [info] 1.946 AjaxDashboard
Feb 16 20:09:55  [info] 1.799 AjaxDashboard
Feb 16 20:19:56  [info] 1.789 AjaxDashboard
Feb 16 20:29:57  [info] 1.81 AjaxDashboard
Feb 16 20:39:58  [info] 1.736 AjaxDashboard
Feb 16 20:49:59  [info] 1.871 AjaxDashboard
Feb 16 21:00:00  [info] 1.914 AjaxDashboard
Feb 16 21:10:01  [info] 1.748 AjaxDashboard
Feb 16 21:20:02  [info] 1.815 AjaxDashboard
Feb 16 21:30:03  [info] 1.784 AjaxDashboard
Feb 16 21:40:04  [info] 1.731 AjaxDashboard
Feb 16 21:50:05  [info] 1.874 AjaxDashboard
Feb 16 22:00:06  [info] 1.958 AjaxDashboard
Feb 16 22:10:07  [info] 1.74 AjaxDashboard
Feb 16 22:20:08  [info] 1.949 AjaxDashboard
Feb 16 22:30:09  [info] 1.787 AjaxDashboard
Feb 16 22:40:10  [info] 1.699 AjaxDashboard
Feb 16 22:50:11  [info] 1.846 AjaxDashboard
Feb 16 23:00:12  [info] 1.779 AjaxDashboard
Feb 16 23:10:13  [info] 1.806 AjaxDashboard
Feb 16 23:20:14  [info] 1.755 AjaxDashboard
Feb 16 23:30:15  [info] 1.773 AjaxDashboard
Feb 16 23:40:16  [info] 1.689 AjaxDashboard
Feb 16 23:50:17  [info] 1.894 AjaxDashboard
Feb 17 00:00:18  [info] 1.702 AjaxDashboard
Feb 17 00:10:19  [info] 1.913 AjaxDashboard
Feb 17 00:20:24  [info] 1.685 AjaxDashboard
Feb 17 00:30:25  [info] 1.662 AjaxDashboard
Feb 17 00:40:26  [info] 1.696 AjaxDashboard
Feb 17 00:50:27  [info] 1.648 AjaxDashboard
Feb 17 01:00:28  [info] 1.843 AjaxDashboard
Feb 17 01:10:29  [info] 1.681 AjaxDashboard
Feb 17 01:20:30  [info] 1.687 AjaxDashboard
Feb 17 01:30:31  [info] 1.751 AjaxDashboard
Feb 17 01:40:32  [info] 1.754 AjaxDashboard
Feb 17 01:50:33  [info] 1.836 AjaxDashboard
Feb 17 02:00:34  [info] 1.685 AjaxDashboard
Feb 17 02:10:35  [info] 1.881 AjaxDashboard
Feb 17 02:20:36  [info] 1.726 AjaxDashboard
Feb 17 02:30:37  [info] 1.692 AjaxDashboard
Feb 17 02:40:39  [info] 2.076 AjaxDashboard
Feb 17 02:50:39  [info] 1.773 AjaxDashboard
Feb 17 03:00:40  [info] 1.787 AjaxDashboard
Feb 17 03:10:41  [info] 1.757 AjaxDashboard
Feb 17 03:20:42  [info] 1.724 AjaxDashboard
Feb 17 03:30:44  [info] 1.962 AjaxDashboard
Feb 17 03:40:44  [info] 1.694 AjaxDashboard
Feb 17 03:50:45  [info] 1.671 AjaxDashboard
Feb 17 04:00:46  [info] 1.796 AjaxDashboard
Feb 17 04:10:48  [info] 1.936 AjaxDashboard
Feb 17 04:20:48  [info] 1.666 AjaxDashboard
Feb 17 04:30:50  [info] 1.95 AjaxDashboard
Feb 17 04:40:51  [info] 1.937 AjaxDashboard
Feb 17 04:46:24  [info] 4.902 FilterResults
Feb 17 04:50:51  [info] 1.897 AjaxDashboard
Feb 17 05:00:52  [info] 1.724 AjaxDashboard
Feb 17 05:10:54  [info] 1.987 AjaxDashboard
Feb 17 05:20:55  [info] 2.003 AjaxDashboard
Feb 17 05:30:56  [info] 1.89 AjaxDashboard
Feb 17 05:40:57  [info] 1.921 AjaxDashboard
Feb 17 05:50:58  [info] 2.151 AjaxDashboard
Feb 17 06:00:59  [info] 1.961 AjaxDashboard
Feb 17 06:11:00  [info] 2.208 AjaxDashboard
Feb 17 06:21:01  [info] 2.188 AjaxDashboard
Feb 17 06:31:02  [info] 2.118 AjaxDashboard
Feb 17 06:41:03  [info] 2.599 AjaxDashboard
Feb 17 06:51:04  [info] 2.151 AjaxDashboard
Feb 17 07:01:05  [info] 2.148 AjaxDashboard
Feb 17 07:11:05  [info] 1.795 AjaxDashboard
Feb 17 07:21:07  [info] 2.126 AjaxDashboard
Feb 17 07:31:08  [info] 2.285 AjaxDashboard
Feb 17 07:41:09  [info] 2.196 AjaxDashboard
Feb 17 07:51:10  [info] 2.012 AjaxDashboard
Feb 17 08:01:11  [info] 1.886 AjaxDashboard
Feb 17 08:11:12  [info] 1.901 AjaxDashboard
Feb 17 08:21:13  [info] 2.187 AjaxDashboard
Feb 17 08:31:13  [info] 1.875 AjaxDashboard
Feb 17 08:41:15  [info] 1.986 AjaxDashboard
Feb 17 08:51:16  [info] 2.077 AjaxDashboard
Feb 17 09:01:17  [info] 2.387 AjaxDashboard
Feb 17 09:11:18  [info] 2.072 AjaxDashboard
Feb 17 09:21:22  [info] 5.43 AjaxDashboard
Feb 17 09:31:20  [info] 2.188 AjaxDashboard
Feb 17 09:41:21  [info] 2.406 AjaxDashboard
Feb 17 09:51:22  [info] 2.485 AjaxDashboard
Feb 17 10:01:23  [info] 2.205 AjaxDashboard
Feb 17 10:11:23  [info] 1.809 AjaxDashboard
Feb 17 10:21:25  [info] 1.94 AjaxDashboard
Feb 17 10:31:25  [info] 1.77 AjaxDashboard
Feb 17 10:41:26  [info] 1.851 AjaxDashboard
Feb 17 10:51:28  [info] 2.833 AjaxDashboard
Feb 17 11:01:28  [info] 1.763 AjaxDashboard
Feb 17 11:11:30  [info] 1.982 AjaxDashboard
Feb 17 11:21:30  [info] 1.772 AjaxDashboard
Feb 17 11:31:31  [info] 1.714 AjaxDashboard
Feb 17 11:41:32  [info] 1.777 AjaxDashboard
Feb 17 11:51:34  [info] 1.959 AjaxDashboard
Feb 17 12:01:34  [info] 1.774 AjaxDashboard
Feb 17 12:11:45  [info] 3.662 Home
Feb 17 12:11:48  [info] 1.768 AjaxDashboard
Feb 17 12:11:52  [info] 4.321 DashboardFrame
Feb 17 12:11:56  [info] 3.858 FilterResults
Feb 17 12:14:14  [info] 4.036 Home
Feb 17 12:14:18  [info] 2.298 AjaxDashboard
Feb 17 12:14:22  [info] 4.456 DashboardFrame
Feb 17 12:14:26  [info] 3.888 FilterResults
Feb 17 12:24:17  [info] 1.779 AjaxDashboard
Feb 17 12:34:19  [info] 1.914 AjaxDashboard
Feb 17 12:44:20  [info] 2.866 AjaxDashboard
Feb 17 12:54:20  [info] 1.757 AjaxDashboard
Feb 17 13:04:21  [info] 1.741 AjaxDashboard
Feb 17 13:14:23  [info] 1.986 AjaxDashboard
Feb 17 13:24:23  [info] 1.831 AjaxDashboard
Feb 17 13:34:25  [info] 2.358 AjaxDashboard
Feb 17 13:44:25  [info] 1.779 AjaxDashboard
Feb 17 13:54:27  [info] 1.887 AjaxDashboard
Feb 17 14:04:28  [info] 1.849 AjaxDashboard
Feb 17 14:14:29  [info] 1.942 AjaxDashboard
Feb 17 14:24:30  [info] 1.963 AjaxDashboard
Feb 17 14:34:31  [info] 2.044 AjaxDashboard
Feb 17 14:44:31  [info] 1.817 AjaxDashboard
Feb 17 14:54:32  [info] 1.868 AjaxDashboard
Feb 17 15:04:34  [info] 1.952 AjaxDashboard
Feb 17 15:14:35  [info] 1.971 AjaxDashboard
Feb 17 15:24:36  [info] 2.037 AjaxDashboard
Feb 17 15:34:37  [info] 2.374 AjaxDashboard
Feb 17 15:44:38  [info] 2.282 AjaxDashboard
Feb 17 15:54:39  [info] 2.302 AjaxDashboard
Feb 17 16:04:40  [info] 2.334 AjaxDashboard
Feb 17 16:14:41  [info] 2.603 AjaxDashboard
Feb 17 16:24:42  [info] 2.619 AjaxDashboard
Feb 17 16:34:43  [info] 2.673 AjaxDashboard
Feb 17 16:44:44  [info] 2.508 AjaxDashboard
Feb 17 16:54:45  [info] 2.601 AjaxDashboard
Feb 17 17:04:46  [info] 2.77 AjaxDashboard
Feb 17 17:14:47  [info] 2.415 AjaxDashboard
Feb 17 17:24:48  [info] 2.385 AjaxDashboard
Feb 17 17:34:49  [info] 2.551 AjaxDashboard
Feb 17 17:44:50  [info] 2.044 AjaxDashboard
Feb 17 17:54:51  [info] 2.614 AjaxDashboard
Feb 17 18:04:52  [info] 2.885 AjaxDashboard
Feb 17 18:14:54  [info] 3.569 AjaxDashboard
Feb 17 18:24:54  [info] 2.822 AjaxDashboard
Feb 17 18:34:55  [info] 2.063 AjaxDashboard
Feb 17 18:44:56  [info] 2.197 AjaxDashboard
Feb 17 18:54:56  [info] 1.721 AjaxDashboard
Feb 17 19:04:58  [info] 2.208 AjaxDashboard
Feb 17 19:14:59  [info] 2.067 AjaxDashboard
Feb 17 19:25:00  [info] 2.227 AjaxDashboard
Feb 17 19:35:01  [info] 1.967 AjaxDashboard
Feb 17 19:45:01  [info] 1.731 AjaxDashboard
Feb 17 19:55:03  [info] 1.919 AjaxDashboard
Feb 17 20:05:03  [info] 1.803 AjaxDashboard
Feb 17 20:15:05  [info] 1.851 AjaxDashboard
Feb 17 20:25:05  [info] 1.765 AjaxDashboard
Feb 17 20:35:07  [info] 1.887 AjaxDashboard
Feb 17 20:45:07  [info] 1.796 AjaxDashboard
Feb 17 20:55:08  [info] 1.807 AjaxDashboard
Feb 17 21:05:09  [info] 1.691 AjaxDashboard
Feb 17 21:15:10  [info] 1.753 AjaxDashboard
Feb 17 21:25:11  [info] 1.884 AjaxDashboard
Feb 17 21:35:13  [info] 1.918 AjaxDashboard
Feb 17 21:45:13  [info] 1.876 AjaxDashboard
Feb 17 21:55:14  [info] 1.805 AjaxDashboard
Feb 17 22:05:16  [info] 1.92 AjaxDashboard
Feb 17 22:15:16  [info] 1.812 AjaxDashboard
Feb 17 22:25:17  [info] 1.692 AjaxDashboard
Feb 17 22:35:18  [info] 1.768 AjaxDashboard
Feb 17 22:45:19  [info] 1.736 AjaxDashboard
Feb 17 22:55:20  [info] 1.753 AjaxDashboard
Feb 17 23:05:21  [info] 1.851 AjaxDashboard
Feb 17 23:15:22  [info] 1.887 AjaxDashboard
Feb 17 23:25:23  [info] 1.78 AjaxDashboard
Feb 17 23:35:25  [info] 2.065 AjaxDashboard
Feb 17 23:45:26  [info] 2.042 AjaxDashboard
Feb 17 23:55:27  [info] 1.943 AjaxDashboard
Feb 18 00:05:27  [info] 1.855 AjaxDashboard
Feb 18 00:15:33  [info] 1.895 AjaxDashboard
Feb 18 00:25:34  [info] 1.839 AjaxDashboard
Feb 18 00:35:35  [info] 1.829 AjaxDashboard
Feb 18 00:45:36  [info] 1.822 AjaxDashboard
Feb 18 00:55:37  [info] 1.781 AjaxDashboard
Feb 18 01:05:38  [info] 1.792 AjaxDashboard
Feb 18 01:15:39  [info] 1.858 AjaxDashboard
Feb 18 01:25:40  [info] 1.728 AjaxDashboard
Feb 18 01:35:41  [info] 1.945 AjaxDashboard
Feb 18 01:45:42  [info] 1.775 AjaxDashboard
Feb 18 01:55:43  [info] 1.819 AjaxDashboard
Feb 18 02:05:44  [info] 1.805 AjaxDashboard
Feb 18 02:15:45  [info] 1.84 AjaxDashboard
Feb 18 02:25:46  [info] 1.935 AjaxDashboard
Feb 18 02:35:47  [info] 1.854 AjaxDashboard
Feb 18 02:45:48  [info] 1.768 AjaxDashboard
Feb 18 02:55:49  [info] 1.942 AjaxDashboard
Feb 18 03:05:50  [info] 1.835 AjaxDashboard
Feb 18 03:15:51  [info] 1.897 AjaxDashboard
Feb 18 03:25:52  [info] 1.825 AjaxDashboard
Feb 18 03:35:53  [info] 2.094 AjaxDashboard
Feb 18 03:45:54  [info] 1.926 AjaxDashboard
Feb 18 03:55:55  [info] 1.818 AjaxDashboard
Feb 18 04:05:56  [info] 1.841 AjaxDashboard
Feb 18 04:15:57  [info] 1.967 AjaxDashboard
Feb 18 04:25:58  [info] 1.838 AjaxDashboard
Feb 18 04:35:59  [info] 1.979 AjaxDashboard
Feb 18 04:46:00  [info] 2.003 AjaxDashboard
Feb 18 04:56:01  [info] 1.76 AjaxDashboard
Feb 18 05:06:02  [info] 1.989 AjaxDashboard
Feb 25 09:09:29  [info] 2.289 Login
Feb 25 09:11:48  [info] 4.001 Home
Feb 25 09:11:50  [info] 1.958 AjaxDashboard
Feb 25 09:11:55  [info] 4.838 DashboardFrame
Feb 25 09:21:51  [info] 2.155 AjaxDashboard
Feb 25 09:31:52  [info] 1.966 AjaxDashboard
Feb 25 09:41:53  [info] 1.973 AjaxDashboard
Feb 25 09:51:54  [info] 1.914 AjaxDashboard
Feb 25 10:01:55  [info] 1.874 AjaxDashboard
Feb 25 10:11:56  [info] 1.857 AjaxDashboard
Feb 25 10:21:57  [info] 1.669 AjaxDashboard
Feb 25 10:31:58  [info] 1.745 AjaxDashboard
Feb 25 10:41:59  [info] 2.303 AjaxDashboard
Feb 25 10:52:00  [info] 2.111 AjaxDashboard
Feb 25 11:02:01  [info] 2.172 AjaxDashboard
Feb 25 11:12:02  [info] 1.999 AjaxDashboard
Feb 25 11:22:03  [info] 2.235 AjaxDashboard
Feb 25 11:32:04  [info] 1.84 AjaxDashboard
Feb 25 11:42:05  [info] 1.946 AjaxDashboard
Feb 25 11:52:06  [info] 1.967 AjaxDashboard
Feb 25 12:02:07  [info] 1.964 AjaxDashboard
Feb 25 12:12:08  [info] 1.718 AjaxDashboard
Feb 25 12:22:09  [info] 1.769 AjaxDashboard
Feb 25 12:32:10  [info] 1.748 AjaxDashboard
Feb 25 12:42:11  [info] 1.793 AjaxDashboard
Feb 25 12:52:12  [info] 1.786 AjaxDashboard
Feb 25 13:02:13  [info] 1.971 AjaxDashboard
Feb 25 13:12:15  [info] 2.284 AjaxDashboard
Feb 25 13:22:15  [info] 2.031 AjaxDashboard
Feb 25 13:32:16  [info] 1.931 AjaxDashboard
Feb 25 13:42:17  [info] 2.015 AjaxDashboard
Feb 25 13:52:18  [info] 1.929 AjaxDashboard
Feb 25 14:02:19  [info] 1.746 AjaxDashboard
Feb 25 14:12:20  [info] 2.081 AjaxDashboard
Feb 25 14:22:21  [info] 2.12 AjaxDashboard
Feb 25 14:32:22  [info] 1.881 AjaxDashboard
Feb 25 14:42:23  [info] 2.082 AjaxDashboard
Feb 25 14:52:24  [info] 1.897 AjaxDashboard
Feb 25 15:02:25  [info] 1.712 AjaxDashboard
Feb 25 15:12:26  [info] 1.855 AjaxDashboard
Feb 25 15:22:27  [info] 1.983 AjaxDashboard
Feb 25 15:32:28  [info] 1.977 AjaxDashboard
Feb 25 15:42:29  [info] 2.084 AjaxDashboard
Feb 25 15:52:30  [info] 2.035 AjaxDashboard
Feb 25 16:02:31  [info] 2.256 AjaxDashboard
Feb 25 16:12:32  [info] 2.049 AjaxDashboard
Feb 25 16:22:33  [info] 2.095 AjaxDashboard
Feb 25 16:32:34  [info] 1.927 AjaxDashboard
Feb 25 16:42:35  [info] 2.138 AjaxDashboard
Feb 25 16:52:36  [info] 2.272 AjaxDashboard
Feb 25 17:02:37  [info] 2.044 AjaxDashboard
Feb 25 17:12:38  [info] 2.03 AjaxDashboard
Feb 25 17:22:39  [info] 2 AjaxDashboard
Feb 25 17:32:40  [info] 2.038 AjaxDashboard
Feb 25 17:42:41  [info] 2.25 AjaxDashboard
Feb 25 17:52:42  [info] 1.942 AjaxDashboard
Feb 25 18:02:43  [info] 2.031 AjaxDashboard
Feb 25 18:12:44  [info] 1.913 AjaxDashboard
Feb 25 18:22:45  [info] 2.147 AjaxDashboard
Feb 25 18:32:46  [info] 2.067 AjaxDashboard
Feb 25 18:42:47  [info] 2.069 AjaxDashboard
Feb 25 18:52:48  [info] 1.979 AjaxDashboard
Feb 25 19:02:49  [info] 1.955 AjaxDashboard
Feb 25 19:12:50  [info] 2.122 AjaxDashboard
Feb 25 19:22:51  [info] 2.156 AjaxDashboard
Feb 25 19:32:52  [info] 1.977 AjaxDashboard
Feb 25 19:42:53  [info] 1.961 AjaxDashboard
Feb 25 19:52:54  [info] 2.021 AjaxDashboard
Feb 25 20:02:55  [info] 1.815 AjaxDashboard
Feb 25 20:12:56  [info] 1.963 AjaxDashboard
Feb 25 20:22:57  [info] 2.007 AjaxDashboard
Feb 25 20:32:58  [info] 2.041 AjaxDashboard
Feb 25 20:42:59  [info] 2.052 AjaxDashboard
Feb 25 20:53:00  [info] 1.955 AjaxDashboard
Feb 25 21:03:01  [info] 2.089 AjaxDashboard
Feb 25 21:13:02  [info] 2.041 AjaxDashboard
Feb 25 21:23:03  [info] 1.963 AjaxDashboard
Feb 25 21:33:04  [info] 1.98 AjaxDashboard
Feb 25 21:43:05  [info] 2.117 AjaxDashboard
Feb 25 21:53:06  [info] 2.019 AjaxDashboard
Feb 25 22:03:07  [info] 1.984 AjaxDashboard
Feb 25 22:13:08  [info] 2.044 AjaxDashboard
Feb 25 22:23:09  [info] 2.192 AjaxDashboard
Feb 25 22:33:10  [info] 2.033 AjaxDashboard
Feb 25 22:43:11  [info] 2.227 AjaxDashboard
Feb 25 22:53:12  [info] 1.978 AjaxDashboard
Feb 25 23:03:13  [info] 1.838 AjaxDashboard
Feb 25 23:13:14  [info] 1.955 AjaxDashboard
Feb 25 23:23:15  [info] 2.078 AjaxDashboard
Feb 25 23:33:16  [info] 1.908 AjaxDashboard
Feb 25 23:43:17  [info] 1.725 AjaxDashboard
Feb 25 23:53:18  [info] 1.828 AjaxDashboard
Feb 26 00:03:19  [info] 1.749 AjaxDashboard
Feb 26 00:13:20  [info] 1.791 AjaxDashboard
Feb 26 00:23:25  [info] 1.793 AjaxDashboard
Feb 26 00:33:26  [info] 1.64 AjaxDashboard
Feb 26 00:43:27  [info] 1.778 AjaxDashboard
Feb 26 00:53:28  [info] 1.829 AjaxDashboard
Feb 26 01:03:30  [info] 2.17 AjaxDashboard
Feb 26 01:13:30  [info] 1.835 AjaxDashboard
Feb 26 01:23:31  [info] 1.623 AjaxDashboard
Feb 26 01:33:32  [info] 1.72 AjaxDashboard
Feb 26 01:43:33  [info] 1.7 AjaxDashboard
Feb 26 01:53:35  [info] 1.927 AjaxDashboard
Feb 26 02:03:35  [info] 1.702 AjaxDashboard
Feb 26 02:13:36  [info] 1.723 AjaxDashboard
Feb 26 02:23:37  [info] 1.766 AjaxDashboard
Feb 26 02:33:38  [info] 1.678 AjaxDashboard
Feb 26 02:43:40  [info] 2.17 AjaxDashboard
Feb 26 02:53:41  [info] 2.016 AjaxDashboard
Feb 26 03:03:42  [info] 1.861 AjaxDashboard
Feb 26 03:13:42  [info] 1.788 AjaxDashboard
Feb 26 03:23:43  [info] 1.682 AjaxDashboard
Feb 26 03:33:44  [info] 1.739 AjaxDashboard
Feb 26 03:43:45  [info] 1.773 AjaxDashboard
Feb 26 03:53:46  [info] 1.81 AjaxDashboard
Feb 26 04:03:47  [info] 1.745 AjaxDashboard
Feb 26 04:13:48  [info] 1.845 AjaxDashboard
Feb 26 04:23:50  [info] 1.897 AjaxDashboard
Feb 26 04:33:51  [info] 2.003 AjaxDashboard
Feb 26 08:54:47  [info] 4.089 DefaultCommand
Feb 26 08:54:51  [info] 4.071 Home
Feb 26 08:54:53  [info] 2.057 AjaxDashboard
Feb 26 08:54:59  [info] 5.053 DashboardFrame
Feb 26 08:57:37  [info] 4.539 Home
Feb 26 08:57:40  [info] 2.003 AjaxDashboard
Feb 26 08:57:45  [info] 4.984 DashboardFrame
Feb 26 08:58:50  [info] 4.006 Home
Feb 26 08:58:51  [info] 1.688 AjaxDashboard
Feb 26 08:58:56  [info] 4.598 DashboardFrame
Feb 26 08:59:45  [info] 48.524 Dashboard
Feb 26 09:08:53  [info] 1.999 AjaxDashboard
Feb 26 09:18:54  [info] 2.377 AjaxDashboard
Feb 26 09:22:01  [info] 4.021 Home
Feb 26 09:22:03  [info] 1.882 AjaxDashboard
Feb 26 09:22:08  [info] 4.759 DashboardFrame
Feb 26 09:22:59  [info] 50.512 Dashboard
Feb 26 09:23:43  [info] 6.147 ActionsFrame
Feb 26 09:23:47  [info] 3.81 Communication
Feb 26 09:24:24  [info] 36.9 Calendar
Feb 26 09:24:28  [info] 4.048 Home
Feb 26 09:24:33  [info] 4.31 Home
Feb 26 09:24:35  [info] 1.799 AjaxDashboard
Feb 26 09:24:40  [info] 4.712 DashboardFrame
Feb 26 09:25:31  [info] 50.54 Dashboard
Feb 26 09:26:47  [info] 3.977 Home
Feb 26 09:26:49  [info] 2.173 AjaxDashboard
Feb 26 09:26:54  [info] 4.507 DashboardFrame
Feb 26 09:27:43  [info] 49.229 Dashboard
Feb 26 09:31:16  [info] 6.317 ActionsFrame
Feb 26 09:31:20  [info] 3.915 Communication
Feb 26 09:31:59  [info] 38.909 Calendar
Feb 26 09:32:03  [info] 4.27 WorkspaceSearch
Feb 26 09:32:18  [info] 4.891 CalendarDay
Feb 26 09:33:03  [info] 4.014 Home
Feb 26 09:33:06  [info] 1.826 AjaxDashboard
Feb 26 09:33:10  [info] 4.461 DashboardFrame
Feb 26 09:33:58  [info] 48.21 Dashboard
Feb 26 09:36:03  [info] 4.759 Home
Feb 26 09:36:07  [info] 3.331 AjaxDashboard
Feb 26 09:36:12  [info] 5.106 DashboardFrame
Feb 26 09:37:01  [info] 48.917 Dashboard
Feb 26 09:39:23  [info] 4.629 Home
Feb 26 09:39:26  [info] 2.483 AjaxDashboard
Feb 26 09:39:31  [info] 5.083 DashboardFrame
Feb 26 09:40:44  [info] 72.561 Dashboard
Feb 26 09:40:54  [info] 5.059 Home
Feb 26 09:40:56  [info] 1.956 AjaxDashboard
Feb 26 09:41:01  [info] 4.945 DashboardFrame
Feb 26 09:41:54  [info] 52.554 Dashboard
Feb 26 09:42:45  [info] 3.967 Home
Feb 26 09:42:47  [info] 1.865 AjaxDashboard
Feb 26 09:42:52  [info] 4.902 DashboardFrame
Feb 26 09:43:41  [info] 48.741 Dashboard
Feb 26 09:43:45  [info] 1.755 Login
Feb 26 09:45:33  [info] 2.65 Login
Feb 26 09:45:49  [info] 3.557 Home
Feb 26 09:45:51  [info] 1.871 AjaxDashboard
Feb 26 09:45:56  [info] 4.41 DashboardFrame
Feb 26 09:46:46  [info] 49.518 Dashboard
Feb 26 09:48:24  [info] 3.771 Home
Feb 26 09:48:26  [info] 1.83 AjaxDashboard
Feb 26 09:48:31  [info] 4.842 DashboardFrame
Feb 26 09:49:26  [info] 54.418 Dashboard
Feb 26 09:53:18  [info] 3.935 Home
Feb 26 09:53:21  [info] 2.105 AjaxDashboard
Feb 26 09:53:25  [info] 4.753 DashboardFrame
Feb 26 09:54:17  [info] 51.646 Dashboard
Feb 26 09:55:52  [info] 1.97 AjaxDashboard
Feb 26 09:58:43  [info] 1.749 Login
Feb 26 09:58:51  [info] 3.972 Home
Feb 26 09:58:53  [info] 1.992 AjaxDashboard
Feb 26 09:58:58  [info] 4.893 DashboardFrame
Feb 26 09:59:49  [info] 50.354 Dashboard
Feb 26 10:00:26  [info] 1.625 Login
Feb 26 10:00:33  [info] 3.862 Home
Feb 26 10:00:36  [info] 2.219 AjaxDashboard
Feb 26 10:00:41  [info] 4.905 DashboardFrame
Feb 26 10:01:33  [info] 51.61 Dashboard
Feb 26 10:02:21  [info] 4.539 Home
Feb 26 10:02:23  [info] 1.902 AjaxDashboard
Feb 26 10:02:28  [info] 4.721 DashboardFrame
Feb 26 10:02:54  [info] 4.099 Home
Feb 26 10:02:56  [info] 2.025 AjaxDashboard
Feb 26 10:03:01  [info] 5.267 DashboardFrame
Feb 26 10:03:06  [info] 3.848 Home
Feb 26 10:03:19  [info] 51.093 Dashboard
Feb 26 10:04:09  [info] 63.366 Dashboard
Feb 26 10:04:17  [info] 7.184 Home
Feb 26 10:04:21  [info] 4.09 AjaxDashboard
Feb 26 10:04:30  [info] 8.675 DashboardFrame
Feb 26 10:05:32  [info] 61.473 Dashboard
Feb 26 10:12:24  [info] 2.078 AjaxDashboard
Feb 26 10:14:20  [info] 2.768 AjaxDashboard
Feb 26 10:22:24  [info] 2.014 AjaxDashboard
Feb 26 10:24:21  [info] 1.97 AjaxDashboard
Feb 26 10:27:50  [info] 4.044 Home
Feb 26 10:27:52  [info] 1.915 AjaxDashboard
Feb 26 10:27:57  [info] 4.951 DashboardFrame
Feb 26 10:28:58  [info] 60.521 Dashboard
Feb 26 10:29:34  [info] 3.673 Home
Feb 26 10:29:36  [info] 1.758 AjaxDashboard
Feb 26 10:29:41  [info] 4.986 DashboardFrame
Feb 26 10:30:47  [info] 65.607 Dashboard
Feb 26 10:31:19  [info] 3.992 Home
Feb 26 10:31:21  [info] 2.035 AjaxDashboard
Feb 26 10:31:27  [info] 5.461 DashboardFrame
Feb 26 10:32:24  [info] 2.038 AjaxDashboard
Feb 26 10:32:35  [info] 68.114 Dashboard
Feb 26 10:33:26  [info] 5.845 Home
Feb 26 10:33:30  [info] 3.862 AjaxDashboard
Feb 26 10:33:38  [info] 7.428 DashboardFrame
Feb 26 10:38:14  [info] 2.92 Login
Feb 26 10:38:28  [info] 6.42 Home
Feb 26 10:38:31  [info] 2.653 AjaxDashboard
Feb 26 10:38:36  [info] 5.397 DashboardFrame
Feb 26 10:39:32  [info] 55.49 Dashboard
Feb 26 10:42:25  [info] 2.397 Login
Feb 26 10:48:31  [info] 2.581 AjaxDashboard
Feb 26 10:52:24  [info] 1.493 Login
Feb 26 10:58:33  [info] 3.435 AjaxDashboard
Feb 26 11:02:25  [info] 2.321 Login
Feb 26 11:08:33  [info] 2.851 AjaxDashboard
Feb 26 11:12:25  [info] 1.928 Login
Feb 26 11:17:36  [info] 4.064 Home
Feb 26 11:17:39  [info] 2.074 AjaxDashboard
Feb 26 11:17:44  [info] 5.11 DashboardFrame
Feb 26 11:18:47  [info] 63.377 Dashboard
Feb 26 11:22:24  [info] 1.76 Login
Feb 26 11:27:38  [info] 1.85 AjaxDashboard
Feb 26 11:37:39  [info] 1.816 AjaxDashboard
Feb 26 11:47:40  [info] 1.747 AjaxDashboard
Feb 26 11:57:41  [info] 1.743 AjaxDashboard
Feb 26 12:07:42  [info] 1.942 AjaxDashboard
Feb 26 12:14:37  [info] 4.212 Home
Feb 26 12:14:39  [info] 2.006 AjaxDashboard
Feb 26 12:14:44  [info] 4.75 DashboardFrame
Feb 26 12:15:35  [info] 50.351 Dashboard
Feb 26 12:15:39  [info] 4.119 Home
Feb 26 12:15:49  [info] 10.02 NbmMonthlyPlanner
Feb 26 12:15:54  [info] 2.036 AjaxDashboard
Feb 26 12:15:59  [info] 5.044 DashboardFrame
Feb 26 12:16:49  [info] 49.857 Dashboard
Feb 26 12:17:04  [info] 10.087 NbmMonthlyPlanner
Feb 26 12:17:23  [info] 6.318 ActionsFrame
Feb 26 12:18:04  [info] 40.692 Calendar
Feb 26 12:18:10  [info] 5.683 CalendarDay
Feb 26 12:21:43  [info] 4.324 Communication
Feb 26 12:21:50  [info] 4.061 WorkspaceSearch
Feb 26 12:21:57  [info] 4.475 Search
Feb 26 12:22:04  [info] 7.333 CompanyCreate
Feb 26 12:22:10  [info] 5.749 ParentCompany
Feb 26 12:22:15  [info] 5.191 Category
Feb 26 12:22:20  [info] 4.631 Category
Feb 26 12:24:59  [info] 4.169 WorkspaceFilter
Feb 26 12:25:04  [info] 4.462 FilterResults
Feb 26 12:25:11  [info] 7.081 FilterList
Feb 26 12:25:43  [info] 2.261 AjaxDashboard
Feb 26 12:35:43  [info] 1.923 AjaxDashboard
Feb 26 12:45:44  [info] 2.221 AjaxDashboard
Feb 26 12:55:45  [info] 1.979 AjaxDashboard
Feb 26 13:05:45  [info] 1.745 AjaxDashboard
Feb 26 13:15:50  [info] 5.11 AjaxDashboard
Feb 26 13:25:49  [info] 2.77 AjaxDashboard
Feb 26 13:27:38  [info] 5.403 Home
Feb 26 13:27:41  [info] 2.841 AjaxDashboard
Feb 26 13:27:47  [info] 5.75 DashboardFrame
Feb 26 13:28:41  [info] 53.58 Dashboard
Feb 26 13:31:06  [info] 5.472 Home
Feb 26 13:31:08  [info] 2.243 AjaxDashboard
Feb 26 13:31:13  [info] 4.565 DashboardFrame
Feb 26 13:32:03  [info] 49.945 Dashboard
Feb 26 13:33:19  [info] 3.77 Home
Feb 26 13:33:21  [info] 2.038 AjaxDashboard
Feb 26 13:33:26  [info] 4.455 DashboardFrame
Feb 26 13:34:20  [info] 53.95 Dashboard
Feb 26 13:43:22  [info] 2.102 AjaxDashboard
Feb 26 13:53:23  [info] 2.118 AjaxDashboard
Feb 26 14:03:24  [info] 1.98 AjaxDashboard
Feb 26 14:13:25  [info] 2.065 AjaxDashboard
Feb 26 14:23:26  [info] 1.999 AjaxDashboard
Feb 26 14:33:27  [info] 1.997 AjaxDashboard
Feb 26 14:43:31  [info] 4.87 AjaxDashboard
Feb 26 14:53:29  [info] 2.632 AjaxDashboard
Feb 26 15:03:30  [info] 1.871 AjaxDashboard
Feb 26 15:13:31  [info] 2.12 AjaxDashboard
Feb 26 15:23:38  [info] 8.696 AjaxDashboard
Feb 26 15:33:33  [info] 1.929 AjaxDashboard
Feb 26 15:43:34  [info] 1.948 AjaxDashboard
Feb 26 15:53:35  [info] 1.956 AjaxDashboard
Feb 26 16:03:36  [info] 2.079 AjaxDashboard
Feb 26 16:13:47  [info] 11.844 AjaxDashboard
Feb 26 16:23:38  [info] 1.948 AjaxDashboard
Feb 26 16:33:39  [info] 1.967 AjaxDashboard
Feb 26 16:43:40  [info] 1.926 AjaxDashboard
Feb 26 16:53:41  [info] 2.231 AjaxDashboard
Feb 26 17:03:42  [info] 1.946 AjaxDashboard
Feb 26 17:13:43  [info] 2.032 AjaxDashboard
Feb 26 17:23:44  [info] 2.026 AjaxDashboard
Feb 26 17:33:45  [info] 1.895 AjaxDashboard
Feb 26 17:43:46  [info] 2.037 AjaxDashboard
Feb 26 17:53:47  [info] 1.953 AjaxDashboard
Feb 26 18:03:48  [info] 1.985 AjaxDashboard
Feb 26 18:13:49  [info] 1.986 AjaxDashboard
Feb 26 18:23:50  [info] 2.124 AjaxDashboard
Feb 26 18:33:51  [info] 2.009 AjaxDashboard
Feb 26 18:43:52  [info] 1.933 AjaxDashboard
Feb 26 18:53:53  [info] 1.98 AjaxDashboard
Feb 26 19:03:54  [info] 2.015 AjaxDashboard
Feb 26 19:13:55  [info] 1.925 AjaxDashboard
Feb 26 19:23:56  [info] 2.128 AjaxDashboard
Feb 26 19:33:57  [info] 2.18 AjaxDashboard
Feb 26 19:43:58  [info] 2.076 AjaxDashboard
Feb 26 19:53:59  [info] 2.094 AjaxDashboard
Feb 26 20:04:00  [info] 2.281 AjaxDashboard
Feb 26 20:14:01  [info] 1.906 AjaxDashboard
Feb 26 20:24:02  [info] 2.088 AjaxDashboard
Feb 26 20:34:03  [info] 2.019 AjaxDashboard
Feb 26 20:44:04  [info] 2.109 AjaxDashboard
Feb 26 20:54:05  [info] 2.03 AjaxDashboard
Feb 26 21:04:06  [info] 1.901 AjaxDashboard
Feb 26 21:14:07  [info] 2.027 AjaxDashboard
Feb 26 21:24:08  [info] 2.031 AjaxDashboard
Feb 26 21:34:09  [info] 1.949 AjaxDashboard
Feb 26 21:44:10  [info] 2.239 AjaxDashboard
Feb 26 21:54:11  [info] 1.963 AjaxDashboard
Feb 26 22:04:12  [info] 1.938 AjaxDashboard
Feb 26 22:14:13  [info] 1.933 AjaxDashboard
Feb 26 22:24:14  [info] 1.982 AjaxDashboard
Feb 26 22:34:15  [info] 1.875 AjaxDashboard
Feb 26 22:44:16  [info] 2.059 AjaxDashboard
Feb 26 22:54:17  [info] 1.983 AjaxDashboard
Feb 26 23:04:18  [info] 1.968 AjaxDashboard
Feb 26 23:14:19  [info] 1.952 AjaxDashboard
Feb 26 23:24:20  [info] 2.071 AjaxDashboard
Feb 26 23:34:21  [info] 2.094 AjaxDashboard
Feb 26 23:44:22  [info] 2.019 AjaxDashboard
Feb 26 23:54:23  [info] 2.02 AjaxDashboard
Feb 27 00:04:24  [info] 1.979 AjaxDashboard
Feb 27 00:14:25  [info] 1.975 AjaxDashboard
Feb 27 00:24:30  [info] 2.146 AjaxDashboard
Feb 27 00:34:31  [info] 2.019 AjaxDashboard
Feb 27 00:44:32  [info] 1.981 AjaxDashboard
Feb 27 00:54:33  [info] 1.851 AjaxDashboard
Feb 27 01:04:34  [info] 2.127 AjaxDashboard
Feb 27 01:14:36  [info] 2.251 AjaxDashboard
Feb 27 01:24:36  [info] 1.899 AjaxDashboard
Feb 27 01:34:37  [info] 2.062 AjaxDashboard
Feb 27 01:44:38  [info] 1.98 AjaxDashboard
Feb 27 01:54:39  [info] 2.008 AjaxDashboard
Feb 27 02:04:40  [info] 1.949 AjaxDashboard
Feb 27 02:14:41  [info] 2.033 AjaxDashboard
Feb 27 02:24:42  [info] 1.953 AjaxDashboard
Feb 27 02:34:43  [info] 1.926 AjaxDashboard
Feb 27 02:44:44  [info] 1.985 AjaxDashboard
Feb 27 02:54:45  [info] 2.109 AjaxDashboard
Feb 27 03:04:46  [info] 1.996 AjaxDashboard
Feb 27 03:14:47  [info] 1.908 AjaxDashboard
Feb 27 03:24:48  [info] 2.084 AjaxDashboard
Feb 27 03:34:49  [info] 1.963 AjaxDashboard
Feb 27 03:44:50  [info] 2.04 AjaxDashboard
Feb 27 03:54:51  [info] 2.137 AjaxDashboard
Feb 27 04:04:52  [info] 1.933 AjaxDashboard
Feb 27 04:14:53  [info] 1.944 AjaxDashboard
Feb 27 04:23:43  [info] 3.935 Home
Feb 27 04:23:45  [info] 1.916 AjaxDashboard
Feb 27 04:23:50  [info] 4.86 DashboardFrame
Feb 27 04:24:40  [info] 50.353 Dashboard
Feb 27 04:33:45  [info] 1.752 AjaxDashboard
Feb 27 04:43:46  [info] 1.945 AjaxDashboard
Feb 27 04:53:47  [info] 2.114 AjaxDashboard
Feb 27 04:55:33  [info] 9.806 NbmMonthlyPlanner
Feb 27 04:57:45  [info] 4.018 Home
Feb 27 04:57:47  [info] 1.881 AjaxDashboard
Feb 27 04:57:52  [info] 5.026 DashboardFrame
Feb 27 04:58:44  [info] 51.288 Dashboard
Feb 27 05:12:47  [info] 1.666 Login
Feb 27 05:12:56  [info] 3.509 Home
Feb 27 05:12:58  [info] 1.884 AjaxDashboard
Feb 27 05:13:03  [info] 4.371 DashboardFrame
Feb 27 05:13:55  [info] 51.705 Dashboard
Feb 27 05:14:05  [info] 9.393 NbmMonthlyPlanner
Feb 27 05:14:24  [info] 5.796 ActionsFrame
Feb 27 05:15:01  [info] 36.251 Calendar
Feb 27 05:15:07  [info] 4.997 CalendarDay
Feb 27 05:15:21  [info] 3.539 Home
Feb 27 05:15:23  [info] 1.862 AjaxDashboard
Feb 27 05:15:28  [info] 4.775 DashboardFrame
Feb 27 05:16:19  [info] 50.631 Dashboard
Feb 27 05:25:24  [info] 1.812 AjaxDashboard
Feb 27 05:37:26  [info] 2.127 Login
Feb 27 05:37:30  [info] 1.455 Login
Feb 27 05:37:42  [info] 3.822 Home
Feb 27 05:37:44  [info] 1.948 AjaxDashboard
Feb 27 05:37:45  [info] 2.592 Login
Feb 27 05:37:51  [info] 4.856 DashboardFrame
Feb 27 05:38:41  [info] 49.849 Dashboard
Feb 27 05:41:18  [info] 3.581 Home
Feb 27 05:41:21  [info] 1.964 AjaxDashboard
Feb 27 05:41:29  [info] 4.732 DashboardFrame
Feb 27 05:44:21  [info] 1.69 Login
Feb 27 05:44:27  [info] 1.572 Login
Feb 27 05:44:31  [info] 1.629 Login
Feb 27 05:44:44  [info] 2.637 Login
Feb 27 05:44:48  [info] 3.869 Home
Feb 27 05:44:50  [info] 1.911 AjaxDashboard
Feb 27 05:44:55  [info] 4.736 DashboardFrame
Feb 27 05:45:46  [info] 50.795 Dashboard
Feb 27 05:46:05  [info] 3.645 Home
Feb 27 05:46:12  [info] 1.814 AjaxDashboard
Feb 27 05:46:16  [info] 4.489 DashboardFrame
Feb 27 05:47:09  [info] 51.886 Dashboard
Feb 27 05:50:06  [info] 11.231 NbmMonthlyPlanner
Feb 27 05:50:26  [info] 9.086 NbmMonthlyPlanner
Feb 27 05:50:33  [info] 6.045 ActionsFrame
Feb 27 05:51:17  [info] 39.757 Calendar
Feb 27 05:51:58  [info] 40.791 Calendar
Feb 27 05:52:07  [info] 5.054 CalendarDay
Feb 27 05:52:16  [info] 4.072 Communication
Feb 27 05:52:35  [info] 3.865 WorkspaceSearch
Feb 27 05:52:42  [info] 1.744 Login
Feb 27 05:53:21  [info] 3.745 Home
Feb 27 05:53:23  [info] 1.658 AjaxDashboard
Feb 27 05:53:24  [info] 3.55 Search
Feb 27 05:53:27  [info] 4.646 DashboardFrame
Feb 27 05:53:34  [info] 6.435 CompanyCreate
Feb 27 05:53:39  [info] 5.041 ParentCompany
Feb 27 05:53:44  [info] 5.021 Category
Feb 27 05:53:48  [info] 3.482 Home
Feb 27 05:53:53  [info] 4.902 Category
Feb 27 05:53:55  [info] 1.844 AjaxDashboard
Feb 27 05:53:59  [info] 3.589 WorkspaceFilter
Feb 27 05:54:04  [info] 4.967 DashboardFrame
Feb 27 05:54:18  [info] 50.93 Dashboard
Feb 27 05:54:58  [info] 52.9 Dashboard
Feb 27 05:57:13  [info] 1.718 Login
Feb 27 05:57:15  [info] 1.576 Login
Feb 27 05:57:22  [info] 3.606 Home
Feb 27 05:57:26  [info] 3.028 AjaxDashboard
Feb 27 05:57:32  [info] 5.352 DashboardFrame
Feb 27 05:58:24  [info] 48.267 Dashboard
Feb 27 06:03:24  [info] 1.592 Login
Feb 27 06:05:50  [info] 3.72 WorkspaceFilter
Feb 27 06:06:04  [info] 3.552 FilterResults
Feb 27 06:06:12  [info] 6.672 FilterList
Feb 27 06:06:21  [info] 4.968 MailerList
Feb 27 06:07:20  [info] 3.606 Home
Feb 27 06:07:22  [info] 1.936 AjaxDashboard
Feb 27 06:07:29  [info] 4.564 DashboardFrame
Feb 27 06:08:21  [info] 50.356 Dashboard
Feb 27 06:11:14  [info] 3.487 Home
Feb 27 06:11:16  [info] 1.94 AjaxDashboard
Feb 27 06:11:20  [info] 4.632 DashboardFrame
Feb 27 06:12:14  [info] 48.39 Dashboard
Feb 27 06:12:18  [info] 3.641 Home
Feb 27 06:12:27  [info] 1.796 AjaxDashboard
Feb 27 06:12:31  [info] 4.406 DashboardFrame
Feb 27 06:13:21  [info] 49.335 Dashboard
Feb 27 06:15:10  [info] 3.62 Home
Feb 27 06:15:12  [info] 1.866 AjaxDashboard
Feb 27 06:15:17  [info] 4.662 DashboardFrame
Feb 27 06:15:22  [info] 4.918 Reporting
Feb 27 06:16:12  [info] 49.275 Dashboard
Feb 27 06:16:20  [info] 8.726 NbmMonthlyPlanner
Feb 27 06:19:07  [info] 3.784 Home
Feb 27 06:19:10  [info] 1.919 AjaxDashboard
Feb 27 06:19:15  [info] 5.184 DashboardFrame
Feb 27 06:20:12  [info] 56.248 Dashboard
Feb 27 06:21:33  [info] 3.705 Home
Feb 27 06:21:36  [info] 2.794 AjaxDashboard
Feb 27 06:21:42  [info] 5.098 DashboardFrame
Feb 27 06:22:33  [info] 49.93 Dashboard
Feb 27 06:22:40  [info] 1.499 Login
Feb 27 06:26:05  [info] 3.771 Home
Feb 27 06:26:07  [info] 1.909 AjaxDashboard
Feb 27 06:26:12  [info] 5.021 DashboardFrame
Feb 27 06:27:05  [info] 51.723 Dashboard
Feb 27 06:27:09  [info] 3.547 Home
Feb 27 06:27:20  [info] 1.808 AjaxDashboard
Feb 27 06:27:25  [info] 4.539 DashboardFrame
Feb 27 06:28:19  [info] 53.554 Dashboard
Feb 27 06:35:18  [info] 5.923 Home
Feb 27 06:35:21  [info] 2.056 AjaxDashboard
Feb 27 06:35:28  [info] 5.802 DashboardFrame
Feb 27 06:36:21  [info] 50.879 Dashboard
Feb 27 06:37:30  [info] 3.715 Home
Feb 27 06:37:32  [info] 1.78 AjaxDashboard
Feb 27 06:37:37  [info] 4.373 DashboardFrame
Feb 27 06:38:27  [info] 49.929 Dashboard
Feb 27 06:41:55  [info] 49.918 Dashboard
Feb 27 06:42:48  [info] 52.651 Dashboard
Feb 27 06:43:27  [info] 39.297 Calendar
Feb 27 06:43:32  [info] 4.569 Home
Feb 27 06:43:45  [info] 4.807 CalendarDay
Feb 27 06:43:47  [info] 1.728 AjaxDashboard
Feb 27 06:43:51  [info] 4.483 DashboardFrame
Feb 27 06:44:41  [info] 48.313 Dashboard
Feb 27 06:53:35  [info] 1.812 AjaxDashboard
Feb 27 07:03:36  [info] 2.008 AjaxDashboard
Feb 27 07:13:37  [info] 1.784 AjaxDashboard
Feb 27 07:23:38  [info] 1.909 AjaxDashboard
Feb 27 07:33:39  [info] 1.86 AjaxDashboard
Feb 27 07:43:40  [info] 1.921 AjaxDashboard
Feb 27 07:53:41  [info] 1.781 AjaxDashboard
Feb 27 08:03:42  [info] 1.725 AjaxDashboard
Feb 27 08:13:43  [info] 1.803 AjaxDashboard
Feb 27 08:23:44  [info] 1.817 AjaxDashboard
Feb 27 08:33:45  [info] 1.748 AjaxDashboard
Feb 27 08:43:46  [info] 2.058 AjaxDashboard
Feb 27 08:53:47  [info] 1.926 AjaxDashboard
Feb 27 08:58:09  [info] 3.561 WorkspaceSearch
Feb 27 09:03:47  [info] 2.07 AjaxDashboard
Feb 27 09:13:48  [info] 1.845 AjaxDashboard
Feb 27 09:23:49  [info] 1.907 AjaxDashboard
Feb 27 09:31:37  [info] 4.98 Reporting
Feb 27 09:33:50  [info] 1.806 AjaxDashboard
Feb 27 09:43:50  [info] 1.736 AjaxDashboard
Feb 27 09:46:17  [info] 8.688 NbmMonthlyPlanner
Feb 27 09:53:52  [info] 1.812 AjaxDashboard
Feb 27 10:03:53  [info] 1.855 AjaxDashboard
Feb 27 10:13:54  [info] 1.816 AjaxDashboard
Feb 27 10:23:55  [info] 1.825 AjaxDashboard
Mar 05 13:08:30  [info] 4.297 Home
Mar 05 13:08:33  [info] 2.039 AjaxDashboard
Mar 05 13:08:43  [info] 9.13 DashboardFrame
Mar 05 13:08:46  [info] 2.872 Login
Mar 05 13:09:41  [info] 55.219 Dashboard
Mar 05 13:09:46  [info] 4.198 Home
Mar 05 13:09:58  [info] 2.23 AjaxDashboard
Mar 05 13:10:06  [info] 4.747 DashboardFrame
Mar 05 13:14:07  [info] 2.193 Login
Mar 05 13:14:17  [info] 3.9 Home
Mar 05 13:14:19  [info] 2.019 AjaxDashboard
Mar 05 13:14:29  [info] 5.191 DashboardFrame
Mar 05 13:15:24  [info] 53.123 Dashboard
Mar 05 13:24:20  [info] 1.931 AjaxDashboard
Mar 05 13:34:21  [info] 1.78 AjaxDashboard
Mar 05 13:44:22  [info] 2.189 AjaxDashboard
Mar 05 13:48:27  [info] 3.833 Home
Mar 05 13:48:29  [info] 1.861 AjaxDashboard
Mar 05 13:48:36  [info] 3.81 Home
Mar 05 13:48:38  [info] 1.834 AjaxDashboard
Mar 05 13:48:48  [info] 4.8 DashboardFrame
Mar 05 13:49:46  [info] 56.379 Dashboard
Mar 05 13:50:50  [info] 3.692 Home
Mar 05 13:50:54  [info] 3.574 Home
Mar 05 13:50:57  [info] 1.921 AjaxDashboard
Mar 05 13:51:08  [info] 4.869 DashboardFrame
Mar 05 13:52:05  [info] 54.781 Dashboard
Mar 05 13:52:42  [info] 5.053 Home
Mar 05 13:52:45  [info] 1.847 AjaxDashboard
Mar 05 13:52:53  [info] 4.689 DashboardFrame
Mar 05 13:53:44  [info] 50.556 Dashboard
Mar 05 13:54:29  [info] 3.903 Home
Mar 05 13:54:32  [info] 1.823 AjaxDashboard
Mar 05 13:54:40  [info] 4.656 DashboardFrame
Mar 05 13:55:35  [info] 54.649 Dashboard
Mar 05 13:58:03  [info] 8.748 Home
Mar 05 13:58:06  [info] 2.299 AjaxDashboard
Mar 05 13:58:18  [info] 8.89 DashboardFrame
Mar 05 13:59:43  [info] 83.926 Dashboard
Mar 05 14:08:06  [info] 1.974 AjaxDashboard
Mar 05 14:18:07  [info] 1.869 AjaxDashboard
Mar 05 14:28:08  [info] 1.812 AjaxDashboard
Mar 05 14:31:39  [info] 3.727 Home
Mar 05 14:31:41  [info] 1.922 AjaxDashboard
Mar 05 14:31:50  [info] 4.976 DashboardFrame
Mar 05 14:32:51  [info] 59.708 Dashboard
Mar 05 14:32:55  [info] 3.928 Home
Mar 05 14:33:06  [info] 2.013 AjaxDashboard
Mar 05 14:33:12  [info] 4.556 DashboardFrame
Mar 05 14:34:10  [info] 55.882 Dashboard
Mar 05 14:42:59  [info] 2.064 AjaxDashboard
Mar 05 14:52:59  [info] 2.017 AjaxDashboard
Mar 05 15:03:01  [info] 2.212 AjaxDashboard
Mar 05 15:13:01  [info] 1.989 AjaxDashboard
Mar 05 15:14:16  [info] 3.949 Home
Mar 05 15:14:19  [info] 1.738 AjaxDashboard
Mar 05 15:14:28  [info] 5.287 DashboardFrame
Mar 05 15:15:22  [info] 53.266 Dashboard
Mar 05 15:15:27  [info] 4.371 Home
Mar 05 15:15:36  [info] 1.821 AjaxDashboard
Mar 05 15:15:41  [info] 4.679 DashboardFrame
Mar 05 15:16:38  [info] 54.942 Dashboard
Mar 05 15:25:31  [info] 2.215 AjaxDashboard
Mar 05 15:35:32  [info] 2.215 AjaxDashboard
Mar 05 15:45:34  [info] 3.62 AjaxDashboard
Mar 05 15:55:34  [info] 2.084 AjaxDashboard
Mar 05 16:05:35  [info] 2.918 AjaxDashboard
Mar 05 16:15:36  [info] 2.657 AjaxDashboard
Mar 05 16:25:38  [info] 3.277 AjaxDashboard
Mar 05 16:35:38  [info] 2.76 AjaxDashboard
Mar 05 16:45:41  [info] 4.357 AjaxDashboard
Mar 05 16:55:39  [info] 2.091 AjaxDashboard
Mar 05 17:05:41  [info] 2.236 AjaxDashboard
Mar 05 17:15:42  [info] 2.076 AjaxDashboard
Mar 05 17:25:42  [info] 2.2 AjaxDashboard
Mar 05 17:35:44  [info] 2.195 AjaxDashboard
Mar 05 17:45:44  [info] 1.85 AjaxDashboard
Mar 05 17:55:46  [info] 2.345 AjaxDashboard
Mar 05 18:05:46  [info] 1.983 AjaxDashboard
Mar 05 18:15:48  [info] 2.135 AjaxDashboard
Mar 05 18:25:49  [info] 2.254 AjaxDashboard
Mar 05 18:35:49  [info] 1.958 AjaxDashboard
Mar 05 18:45:51  [info] 2.213 AjaxDashboard
Mar 05 18:55:52  [info] 2.027 AjaxDashboard
Mar 05 19:05:53  [info] 2.003 AjaxDashboard
Mar 05 19:15:54  [info] 2.246 AjaxDashboard
Mar 05 19:25:55  [info] 2.137 AjaxDashboard
Mar 05 19:35:56  [info] 2.284 AjaxDashboard
Mar 05 19:45:56  [info] 2.12 AjaxDashboard
Mar 05 19:55:57  [info] 1.951 AjaxDashboard
Mar 05 20:05:58  [info] 2.023 AjaxDashboard
Mar 05 20:15:59  [info] 2.265 AjaxDashboard
Mar 05 20:26:00  [info] 2.115 AjaxDashboard
Mar 05 20:36:01  [info] 2.134 AjaxDashboard
Mar 05 20:46:02  [info] 2.106 AjaxDashboard
Mar 05 20:56:04  [info] 2.334 AjaxDashboard
Mar 05 21:06:04  [info] 2.032 AjaxDashboard
Mar 05 21:16:06  [info] 1.96 AjaxDashboard
Mar 05 21:26:06  [info] 2.111 AjaxDashboard
Mar 05 21:36:08  [info] 2.325 AjaxDashboard
Mar 05 21:46:08  [info] 1.979 AjaxDashboard
Mar 05 21:56:09  [info] 1.983 AjaxDashboard
Mar 05 22:06:11  [info] 2.102 AjaxDashboard
Mar 05 22:16:12  [info] 2.092 AjaxDashboard
Mar 05 22:26:13  [info] 2.148 AjaxDashboard
Mar 05 22:36:14  [info] 2.505 AjaxDashboard
Mar 05 22:46:14  [info] 1.944 AjaxDashboard
Mar 05 22:56:16  [info] 2.06 AjaxDashboard
Mar 05 23:06:17  [info] 2.276 AjaxDashboard
Mar 05 23:16:17  [info] 2.091 AjaxDashboard
Mar 05 23:26:18  [info] 2.048 AjaxDashboard
Mar 05 23:36:19  [info] 1.914 AjaxDashboard
Mar 05 23:46:20  [info] 1.96 AjaxDashboard
Mar 05 23:56:21  [info] 2.028 AjaxDashboard
Mar 06 00:06:27  [info] 2.106 AjaxDashboard
Mar 06 00:16:28  [info] 2.048 AjaxDashboard
Mar 06 00:26:29  [info] 2.211 AjaxDashboard
Mar 06 00:36:30  [info] 2.233 AjaxDashboard
Mar 06 00:46:31  [info] 1.943 AjaxDashboard
Mar 06 00:56:32  [info] 2.282 AjaxDashboard
Mar 06 01:06:33  [info] 2.202 AjaxDashboard
Mar 06 01:16:34  [info] 2.206 AjaxDashboard
Mar 06 01:26:35  [info] 2.294 AjaxDashboard
Mar 06 01:36:36  [info] 1.981 AjaxDashboard
Mar 06 01:46:37  [info] 2 AjaxDashboard
Mar 06 01:56:38  [info] 2.083 AjaxDashboard
Mar 06 02:06:39  [info] 2.385 AjaxDashboard
Mar 06 02:16:40  [info] 2.282 AjaxDashboard
Mar 06 02:26:41  [info] 2.463 AjaxDashboard
Mar 06 02:36:42  [info] 2.032 AjaxDashboard
Mar 06 02:46:43  [info] 2.03 AjaxDashboard
Mar 06 02:56:44  [info] 2.165 AjaxDashboard
Mar 06 03:06:45  [info] 2.118 AjaxDashboard
Mar 06 03:16:46  [info] 1.834 AjaxDashboard
Mar 06 03:26:47  [info] 1.942 AjaxDashboard
Mar 06 03:36:48  [info] 1.943 AjaxDashboard
Mar 06 03:46:49  [info] 2.08 AjaxDashboard
Mar 06 03:56:50  [info] 2.049 AjaxDashboard
Mar 06 04:06:51  [info] 2.114 AjaxDashboard
Mar 06 04:16:52  [info] 2.265 AjaxDashboard
Mar 06 04:26:53  [info] 1.875 AjaxDashboard
Mar 06 04:36:54  [info] 2.04 AjaxDashboard
Mar 06 04:46:55  [info] 1.929 AjaxDashboard
Mar 06 04:57:00  [info] 1.977 AjaxDashboard
Mar 06 05:07:00  [info] 1.836 AjaxDashboard
Mar 06 06:53:22  [info] 1.557 Login
Mar 06 06:53:30  [info] 3.351 Home
Mar 06 06:53:34  [info] 3.831 AjaxDashboard
Mar 06 06:53:40  [info] 4.395 DashboardFrame
Mar 06 06:54:33  [info] 53.098 Dashboard
Mar 06 06:54:52  [info] 3.563 Home
Mar 06 06:54:54  [info] 1.743 AjaxDashboard
Mar 06 06:55:02  [info] 4.567 DashboardFrame
Mar 06 06:55:59  [info] 55.848 Dashboard
Mar 06 07:04:55  [info] 1.774 AjaxDashboard
Mar 06 07:07:49  [info] 4.812 Reporting
Mar 06 07:13:04  [info] 3.745 Home
Mar 06 07:13:06  [info] 1.871 AjaxDashboard
Mar 06 07:13:14  [info] 4.986 DashboardFrame
Mar 06 07:14:09  [info] 54.55 Dashboard
Mar 06 07:23:06  [info] 2.154 AjaxDashboard
Mar 06 07:33:07  [info] 1.698 AjaxDashboard
Mar 06 07:43:08  [info] 1.723 AjaxDashboard
Mar 06 07:53:09  [info] 1.783 AjaxDashboard
Mar 06 08:03:10  [info] 1.812 AjaxDashboard
Mar 06 08:13:11  [info] 1.747 AjaxDashboard
Mar 06 08:23:12  [info] 1.93 AjaxDashboard
Mar 06 08:33:13  [info] 1.727 AjaxDashboard
Mar 06 08:38:48  [info] 3.648 Home
Mar 06 08:38:51  [info] 1.684 AjaxDashboard
Mar 06 08:38:59  [info] 4.587 DashboardFrame
Mar 06 08:39:50  [info] 50.148 Dashboard
Mar 06 08:42:29  [info] 3.56 Home
Mar 06 08:42:32  [info] 1.692 AjaxDashboard
Mar 06 08:42:40  [info] 4.392 DashboardFrame
Mar 06 08:43:36  [info] 53.989 Dashboard
Mar 06 08:45:26  [info] 3.879 Home
Mar 06 08:45:29  [info] 1.954 AjaxDashboard
Mar 06 08:45:38  [info] 5.096 DashboardFrame
Mar 06 08:46:31  [info] 52.019 Dashboard
Mar 06 08:53:12  [info] 3.481 Home
Mar 06 08:53:14  [info] 1.825 AjaxDashboard
Mar 06 08:53:23  [info] 4.458 DashboardFrame
Mar 06 08:54:16  [info] 51.906 Dashboard
Mar 06 09:02:13  [info] 4.03 Home
Mar 06 09:02:16  [info] 1.966 AjaxDashboard
Mar 06 09:02:25  [info] 4.815 DashboardFrame
Mar 06 09:03:19  [info] 52.095 Dashboard
Mar 06 09:06:46  [info] 3.78 Home
Mar 06 09:06:49  [info] 1.953 AjaxDashboard
Mar 06 09:06:57  [info] 4.424 DashboardFrame
Mar 06 09:07:51  [info] 52.687 Dashboard
Mar 06 09:09:34  [info] 3.862 Home
Mar 06 09:09:37  [info] 1.798 AjaxDashboard
Mar 06 09:09:50  [info] 4.591 DashboardFrame
Mar 06 09:10:42  [info] 51.506 Dashboard
Mar 06 09:14:08  [info] 3.761 Home
Mar 06 09:14:10  [info] 1.909 AjaxDashboard
Mar 06 09:14:23  [info] 4.849 DashboardFrame
Mar 06 09:15:17  [info] 51.808 Dashboard
Mar 06 09:17:02  [info] 1.903 Login
Mar 06 09:17:15  [info] 3.995 Home
Mar 06 09:17:18  [info] 1.899 AjaxDashboard
Mar 06 09:17:30  [info] 4.899 DashboardFrame
Mar 06 09:18:25  [info] 53.003 Dashboard
Mar 06 09:23:28  [info] 4.24 Home
Mar 06 09:23:31  [info] 1.854 AjaxDashboard
Mar 06 09:23:39  [info] 4.579 DashboardFrame
Mar 06 09:24:33  [info] 52.392 Dashboard
Mar 06 09:26:29  [info] 3.91 Home
Mar 06 09:26:32  [info] 1.945 AjaxDashboard
Mar 06 09:26:44  [info] 4.613 DashboardFrame
Mar 06 09:27:40  [info] 53.885 Dashboard
Mar 06 09:36:32  [info] 1.863 AjaxDashboard
Mar 06 09:46:33  [info] 1.786 AjaxDashboard
Mar 06 09:56:34  [info] 1.86 AjaxDashboard
Mar 06 10:03:32  [info] 3.718 Home
Mar 06 10:03:35  [info] 1.971 AjaxDashboard
Mar 06 10:03:43  [info] 4.841 DashboardFrame
Mar 06 10:04:38  [info] 54.027 Dashboard
Mar 06 10:13:35  [info] 1.875 AjaxDashboard
Mar 06 10:23:36  [info] 1.989 AjaxDashboard
Mar 06 10:33:37  [info] 1.993 AjaxDashboard
Mar 06 10:43:34  [info] 3.66 Home
Mar 06 10:43:37  [info] 1.975 AjaxDashboard
Mar 06 10:43:50  [info] 4.699 DashboardFrame
Mar 06 10:44:49  [info] 56.969 Dashboard
Mar 06 10:44:53  [info] 3.481 Home
Mar 06 10:45:02  [info] 1.73 AjaxDashboard
Mar 06 10:45:07  [info] 4.656 DashboardFrame
Mar 06 10:46:03  [info] 54.276 Dashboard
Mar 06 10:54:56  [info] 1.67 AjaxDashboard
Mar 06 11:00:39  [info] 3.788 Home
Mar 06 11:00:42  [info] 2.031 AjaxDashboard
Mar 06 11:00:50  [info] 4.179 DashboardFrame
Mar 06 11:01:42  [info] 51.393 Dashboard
Mar 06 11:10:42  [info] 1.692 AjaxDashboard
Mar 06 11:20:43  [info] 1.934 AjaxDashboard
Mar 06 11:30:44  [info] 1.768 AjaxDashboard
Mar 06 11:40:45  [info] 1.745 AjaxDashboard
Mar 06 11:50:46  [info] 1.992 AjaxDashboard
Mar 06 12:00:47  [info] 2.063 AjaxDashboard
Mar 06 12:10:48  [info] 1.89 AjaxDashboard
Mar 06 12:20:49  [info] 1.918 AjaxDashboard
Mar 06 12:30:50  [info] 1.873 AjaxDashboard
Mar 06 12:36:35  [info] 3.737 Home
Mar 06 12:36:39  [info] 3.849 Home
Mar 06 12:36:41  [info] 1.674 AjaxDashboard
Mar 06 12:36:45  [info] 4.315 DashboardFrame
Mar 06 12:36:48  [info] 1.924 AjaxDashboard
Mar 06 12:36:52  [info] 3.725 Home
Mar 06 12:36:54  [info] 1.904 AjaxDashboard
Mar 06 12:37:05  [info] 5.437 DashboardFrame
Mar 06 12:38:02  [info] 54.247 Dashboard
Mar 06 12:42:26  [info] 3.96 Home
Mar 06 12:42:29  [info] 1.944 AjaxDashboard
Mar 06 12:42:38  [info] 5.139 DashboardFrame
Mar 06 12:43:32  [info] 52.414 Dashboard
Mar 06 12:46:05  [info] 3.97 Home
Mar 06 12:46:08  [info] 1.826 AjaxDashboard
Mar 06 12:46:16  [info] 4.546 DashboardFrame
Mar 06 12:47:08  [info] 50.328 Dashboard
Mar 06 12:47:20  [info] 3.834 Home
Mar 06 12:47:22  [info] 1.859 AjaxDashboard
Mar 06 12:47:30  [info] 4.899 DashboardFrame
Mar 06 12:48:24  [info] 52.626 Dashboard
Mar 06 12:50:56  [info] 4.018 Home
Mar 06 12:50:59  [info] 1.875 AjaxDashboard
Mar 06 12:51:08  [info] 4.679 DashboardFrame
Mar 06 12:52:02  [info] 51.993 Dashboard
Mar 06 12:52:06  [info] 3.655 Home
Mar 06 12:52:18  [info] 2.904 AjaxDashboard
Mar 06 12:52:25  [info] 4.583 DashboardFrame
Mar 06 12:53:20  [info] 53.421 Dashboard
Mar 06 12:53:53  [info] 4.358 Home
Mar 06 12:53:55  [info] 2.051 AjaxDashboard
Mar 06 12:54:04  [info] 4.945 DashboardFrame
Mar 06 12:55:05  [info] 59.299 Dashboard
Mar 06 12:55:42  [info] 3.883 Home
Mar 06 12:55:44  [info] 1.933 AjaxDashboard
Mar 06 12:55:53  [info] 5.361 DashboardFrame
Mar 06 12:56:49  [info] 53.729 Dashboard
Mar 06 12:59:05  [info] 4.488 Home
Mar 06 12:59:07  [info] 1.804 AjaxDashboard
Mar 06 12:59:16  [info] 4.851 DashboardFrame
Mar 06 13:00:11  [info] 54.266 Dashboard
Mar 06 13:03:03  [info] 3.883 Home
Mar 06 13:03:05  [info] 2.306 AjaxDashboard
Mar 06 13:03:14  [info] 4.895 DashboardFrame
Mar 06 13:04:07  [info] 51.599 Dashboard
Mar 06 13:04:31  [info] 3.822 Home
Mar 06 13:04:33  [info] 1.897 AjaxDashboard
Mar 06 13:04:44  [info] 5.61 DashboardFrame
Mar 06 13:05:51  [info] 4.005 Home
Mar 06 13:05:53  [info] 1.949 AjaxDashboard
Mar 06 13:06:01  [info] 4.621 DashboardFrame
Mar 06 13:07:33  [info] 3.874 Home
Mar 06 13:07:36  [info] 1.862 AjaxDashboard
Mar 06 13:07:44  [info] 4.496 DashboardFrame
Mar 06 13:08:42  [info] 4.087 Home
Mar 06 13:08:48  [info] 3.979 Home
Mar 06 13:08:49  [info] 1.882 AjaxDashboard
Mar 06 13:08:51  [info] 1.874 AjaxDashboard
Mar 06 13:08:57  [info] 4.567 DashboardFrame
Mar 06 13:09:01  [info] 4.757 DashboardFrame
Mar 06 13:11:06  [info] 3.754 Home
Mar 06 13:11:09  [info] 1.949 AjaxDashboard
Mar 06 13:11:23  [info] 5.448 DashboardFrame
Mar 06 13:12:24  [info] 3.995 Home
Mar 06 13:12:28  [info] 3.644 Home
Mar 06 13:12:30  [info] 1.789 AjaxDashboard
Mar 06 13:12:32  [info] 2.051 AjaxDashboard
Mar 06 13:12:37  [info] 5.038 DashboardFrame
Mar 06 13:12:43  [info] 5.011 DashboardFrame
Mar 06 13:22:27  [info] 1.834 AjaxDashboard
Mar 06 13:22:31  [info] 1.852 AjaxDashboard
Mar 06 13:25:44  [info] 4.22 Home
Mar 06 13:25:47  [info] 2.15 AjaxDashboard
Mar 06 13:25:57  [info] 6.163 DashboardFrame
Mar 06 13:27:00  [info] 3.969 Home
Mar 06 13:27:02  [info] 1.81 AjaxDashboard
Mar 06 13:27:13  [info] 4.837 DashboardFrame
Mar 06 13:28:11  [info] 3.781 Home
Mar 06 13:28:13  [info] 1.879 AjaxDashboard
Mar 06 13:28:23  [info] 4.794 DashboardFrame
Mar 06 13:31:16  [info] 4.789 Home
Mar 06 13:31:19  [info] 2.619 AjaxDashboard
Mar 06 13:31:35  [info] 5.351 DashboardFrame
Mar 06 13:33:39  [info] 3.511 Home
Mar 06 13:33:43  [info] 3.549 Home
Mar 06 13:33:45  [info] 1.948 AjaxDashboard
Mar 06 13:33:47  [info] 1.902 AjaxDashboard
Mar 06 13:33:52  [info] 4.797 DashboardFrame
Mar 06 13:34:50  [info] 4.676 DashboardFrame
Mar 06 13:36:26  [info] 3.949 Home
Mar 06 13:36:29  [info] 1.833 AjaxDashboard
Mar 06 13:36:40  [info] 4.312 DashboardFrame
Mar 06 13:41:39  [info] 3.681 Home
Mar 06 13:41:42  [info] 1.79 AjaxDashboard
Mar 06 13:41:53  [info] 4.513 DashboardFrame
Mar 06 13:42:49  [info] 3.586 Home
Mar 06 13:42:51  [info] 1.678 AjaxDashboard
Mar 06 13:43:02  [info] 4.582 DashboardFrame
Mar 06 13:43:05  [info] 3.57 Home
Mar 06 13:43:59  [info] 1.869 AjaxDashboard
Mar 06 13:44:03  [info] 4.631 DashboardFrame
Mar 06 13:45:04  [info] 3.688 Home
Mar 06 13:45:06  [info] 1.795 AjaxDashboard
Mar 06 13:45:10  [info] 3.39 Home
Mar 06 13:45:14  [info] 3.677 Home
Mar 06 13:45:15  [info] 1.613 AjaxDashboard
Mar 06 13:45:18  [info] 2.465 AjaxDashboard
Mar 06 13:45:24  [info] 4.227 DashboardFrame
Mar 06 13:45:28  [info] 4.48 DashboardFrame
Mar 06 13:47:44  [info] 5.801 Home
Mar 06 13:47:47  [info] 2.56 AjaxDashboard
Mar 06 13:47:56  [info] 5.255 DashboardFrame
Mar 06 13:48:00  [info] 3.788 DashboardCallBacks
Mar 06 13:48:06  [info] 5.522 Reporting
Mar 06 13:49:06  [info] 3.917 Home
Mar 06 13:49:09  [info] 2.095 AjaxDashboard
Mar 06 13:49:18  [info] 4.439 DashboardFrame
Mar 06 13:49:22  [info] 3.658 Home
Mar 06 13:50:19  [info] 1.901 AjaxDashboard
Mar 06 13:50:23  [info] 4.225 DashboardFrame
Mar 06 13:50:27  [info] 3.488 Home
Mar 06 13:51:22  [info] 1.912 AjaxDashboard
Mar 06 13:51:27  [info] 4.234 DashboardFrame
Mar 06 13:51:31  [info] 4.206 Home
Mar 06 13:52:25  [info] 53.008 Dashboard
Mar 06 13:52:27  [info] 1.826 AjaxDashboard
Mar 06 13:52:31  [info] 4.401 DashboardFrame
Mar 06 13:52:35  [info] 3.44 Home
Mar 06 13:53:27  [info] 52.241 Dashboard
Mar 06 13:53:31  [info] 3.499 Home
Mar 06 13:53:32  [info] 1.657 AjaxDashboard
Mar 06 13:53:37  [info] 4.542 DashboardFrame
Mar 06 13:53:41  [info] 3.566 Home
Mar 06 13:53:43  [info] 1.748 AjaxDashboard
Mar 06 13:53:48  [info] 5.217 DashboardFrame
Mar 06 13:54:39  [info] 50.737 Dashboard
Mar 06 13:54:41  [info] 1.734 AjaxDashboard
Mar 06 13:54:45  [info] 4.198 DashboardFrame
Mar 06 13:55:37  [info] 51.773 Dashboard
Mar 06 13:56:30  [info] 53.245 Dashboard
Mar 06 13:57:29  [info] 3.578 Home
Mar 06 13:57:32  [info] 1.895 AjaxDashboard
Mar 06 13:57:43  [info] 4.471 DashboardFrame
Mar 06 13:58:35  [info] 51.394 Dashboard
Mar 06 14:02:17  [info] 4.101 Home
Mar 06 14:02:20  [info] 2.292 AjaxDashboard
Mar 06 14:02:29  [info] 5.798 DashboardFrame
Mar 06 14:03:23  [info] 53.232 Dashboard
Mar 06 14:07:33  [info] 1.718 AjaxDashboard
Mar 06 14:12:20  [info] 1.752 AjaxDashboard
Mar 06 14:17:34  [info] 1.83 AjaxDashboard
Mar 06 14:22:30  [info] 11.218 AjaxDashboard
Mar 06 14:27:35  [info] 1.652 AjaxDashboard
Mar 06 14:32:22  [info] 1.827 AjaxDashboard
Mar 06 14:37:43  [info] 8.725 AjaxDashboard
Mar 06 14:42:24  [info] 2.561 AjaxDashboard
Mar 06 14:47:37  [info] 1.945 AjaxDashboard
Mar 06 14:52:24  [info] 1.671 AjaxDashboard
Mar 06 14:57:38  [info] 1.806 AjaxDashboard
Mar 06 15:02:25  [info] 1.734 AjaxDashboard
Mar 06 15:07:39  [info] 1.693 AjaxDashboard
Mar 06 15:12:26  [info] 1.698 AjaxDashboard
Mar 06 15:17:40  [info] 1.707 AjaxDashboard
Mar 06 15:22:27  [info] 1.65 AjaxDashboard
Mar 06 15:27:41  [info] 1.716 AjaxDashboard
Mar 06 15:32:28  [info] 1.743 AjaxDashboard
Mar 06 15:37:42  [info] 1.737 AjaxDashboard
Mar 06 15:42:29  [info] 1.758 AjaxDashboard
Mar 06 15:47:43  [info] 1.802 AjaxDashboard
Mar 06 15:52:30  [info] 1.717 AjaxDashboard
Mar 06 15:57:44  [info] 1.667 AjaxDashboard
Mar 06 16:02:31  [info] 1.847 AjaxDashboard
Mar 06 16:07:45  [info] 1.697 AjaxDashboard
Mar 06 16:12:32  [info] 1.708 AjaxDashboard
Mar 06 16:17:46  [info] 1.773 AjaxDashboard
Mar 06 16:22:34  [info] 2.739 AjaxDashboard
Mar 06 16:27:47  [info] 1.73 AjaxDashboard
Mar 06 16:32:34  [info] 1.892 AjaxDashboard
Mar 06 16:37:48  [info] 2.159 AjaxDashboard
Mar 06 16:42:35  [info] 1.828 AjaxDashboard
Mar 06 16:47:49  [info] 1.717 AjaxDashboard
Mar 06 16:52:36  [info] 1.831 AjaxDashboard
Mar 06 16:57:50  [info] 1.758 AjaxDashboard
Mar 06 17:02:37  [info] 1.659 AjaxDashboard
Mar 06 17:07:51  [info] 1.829 AjaxDashboard
Mar 06 17:12:38  [info] 1.832 AjaxDashboard
Mar 06 17:17:52  [info] 1.827 AjaxDashboard
Mar 06 17:22:39  [info] 1.727 AjaxDashboard
Mar 06 17:27:53  [info] 1.705 AjaxDashboard
Mar 06 17:32:40  [info] 1.788 AjaxDashboard
Mar 06 17:37:54  [info] 1.836 AjaxDashboard
Mar 06 17:42:41  [info] 1.718 AjaxDashboard
Mar 06 17:47:55  [info] 1.681 AjaxDashboard
Mar 06 17:52:42  [info] 1.82 AjaxDashboard
Mar 06 17:57:56  [info] 1.773 AjaxDashboard
Mar 06 18:02:43  [info] 1.766 AjaxDashboard
Mar 06 18:07:57  [info] 1.883 AjaxDashboard
Mar 06 18:12:44  [info] 1.669 AjaxDashboard
Mar 06 18:17:58  [info] 1.794 AjaxDashboard
Mar 06 18:22:45  [info] 1.763 AjaxDashboard
Mar 06 18:27:59  [info] 1.998 AjaxDashboard
Mar 06 18:32:46  [info] 1.703 AjaxDashboard
Mar 06 18:38:00  [info] 1.712 AjaxDashboard
Mar 06 18:42:47  [info] 2.138 AjaxDashboard
Mar 06 18:48:01  [info] 2.235 AjaxDashboard
Mar 06 18:52:48  [info] 1.739 AjaxDashboard
Mar 06 18:58:02  [info] 1.799 AjaxDashboard
Mar 06 19:02:49  [info] 1.791 AjaxDashboard
Mar 06 19:08:03  [info] 2.031 AjaxDashboard
Mar 06 19:12:50  [info] 1.767 AjaxDashboard
Mar 06 19:18:04  [info] 1.687 AjaxDashboard
Mar 06 19:22:51  [info] 1.817 AjaxDashboard
Mar 06 19:28:05  [info] 1.718 AjaxDashboard
Mar 06 19:32:52  [info] 1.798 AjaxDashboard
Mar 06 19:38:06  [info] 1.695 AjaxDashboard
Mar 06 19:42:53  [info] 1.717 AjaxDashboard
Mar 06 19:48:07  [info] 1.774 AjaxDashboard
Mar 06 19:52:54  [info] 1.766 AjaxDashboard
Mar 06 19:58:08  [info] 1.764 AjaxDashboard
Mar 06 20:02:55  [info] 1.757 AjaxDashboard
Mar 06 20:08:09  [info] 1.807 AjaxDashboard
Mar 06 20:12:56  [info] 1.656 AjaxDashboard
Mar 06 20:18:10  [info] 1.875 AjaxDashboard
Mar 06 20:22:57  [info] 1.8 AjaxDashboard
Mar 06 20:28:11  [info] 1.712 AjaxDashboard
Mar 06 20:32:58  [info] 1.801 AjaxDashboard
Mar 06 20:38:12  [info] 1.739 AjaxDashboard
Mar 06 20:42:59  [info] 1.809 AjaxDashboard
Mar 06 20:48:13  [info] 1.803 AjaxDashboard
Mar 06 20:53:00  [info] 1.845 AjaxDashboard
Mar 06 20:58:14  [info] 1.772 AjaxDashboard
Mar 06 21:03:01  [info] 1.699 AjaxDashboard
Mar 06 21:08:15  [info] 1.889 AjaxDashboard
Mar 06 21:13:02  [info] 1.782 AjaxDashboard
Mar 06 21:18:16  [info] 1.837 AjaxDashboard
Mar 06 21:23:03  [info] 1.727 AjaxDashboard
Mar 06 21:28:17  [info] 1.779 AjaxDashboard
Mar 06 21:33:04  [info] 1.761 AjaxDashboard
Mar 06 21:38:18  [info] 1.886 AjaxDashboard
Mar 06 21:43:05  [info] 1.76 AjaxDashboard
Mar 06 21:48:19  [info] 1.873 AjaxDashboard
Mar 06 21:53:06  [info] 1.847 AjaxDashboard
Mar 06 21:58:20  [info] 1.777 AjaxDashboard
Mar 06 22:03:07  [info] 1.745 AjaxDashboard
Mar 06 22:08:21  [info] 1.823 AjaxDashboard
Mar 06 22:13:08  [info] 2.008 AjaxDashboard
Mar 06 22:18:22  [info] 2.086 AjaxDashboard
Mar 06 22:23:09  [info] 1.708 AjaxDashboard
Mar 06 22:28:23  [info] 1.742 AjaxDashboard
Mar 06 22:33:10  [info] 1.85 AjaxDashboard
Mar 06 22:38:24  [info] 1.797 AjaxDashboard
Mar 06 22:43:11  [info] 1.711 AjaxDashboard
Mar 06 22:48:25  [info] 1.806 AjaxDashboard
Mar 06 22:53:12  [info] 1.75 AjaxDashboard
Mar 06 22:58:26  [info] 2.06 AjaxDashboard
Mar 06 23:03:13  [info] 1.864 AjaxDashboard
Mar 06 23:08:27  [info] 1.763 AjaxDashboard
Mar 06 23:13:14  [info] 1.82 AjaxDashboard
Mar 06 23:18:28  [info] 1.733 AjaxDashboard
Mar 06 23:23:15  [info] 1.678 AjaxDashboard
Mar 06 23:28:29  [info] 1.891 AjaxDashboard
Mar 06 23:33:16  [info] 1.789 AjaxDashboard
Mar 06 23:38:30  [info] 1.64 AjaxDashboard
Mar 06 23:43:17  [info] 1.646 AjaxDashboard
Mar 06 23:48:31  [info] 1.941 AjaxDashboard
Mar 06 23:53:18  [info] 1.796 AjaxDashboard
Mar 06 23:58:32  [info] 1.775 AjaxDashboard
Mar 07 00:03:19  [info] 1.757 AjaxDashboard
Mar 07 00:08:33  [info] 1.781 AjaxDashboard
Mar 07 00:13:20  [info] 1.7 AjaxDashboard
Mar 07 00:18:34  [info] 1.799 AjaxDashboard
Mar 07 00:23:21  [info] 1.8 AjaxDashboard
Mar 07 00:28:35  [info] 1.784 AjaxDashboard
Mar 07 00:33:22  [info] 1.817 AjaxDashboard
Mar 07 00:38:36  [info] 1.737 AjaxDashboard
Mar 07 00:43:23  [info] 1.678 AjaxDashboard
Mar 07 00:48:37  [info] 1.683 AjaxDashboard
Mar 07 00:53:24  [info] 1.806 AjaxDashboard
Mar 07 00:58:38  [info] 1.81 AjaxDashboard
Mar 07 01:03:25  [info] 2.135 AjaxDashboard
Mar 07 01:08:39  [info] 1.751 AjaxDashboard
Mar 07 01:13:26  [info] 1.687 AjaxDashboard
Mar 07 01:18:40  [info] 1.75 AjaxDashboard
Mar 07 01:23:27  [info] 1.779 AjaxDashboard
Mar 07 01:28:41  [info] 1.696 AjaxDashboard
Mar 07 01:33:28  [info] 1.714 AjaxDashboard
Mar 07 01:38:42  [info] 1.859 AjaxDashboard
Mar 07 01:43:29  [info] 1.905 AjaxDashboard
Mar 07 01:48:43  [info] 1.75 AjaxDashboard
Mar 07 01:53:35  [info] 1.792 AjaxDashboard
Mar 07 01:58:49  [info] 1.833 AjaxDashboard
Mar 07 02:03:35  [info] 1.63 AjaxDashboard
Mar 07 02:08:50  [info] 1.76 AjaxDashboard
Mar 07 02:13:37  [info] 1.743 AjaxDashboard
Mar 07 02:18:51  [info] 1.831 AjaxDashboard
Mar 07 02:23:37  [info] 1.698 AjaxDashboard
Mar 07 02:28:52  [info] 1.845 AjaxDashboard
Mar 07 02:33:39  [info] 1.851 AjaxDashboard
Mar 07 02:38:53  [info] 1.733 AjaxDashboard
Mar 07 02:43:39  [info] 1.669 AjaxDashboard
Mar 07 02:48:53  [info] 1.651 AjaxDashboard
Mar 07 02:53:41  [info] 1.815 AjaxDashboard
Mar 07 02:58:54  [info] 1.705 AjaxDashboard
Mar 07 03:03:42  [info] 1.766 AjaxDashboard
Mar 07 03:08:56  [info] 1.763 AjaxDashboard
Mar 07 03:13:42  [info] 1.688 AjaxDashboard
Mar 07 03:18:57  [info] 1.725 AjaxDashboard
Mar 07 03:23:43  [info] 1.722 AjaxDashboard
Mar 07 03:28:58  [info] 1.794 AjaxDashboard
Mar 07 03:33:45  [info] 1.81 AjaxDashboard
Mar 07 03:38:59  [info] 1.77 AjaxDashboard
Mar 07 03:43:46  [info] 1.887 AjaxDashboard
Mar 07 03:48:59  [info] 1.687 AjaxDashboard
Mar 07 03:53:47  [info] 1.979 AjaxDashboard
Mar 07 03:59:01  [info] 1.814 AjaxDashboard
Mar 07 04:03:47  [info] 1.695 AjaxDashboard
Mar 07 04:09:02  [info] 1.899 AjaxDashboard
Mar 07 04:13:48  [info] 1.737 AjaxDashboard
Mar 07 04:19:03  [info] 1.809 AjaxDashboard
Mar 07 04:23:49  [info] 1.724 AjaxDashboard
Mar 07 04:28:11  [info] 3.505 Home
Mar 07 04:28:13  [info] 1.773 AjaxDashboard
Mar 07 04:28:26  [info] 4.796 DashboardFrame
Mar 07 04:29:24  [info] 55.932 Dashboard
Mar 07 04:29:27  [info] 3.639 Home
Mar 07 04:29:36  [info] 1.784 AjaxDashboard
Mar 07 04:29:41  [info] 4.341 DashboardFrame
Mar 07 04:30:43  [info] 60.743 Dashboard
Mar 07 04:33:51  [info] 2.144 AjaxDashboard
Mar 07 04:39:09  [info] 3.646 Home
Mar 07 04:39:12  [info] 1.973 AjaxDashboard
Mar 07 04:39:24  [info] 5.483 DashboardFrame
Mar 07 04:39:28  [info] 3.772 Home
Mar 07 04:40:25  [info] 56.471 Dashboard
Mar 07 04:40:27  [info] 2.159 AjaxDashboard
Mar 07 04:40:32  [info] 4.822 DashboardFrame
Mar 07 04:41:27  [info] 53.959 Dashboard
Mar 07 04:42:24  [info] 3.889 Home
Mar 07 04:42:27  [info] 1.853 AjaxDashboard
Mar 07 04:42:35  [info] 4.949 DashboardFrame
Mar 07 04:43:27  [info] 51.147 Dashboard
Mar 07 04:43:52  [info] 2.051 AjaxDashboard
Mar 07 04:46:44  [info] 3.53 Home
Mar 07 04:46:46  [info] 1.73 AjaxDashboard
Mar 07 04:46:54  [info] 4.471 DashboardFrame
Mar 07 04:47:47  [info] 51.959 Dashboard
Mar 07 04:48:58  [info] 3.559 Home
Mar 07 04:49:00  [info] 1.932 AjaxDashboard
Mar 07 04:49:08  [info] 4.766 DashboardFrame
Mar 07 04:49:59  [info] 50.164 Dashboard
Mar 07 04:53:53  [info] 2.088 AjaxDashboard
Mar 07 09:28:57  [info] 3.391 Home
Mar 07 09:28:59  [info] 1.889 AjaxDashboard
Mar 07 09:29:08  [info] 4.576 DashboardFrame
Mar 07 09:30:04  [info] 54.555 Dashboard
Mar 07 10:02:59  [info] 3.995 Home
Mar 07 10:03:02  [info] 1.935 AjaxDashboard
Mar 07 10:03:12  [info] 4.809 DashboardFrame
Mar 07 10:04:05  [info] 51.954 Dashboard
Mar 07 10:24:39  [info] 0.615 Login
Mar 07 10:24:43  [info] 0.64 Login
Mar 07 10:25:09  [info] 0.353 Login
Mar 07 10:25:23  [info] 0.315 Login
Mar 07 10:25:29  [info] 0.331 Login
Mar 07 10:25:33  [info] 0.205 Login
Mar 07 10:26:16  [info] 2.056 Login
Mar 07 10:26:20  [info] 0.798 Login
Mar 07 10:26:25  [info] 0.726 Login
Mar 07 10:26:36  [info] 1.023 Login
Mar 07 10:26:40  [info] 0.432 Login
Mar 07 10:27:59  [info] 3.036 Login
Mar 07 10:28:21  [info] 3.11 Login
Mar 07 10:28:56  [info] 4.007 Home
Mar 07 10:29:00  [info] 2.062 AjaxDashboard
Mar 07 10:30:57  [info] 4.869 DashboardFrame
Mar 07 10:31:49  [info] 51.243 Dashboard
Mar 07 10:35:13  [info] 3.877 Home
Mar 07 10:35:15  [info] 1.935 AjaxDashboard
Mar 07 10:35:40  [info] 4.639 DashboardFrame
Mar 07 10:36:34  [info] 52.83 Dashboard
Mar 07 10:39:11  [info] 4.459 Home
Mar 07 10:39:13  [info] 2.003 AjaxDashboard
Mar 07 10:39:23  [info] 5.358 DashboardFrame
Mar 07 10:40:19  [info] 52.587 Dashboard
Mar 07 10:42:07  [info] 3.898 Home
Mar 07 10:42:10  [info] 1.856 AjaxDashboard
Mar 07 10:42:24  [info] 4.919 DashboardFrame
Mar 07 10:43:18  [info] 53.653 Dashboard
Mar 07 10:43:30  [info] 3.643 Home
Mar 07 10:43:32  [info] 1.831 AjaxDashboard
Mar 07 10:43:43  [info] 4.759 DashboardFrame
Mar 07 10:44:38  [info] 52.882 Dashboard
Mar 07 10:44:42  [info] 3.954 Home
Mar 07 10:44:51  [info] 1.878 AjaxDashboard
Mar 07 10:44:57  [info] 5.043 DashboardFrame
Mar 07 10:45:51  [info] 53.562 Dashboard
Mar 07 10:49:12  [info] 3.85 Home
Mar 07 10:49:15  [info] 1.843 AjaxDashboard
Mar 07 10:49:23  [info] 4.455 DashboardFrame
Mar 07 10:50:18  [info] 52.111 Dashboard
Mar 07 10:51:17  [info] 4.208 Home
Mar 07 10:51:20  [info] 2.065 AjaxDashboard
Mar 07 10:51:28  [info] 5.047 DashboardFrame
Mar 07 10:52:22  [info] 52.325 Dashboard
Mar 07 10:53:12  [info] 3.929 Home
Mar 07 10:53:14  [info] 1.933 AjaxDashboard
Mar 07 10:53:23  [info] 5.103 DashboardFrame
Mar 07 10:54:17  [info] 53.225 Dashboard
Mar 07 10:54:36  [info] 9.649 NbmMonthlyPlanner
Mar 07 10:58:48  [info] 3.872 Home
Mar 07 10:58:51  [info] 1.946 AjaxDashboard
Mar 07 10:59:00  [info] 5.257 DashboardFrame
Mar 07 10:59:56  [info] 54.609 Dashboard
Mar 07 11:00:15  [info] 9.349 NbmMonthlyPlanner
Mar 07 11:04:53  [info] 4.143 Home
Mar 07 11:05:03  [info] 6.515 AjaxDashboard
Mar 07 11:05:13  [info] 5.113 DashboardFrame
Mar 07 11:06:11  [info] 55.585 Dashboard
Mar 07 11:08:28  [info] 3.763 Home
Mar 07 11:08:31  [info] 2.343 AjaxDashboard
Mar 07 11:08:40  [info] 4.982 DashboardFrame
Mar 07 11:09:33  [info] 52.433 Dashboard
Mar 07 11:10:08  [info] 9.462 NbmMonthlyPlanner
Mar 07 11:14:45  [info] 3.765 Home
Mar 07 11:14:47  [info] 1.882 AjaxDashboard
Mar 07 11:14:56  [info] 5.117 DashboardFrame
Mar 07 11:15:53  [info] 54.654 Dashboard
Mar 07 11:16:11  [info] 9.36 NbmMonthlyPlanner
Mar 07 11:17:21  [info] 4.36 Home
Mar 07 11:17:25  [info] 3.037 AjaxDashboard
Mar 07 11:17:39  [info] 4.948 DashboardFrame
Mar 07 11:18:33  [info] 51.59 Dashboard
Mar 07 11:18:37  [info] 3.946 Home
Mar 07 11:18:48  [info] 2.017 AjaxDashboard
Mar 07 11:18:53  [info] 4.93 DashboardFrame
Mar 07 11:19:48  [info] 54.578 Dashboard
Mar 07 11:20:11  [info] 11.28 NbmMonthlyPlanner
Mar 07 11:23:41  [info] 3.59 Home
Mar 07 11:23:43  [info] 1.841 AjaxDashboard
Mar 07 11:23:52  [info] 4.912 DashboardFrame
Mar 07 11:24:48  [info] 55.269 Dashboard
Mar 07 11:25:05  [info] 9.432 NbmMonthlyPlanner
Mar 07 11:25:15  [info] 3.976 Home
Mar 07 11:25:18  [info] 2.126 AjaxDashboard
Mar 07 11:25:27  [info] 4.814 DashboardFrame
Mar 07 11:26:23  [info] 53.699 Dashboard
Mar 07 11:26:32  [info] 9.267 NbmMonthlyPlanner
Mar 07 11:26:56  [info] 3.91 Home
Mar 07 11:26:58  [info] 1.866 AjaxDashboard
Mar 07 11:27:07  [info] 4.886 DashboardFrame
Mar 07 11:28:03  [info] 54.548 Dashboard
Mar 07 11:28:12  [info] 8.913 NbmMonthlyPlanner
Mar 07 11:28:30  [info] 5.979 ActionsFrame
Mar 07 11:29:13  [info] 42.481 Calendar
Mar 07 11:29:22  [info] 5.102 CalendarDay
Mar 07 11:31:00  [info] 3.869 Home
Mar 07 11:31:03  [info] 1.804 AjaxDashboard
Mar 07 11:31:13  [info] 6.222 DashboardFrame
Mar 07 11:32:09  [info] 55.03 Dashboard
Mar 07 11:32:36  [info] 9.544 NbmMonthlyPlanner
Mar 07 11:34:44  [info] 7.806 ActionsFrame
Mar 07 11:35:27  [info] 41.979 Calendar
Mar 07 11:35:32  [info] 4.369 Home
Mar 07 11:35:37  [info] 4.979 CalendarDay
Mar 07 11:35:39  [info] 1.992 AjaxDashboard
Mar 07 11:35:44  [info] 4.626 DashboardFrame
Mar 07 11:36:40  [info] 54.578 Dashboard
Mar 07 11:36:50  [info] 9.822 NbmMonthlyPlanner
Mar 07 11:37:31  [info] 6.429 ActionsFrame
Mar 07 11:38:12  [info] 40.664 Calendar
Mar 07 11:38:19  [info] 5.237 CalendarDay
Mar 07 11:39:13  [info] 4.222 Home
Mar 07 11:39:16  [info] 2.133 AjaxDashboard
Mar 07 11:39:25  [info] 5.686 DashboardFrame
Mar 07 11:39:35  [info] 9.469 NbmMonthlyPlanner
Mar 07 11:40:31  [info] 56.213 Dashboard
Mar 07 11:40:37  [info] 5.986 ActionsFrame
Mar 07 11:40:41  [info] 3.688 Home
Mar 07 11:41:30  [info] 41.358 Calendar
Mar 07 11:41:32  [info] 1.912 AjaxDashboard
Mar 07 11:41:37  [info] 4.837 DashboardFrame
Mar 07 11:42:30  [info] 52.084 Dashboard
Mar 07 11:42:37  [info] 6.833 ActionsFrame
Mar 07 11:43:25  [info] 40.391 Calendar
Mar 07 11:43:32  [info] 5.163 CalendarDay
Mar 07 11:43:42  [info] 3.967 Communication
Mar 07 11:43:54  [info] 4.175 WorkspaceSearch
Mar 07 11:44:13  [info] 5.67 Search
Mar 07 11:44:21  [info] 7.055 ParentCompany
Mar 07 11:44:31  [info] 10.023 CompanyCreate
Mar 07 11:44:37  [info] 5.231 Category
Mar 07 11:44:43  [info] 5.77 Category
Mar 07 11:44:47  [info] 4.006 WorkspaceFilter
Mar 07 11:45:29  [info] 3.869 FilterResults
Mar 07 11:45:44  [info] 6.603 FilterList
Mar 07 11:45:59  [info] 5.428 MailerList
Mar 07 11:46:58  [info] 5.904 Reporting
Mar 07 11:47:07  [info] 4.271 Administration
Mar 07 11:47:49  [info] 29.661 AdminRegions
Mar 07 11:47:57  [info] 6.675 AdminReports
Mar 07 11:48:02  [info] 4.701 Home
Mar 07 11:48:06  [info] 4.094 Home
Mar 07 11:48:10  [info] 3.686 Home
Mar 07 11:48:13  [info] 2.117 AjaxDashboard
Mar 07 11:48:22  [info] 4.711 DashboardFrame
Mar 07 11:49:17  [info] 54.897 Dashboard
Mar 07 11:49:38  [info] 9.257 NbmMonthlyPlanner
Mar 07 11:50:52  [info] 6.155 ActionsFrame
Mar 07 11:51:34  [info] 41.043 Calendar
Mar 07 11:51:42  [info] 5.478 CalendarDay
Mar 07 11:52:06  [info] 3.733 Communication
Mar 07 11:52:13  [info] 4.265 WorkspaceSearch
Mar 07 11:52:19  [info] 3.91 WorkspaceFilter
Mar 07 11:52:25  [info] 3.918 Search
Mar 07 11:52:32  [info] 6.861 CompanyCreate
Mar 07 11:52:38  [info] 5.562 ParentCompany
Mar 07 11:52:42  [info] 4.079 FilterResults
Mar 07 11:52:48  [info] 5.046 Category
Mar 07 11:52:54  [info] 6.964 FilterList
Mar 07 11:53:00  [info] 5.277 MailerList
Mar 07 11:53:06  [info] 5.553 Category
Mar 07 11:53:14  [info] 5.406 Reporting
Mar 07 11:53:22  [info] 4.015 Administration
Mar 07 11:53:30  [info] 0.109 Login
Mar 07 11:53:33  [info] 0.16 Login
Mar 07 11:53:35  [info] 0.34 Login
Mar 07 11:53:51  [info] 4.151 Home
Mar 07 11:53:55  [info] 2.119 AjaxDashboard
Mar 07 11:54:08  [info] 4.467 DashboardFrame
Mar 07 11:55:04  [info] 53.622 Dashboard
Mar 07 11:59:35  [info] 4.029 Home
Mar 07 11:59:39  [info] 3.28 AjaxDashboard
Mar 07 11:59:50  [info] 4.918 DashboardFrame
Mar 07 12:00:47  [info] 53.702 Dashboard
Mar 07 12:00:51  [info] 4.158 Home
Mar 07 12:01:01  [info] 1.9 AjaxDashboard
Mar 07 12:01:06  [info] 4.712 DashboardFrame
Mar 07 12:01:07  [info] 0.929 AjaxScoreboard
Mar 07 12:02:04  [info] 56.615 Dashboard
Mar 07 12:02:21  [info] 3.913 Home
Mar 07 12:02:23  [info] 1.943 AjaxDashboard
Mar 07 12:02:28  [info] 0.903 AjaxScoreboard
Mar 07 12:02:32  [info] 4.737 DashboardFrame
Mar 07 12:03:44  [info] 59.055 Dashboard
Mar 07 12:04:10  [info] 3.973 Home
Mar 07 12:04:13  [info] 1.992 AjaxDashboard
Mar 07 12:04:17  [info] 0.946 AjaxScoreboard
Mar 07 12:04:22  [info] 4.541 DashboardFrame
Mar 07 12:05:16  [info] 53.468 Dashboard
Mar 07 12:07:44  [info] 4.507 Home
Mar 07 12:07:47  [info] 2.491 AjaxDashboard
Mar 07 12:07:58  [info] 4.983 DashboardFrame
Mar 07 12:07:59  [info] 1.046 AjaxScoreboard
Mar 07 12:09:01  [info] 53.998 Dashboard
Mar 07 12:09:42  [info] 4.092 Home
Mar 07 12:09:45  [info] 2.185 AjaxDashboard
Mar 07 12:09:54  [info] 5.121 DashboardFrame
Mar 07 12:09:55  [info] 1.069 AjaxScoreboard
Mar 07 12:10:48  [info] 53.572 Dashboard
Mar 07 12:14:11  [info] 4.098 Home
Mar 07 12:14:14  [info] 2.431 AjaxDashboard
Mar 07 12:14:24  [info] 5.026 DashboardFrame
Mar 07 12:14:25  [info] 0.907 AjaxScoreboard
Mar 07 12:15:22  [info] 56.454 Dashboard
Mar 07 12:15:35  [info] 3.864 Home
Mar 07 12:15:39  [info] 3.911 Home
Mar 07 12:15:42  [info] 1.88 AjaxDashboard
Mar 07 12:15:50  [info] 4.863 DashboardFrame
Mar 07 12:15:51  [info] 0.942 AjaxScoreboard
Mar 07 12:16:46  [info] 54.546 Dashboard
Mar 07 12:21:28  [info] 4.159 Home
Mar 07 12:21:33  [info] 2.715 AjaxDashboard
Mar 07 12:21:36  [info] 0.98 AjaxScoreboard
Mar 07 12:21:41  [info] 4.968 DashboardFrame
Mar 07 12:22:38  [info] 56.32 Dashboard
Mar 07 12:25:38  [info] 4.36 Home
Mar 07 12:25:41  [info] 1.916 AjaxDashboard
Mar 07 12:25:47  [info] 1.334 AjaxScoreboard
Mar 07 12:25:53  [info] 5.115 DashboardFrame
Mar 07 12:26:48  [info] 54.553 Dashboard
Mar 07 12:30:03  [info] 3.759 Home
Mar 07 12:30:06  [info] 2.008 AjaxDashboard
Mar 07 12:30:10  [info] 1.131 AjaxScoreboard
Mar 07 12:30:16  [info] 5.5 DashboardFrame
Mar 07 12:31:12  [info] 55.673 Dashboard
Mar 07 12:33:04  [info] 3.949 Home
Mar 07 12:33:07  [info] 2.025 AjaxDashboard
Mar 07 12:33:15  [info] 5.254 DashboardFrame
Mar 07 12:33:16  [info] 0.902 AjaxScoreboard
Mar 07 12:34:10  [info] 54.285 Dashboard
Mar 07 12:35:32  [info] 4.25 Home
Mar 07 12:35:34  [info] 2.023 AjaxDashboard
Mar 07 12:35:43  [info] 5.117 DashboardFrame
Mar 07 12:35:44  [info] 0.912 AjaxScoreboard
Mar 07 12:36:37  [info] 52.954 Dashboard
Mar 07 12:39:06  [info] 3.936 Home
Mar 07 12:39:08  [info] 1.797 AjaxDashboard
Mar 07 12:39:12  [info] 0.908 AjaxScoreboard
Mar 07 12:39:18  [info] 5.125 DashboardFrame
Mar 07 12:40:12  [info] 53.568 Dashboard
Mar 07 12:42:24  [info] 3.732 Home
Mar 07 12:42:28  [info] 3.537 AjaxDashboard
Mar 07 12:42:32  [info] 1.214 AjaxScoreboard
Mar 07 12:42:37  [info] 5.201 DashboardFrame
Mar 07 12:43:36  [info] 56.295 Dashboard
Mar 07 12:43:48  [info] 6.566 Home
Mar 07 12:43:59  [info] 4.251 AjaxDashboard
Mar 07 12:44:15  [info] 9.405 DashboardFrame
Mar 07 12:44:17  [info] 2.645 AjaxScoreboard
Mar 07 12:45:10  [info] 52.611 Dashboard
Mar 07 12:45:14  [info] 3.851 Home
Mar 07 12:45:23  [info] 1.986 AjaxDashboard
Mar 07 12:45:24  [info] 0.918 AjaxScoreboard
Mar 07 12:45:29  [info] 4.718 DashboardFrame
Mar 07 12:46:23  [info] 53.332 Dashboard
Mar 07 12:48:43  [info] 3.788 Home
Mar 07 12:48:46  [info] 1.906 AjaxDashboard
Mar 07 12:48:50  [info] 1.018 AjaxScoreboard
Mar 07 12:48:55  [info] 4.932 DashboardFrame
Mar 07 12:49:50  [info] 54.143 Dashboard
Mar 07 12:54:23  [info] 3.872 Home
Mar 07 12:54:26  [info] 2.389 AjaxDashboard
Mar 07 12:54:30  [info] 1.033 AjaxScoreboard
Mar 07 12:54:35  [info] 5.079 DashboardFrame
Mar 07 12:55:33  [info] 56.975 Dashboard
Mar 07 12:56:05  [info] 10.171 NbmMonthlyPlanner
Mar 07 12:56:11  [info] 4.577 NbmMonthlyPlannerGraph4
Mar 07 12:56:42  [info] 6.73 ActionsFrame
Mar 07 12:57:28  [info] 45.545 Calendar
Mar 07 12:57:37  [info] 5.271 CalendarDay
Mar 07 13:02:31  [info] 3.755 Communication
Mar 07 13:02:52  [info] 3.948 WorkspaceSearch
Mar 07 13:02:56  [info] 3.886 Search
Mar 07 13:03:04  [info] 7.217 CompanyCreate
Mar 07 13:03:09  [info] 5.812 ParentCompany
Mar 07 13:03:14  [info] 4.147 WorkspaceFilter
Mar 07 13:03:20  [info] 5.792 Category
Mar 07 13:03:25  [info] 5.453 Category
Mar 07 13:04:26  [info] 2.31 AjaxDashboard
Mar 07 13:08:44  [info] 4.091 FilterResults
Mar 07 13:09:40  [info] 4.062 Home
Mar 07 13:09:43  [info] 1.83 AjaxDashboard
Mar 07 13:09:54  [info] 4.859 DashboardFrame
Mar 07 13:09:55  [info] 0.941 AjaxScoreboard
Mar 07 13:10:52  [info] 55.963 Dashboard
Mar 07 13:13:45  [info] 5.358 Reporting
Mar 07 13:13:51  [info] 5.327 MailerList
Mar 07 13:14:30  [info] 3.832 Home
Mar 07 13:14:32  [info] 1.805 AjaxDashboard
Mar 07 13:14:37  [info] 0.89 AjaxScoreboard
Mar 07 13:14:41  [info] 4.794 DashboardFrame
Mar 07 13:15:41  [info] 58.112 Dashboard
Mar 07 13:24:33  [info] 1.791 AjaxDashboard
Mar 07 13:34:34  [info] 1.854 AjaxDashboard
Mar 07 13:44:35  [info] 1.765 AjaxDashboard
Mar 07 13:54:35  [info] 1.73 AjaxDashboard
Mar 07 14:04:37  [info] 1.803 AjaxDashboard
Mar 07 14:14:38  [info] 1.821 AjaxDashboard
Mar 07 14:24:39  [info] 1.897 AjaxDashboard
Mar 07 14:34:40  [info] 2.196 AjaxDashboard
Mar 07 14:44:40  [info] 1.702 AjaxDashboard
Mar 07 14:54:42  [info] 1.938 AjaxDashboard
Mar 07 15:04:43  [info] 1.79 AjaxDashboard
Mar 07 15:14:44  [info] 2.101 AjaxDashboard
Mar 07 15:24:45  [info] 1.8 AjaxDashboard
Mar 07 15:34:46  [info] 1.817 AjaxDashboard
Mar 07 15:44:47  [info] 1.813 AjaxDashboard
Mar 07 15:54:48  [info] 1.818 AjaxDashboard
Mar 07 16:04:48  [info] 1.632 AjaxDashboard
Mar 07 16:14:50  [info] 2.228 AjaxDashboard
Mar 07 16:24:51  [info] 1.737 AjaxDashboard
Mar 07 16:34:52  [info] 1.74 AjaxDashboard
Mar 07 16:44:53  [info] 1.874 AjaxDashboard
Mar 07 16:54:54  [info] 1.7 AjaxDashboard
Mar 07 17:04:55  [info] 1.816 AjaxDashboard
Mar 07 17:14:56  [info] 1.759 AjaxDashboard
Mar 07 17:24:57  [info] 1.741 AjaxDashboard
Mar 07 17:34:57  [info] 1.686 AjaxDashboard
Mar 07 17:44:59  [info] 1.82 AjaxDashboard
Mar 07 17:55:00  [info] 1.826 AjaxDashboard
Mar 07 18:05:01  [info] 1.962 AjaxDashboard
Mar 07 18:15:02  [info] 1.742 AjaxDashboard
Mar 07 18:25:03  [info] 1.881 AjaxDashboard
Mar 07 18:35:04  [info] 2.179 AjaxDashboard
Mar 07 18:45:04  [info] 1.716 AjaxDashboard
Mar 07 18:55:05  [info] 1.706 AjaxDashboard
Mar 07 19:05:07  [info] 1.812 AjaxDashboard
Mar 07 19:15:08  [info] 1.891 AjaxDashboard
Mar 07 19:25:09  [info] 1.996 AjaxDashboard
Mar 07 19:35:10  [info] 1.776 AjaxDashboard
Mar 07 19:45:11  [info] 1.756 AjaxDashboard
Mar 07 19:55:12  [info] 1.725 AjaxDashboard
Mar 07 20:05:13  [info] 1.774 AjaxDashboard
Mar 07 20:15:14  [info] 1.882 AjaxDashboard
Mar 07 20:25:15  [info] 1.927 AjaxDashboard
Mar 07 20:35:16  [info] 1.83 AjaxDashboard
Mar 07 20:45:17  [info] 2.113 AjaxDashboard
Mar 07 20:55:18  [info] 1.74 AjaxDashboard
Mar 07 21:05:18  [info] 1.722 AjaxDashboard
Mar 07 21:15:20  [info] 1.799 AjaxDashboard
Mar 07 21:25:21  [info] 1.839 AjaxDashboard
Mar 07 21:35:22  [info] 1.797 AjaxDashboard
Mar 07 21:45:23  [info] 1.804 AjaxDashboard
Mar 07 21:55:24  [info] 2.25 AjaxDashboard
Mar 07 22:05:24  [info] 1.687 AjaxDashboard
Mar 07 22:15:26  [info] 1.706 AjaxDashboard
Mar 07 22:25:27  [info] 1.86 AjaxDashboard
Mar 07 22:35:27  [info] 1.708 AjaxDashboard
Mar 07 22:45:29  [info] 1.829 AjaxDashboard
Mar 07 22:55:29  [info] 1.714 AjaxDashboard
Mar 07 23:05:31  [info] 1.798 AjaxDashboard
Mar 07 23:15:32  [info] 1.865 AjaxDashboard
Mar 07 23:25:33  [info] 1.736 AjaxDashboard
Mar 07 23:35:34  [info] 1.86 AjaxDashboard
Mar 07 23:45:35  [info] 1.851 AjaxDashboard
Mar 07 23:55:36  [info] 1.829 AjaxDashboard
Mar 08 00:05:37  [info] 1.873 AjaxDashboard
Mar 08 00:15:38  [info] 1.813 AjaxDashboard
Mar 08 00:25:38  [info] 1.686 AjaxDashboard
Mar 08 00:35:40  [info] 2.102 AjaxDashboard
Mar 08 00:45:40  [info] 1.695 AjaxDashboard
Mar 08 00:55:42  [info] 1.795 AjaxDashboard
Mar 08 01:05:43  [info] 1.924 AjaxDashboard
Mar 08 01:15:44  [info] 1.895 AjaxDashboard
Mar 08 01:25:45  [info] 1.739 AjaxDashboard
Mar 08 01:35:46  [info] 1.809 AjaxDashboard
Mar 08 01:45:47  [info] 1.734 AjaxDashboard
Mar 08 01:55:52  [info] 1.753 AjaxDashboard
Mar 08 02:05:53  [info] 1.778 AjaxDashboard
Mar 08 02:15:54  [info] 1.683 AjaxDashboard
Mar 08 02:25:55  [info] 1.825 AjaxDashboard
Mar 08 02:35:56  [info] 1.804 AjaxDashboard
Mar 08 02:45:58  [info] 1.956 AjaxDashboard
Mar 08 02:55:58  [info] 1.754 AjaxDashboard
Mar 08 03:05:59  [info] 1.925 AjaxDashboard
Mar 08 03:16:00  [info] 1.699 AjaxDashboard
Mar 08 03:26:02  [info] 2.084 AjaxDashboard
Mar 08 03:36:02  [info] 1.879 AjaxDashboard
Mar 08 03:46:03  [info] 1.793 AjaxDashboard
Mar 08 03:56:04  [info] 1.895 AjaxDashboard
Mar 08 04:06:05  [info] 1.879 AjaxDashboard
Mar 08 04:16:07  [info] 2.131 AjaxDashboard
Mar 08 04:26:08  [info] 2.08 AjaxDashboard
Mar 08 04:36:08  [info] 1.752 AjaxDashboard
Mar 08 04:46:10  [info] 1.878 AjaxDashboard
Mar 08 04:56:10  [info] 1.884 AjaxDashboard
Mar 08 05:06:11  [info] 1.886 AjaxDashboard
Mar 08 05:16:12  [info] 1.865 AjaxDashboard
Mar 08 05:26:13  [info] 1.891 AjaxDashboard
Mar 08 05:36:15  [info] 1.841 AjaxDashboard
Mar 08 05:46:15  [info] 1.824 AjaxDashboard
Mar 08 05:56:16  [info] 1.717 AjaxDashboard
Mar 08 06:06:17  [info] 1.732 AjaxDashboard
Mar 08 06:16:18  [info] 1.727 AjaxDashboard
Mar 08 06:26:19  [info] 1.906 AjaxDashboard
Mar 08 06:36:21  [info] 2.281 AjaxDashboard
Mar 08 06:46:21  [info] 1.842 AjaxDashboard
Mar 08 06:56:22  [info] 2.007 AjaxDashboard
Mar 08 07:06:23  [info] 1.766 AjaxDashboard
Mar 08 07:16:24  [info] 1.762 AjaxDashboard
Mar 08 07:26:26  [info] 1.991 AjaxDashboard
Mar 08 07:36:27  [info] 1.977 AjaxDashboard
Mar 08 07:46:27  [info] 1.909 AjaxDashboard
Mar 08 07:56:29  [info] 1.705 AjaxDashboard
Mar 08 08:06:29  [info] 1.76 AjaxDashboard
Mar 08 08:16:30  [info] 1.849 AjaxDashboard
Mar 08 08:26:31  [info] 1.713 AjaxDashboard
Mar 08 08:36:32  [info] 1.84 AjaxDashboard
Mar 08 08:46:34  [info] 2.059 AjaxDashboard
Mar 08 08:56:34  [info] 1.818 AjaxDashboard
Mar 08 09:06:36  [info] 1.879 AjaxDashboard
Mar 08 09:16:37  [info] 2.073 AjaxDashboard
Mar 08 09:26:37  [info] 1.793 AjaxDashboard
Mar 08 09:36:38  [info] 1.801 AjaxDashboard
Mar 08 09:46:39  [info] 1.703 AjaxDashboard
Mar 08 09:56:40  [info] 1.671 AjaxDashboard
Mar 08 10:06:41  [info] 1.889 AjaxDashboard
Mar 08 10:16:42  [info] 1.775 AjaxDashboard
Mar 08 10:26:43  [info] 1.641 AjaxDashboard
Mar 08 10:36:45  [info] 2.052 AjaxDashboard
Mar 08 10:46:45  [info] 1.725 AjaxDashboard
Mar 08 10:56:46  [info] 1.7 AjaxDashboard
Mar 08 11:06:48  [info] 1.934 AjaxDashboard
Mar 08 11:16:48  [info] 1.724 AjaxDashboard
Mar 08 11:26:49  [info] 1.789 AjaxDashboard
Mar 08 11:36:50  [info] 1.803 AjaxDashboard
Mar 08 11:46:51  [info] 1.783 AjaxDashboard
Mar 08 11:56:52  [info] 1.73 AjaxDashboard
Mar 08 12:06:53  [info] 1.77 AjaxDashboard
Mar 08 12:16:54  [info] 1.751 AjaxDashboard
Mar 08 12:26:55  [info] 1.7 AjaxDashboard
Mar 08 12:36:56  [info] 1.829 AjaxDashboard
Mar 08 12:46:57  [info] 1.754 AjaxDashboard
Mar 08 12:56:58  [info] 1.716 AjaxDashboard
Mar 08 13:06:59  [info] 1.792 AjaxDashboard
Mar 08 13:17:00  [info] 1.837 AjaxDashboard
Mar 08 13:27:01  [info] 1.78 AjaxDashboard
Mar 08 13:37:02  [info] 1.895 AjaxDashboard
Mar 08 13:47:04  [info] 2.115 AjaxDashboard
Mar 08 13:57:07  [info] 4.07 AjaxDashboard
Mar 08 14:07:05  [info] 1.723 AjaxDashboard
Mar 08 14:17:06  [info] 1.776 AjaxDashboard
Mar 08 14:27:08  [info] 1.98 AjaxDashboard
Mar 08 14:37:08  [info] 1.71 AjaxDashboard
Mar 08 14:47:10  [info] 1.99 AjaxDashboard
Mar 08 14:57:10  [info] 1.752 AjaxDashboard
Mar 08 15:07:11  [info] 1.695 AjaxDashboard
Mar 08 15:17:12  [info] 1.764 AjaxDashboard
Mar 08 15:27:14  [info] 2.084 AjaxDashboard
Mar 08 15:37:14  [info] 1.831 AjaxDashboard
Mar 08 15:47:15  [info] 1.791 AjaxDashboard
Mar 08 15:57:16  [info] 1.724 AjaxDashboard
Mar 08 16:07:18  [info] 1.851 AjaxDashboard
Mar 08 16:17:18  [info] 1.73 AjaxDashboard
Mar 08 16:27:19  [info] 1.724 AjaxDashboard
Mar 08 16:37:20  [info] 1.718 AjaxDashboard
Mar 08 16:47:21  [info] 1.709 AjaxDashboard
Mar 08 16:57:22  [info] 1.872 AjaxDashboard
Mar 08 17:07:23  [info] 1.793 AjaxDashboard
Mar 08 17:17:25  [info] 2.297 AjaxDashboard
Mar 08 17:27:25  [info] 1.861 AjaxDashboard
Mar 08 17:37:26  [info] 1.82 AjaxDashboard
Mar 08 17:47:27  [info] 1.745 AjaxDashboard
Mar 08 17:57:29  [info] 1.986 AjaxDashboard
Mar 08 18:07:29  [info] 1.876 AjaxDashboard
Mar 08 18:17:30  [info] 1.775 AjaxDashboard
Mar 08 18:27:31  [info] 1.958 AjaxDashboard
Mar 08 18:37:32  [info] 1.71 AjaxDashboard
Mar 08 18:47:33  [info] 1.826 AjaxDashboard
Mar 08 18:57:34  [info] 1.713 AjaxDashboard
Mar 08 19:07:35  [info] 1.759 AjaxDashboard
Mar 08 19:17:36  [info] 1.938 AjaxDashboard
Mar 08 19:27:37  [info] 1.876 AjaxDashboard
Mar 08 19:37:39  [info] 1.972 AjaxDashboard
Mar 08 19:47:39  [info] 1.781 AjaxDashboard
Mar 08 19:57:40  [info] 1.889 AjaxDashboard
Mar 08 20:07:41  [info] 1.814 AjaxDashboard
Mar 08 20:17:42  [info] 1.885 AjaxDashboard
Mar 08 20:27:44  [info] 1.854 AjaxDashboard
Mar 08 20:37:45  [info] 2.089 AjaxDashboard
Mar 08 20:47:45  [info] 1.631 AjaxDashboard
Mar 08 20:57:46  [info] 1.894 AjaxDashboard
Mar 08 21:07:47  [info] 1.852 AjaxDashboard
Mar 08 21:17:49  [info] 2.041 AjaxDashboard
Mar 08 21:27:50  [info] 1.982 AjaxDashboard
Mar 08 21:37:50  [info] 1.838 AjaxDashboard
Mar 08 21:47:51  [info] 1.657 AjaxDashboard
Mar 08 21:57:52  [info] 1.761 AjaxDashboard
Mar 08 22:07:53  [info] 1.802 AjaxDashboard
Mar 08 22:17:54  [info] 1.726 AjaxDashboard
Mar 08 22:27:55  [info] 1.839 AjaxDashboard
Mar 08 22:37:57  [info] 1.946 AjaxDashboard
Mar 08 22:47:57  [info] 1.922 AjaxDashboard
Mar 08 22:57:58  [info] 1.828 AjaxDashboard
Mar 08 23:07:59  [info] 1.858 AjaxDashboard
Mar 08 23:18:00  [info] 1.753 AjaxDashboard
Mar 08 23:28:02  [info] 1.825 AjaxDashboard
Mar 08 23:38:02  [info] 1.735 AjaxDashboard
Mar 08 23:48:03  [info] 1.772 AjaxDashboard
Mar 08 23:58:04  [info] 1.728 AjaxDashboard
Mar 09 00:08:05  [info] 1.785 AjaxDashboard
Mar 09 00:18:07  [info] 1.831 AjaxDashboard
Mar 09 00:28:07  [info] 1.876 AjaxDashboard
Mar 09 00:38:08  [info] 1.757 AjaxDashboard
Mar 09 00:48:09  [info] 1.843 AjaxDashboard
Mar 09 00:58:10  [info] 1.807 AjaxDashboard
Mar 09 01:08:11  [info] 1.851 AjaxDashboard
Mar 09 01:18:12  [info] 1.834 AjaxDashboard
Mar 09 01:28:13  [info] 1.907 AjaxDashboard
Mar 09 01:38:14  [info] 1.713 AjaxDashboard
Mar 09 01:48:15  [info] 1.823 AjaxDashboard
Mar 09 01:58:21  [info] 1.75 AjaxDashboard
Mar 09 02:08:22  [info] 1.78 AjaxDashboard
Mar 09 02:18:23  [info] 1.739 AjaxDashboard
Mar 09 02:28:24  [info] 1.692 AjaxDashboard
Mar 09 02:38:25  [info] 1.85 AjaxDashboard
Mar 09 02:48:26  [info] 1.694 AjaxDashboard
Mar 09 02:58:27  [info] 1.826 AjaxDashboard
Mar 09 03:08:28  [info] 1.894 AjaxDashboard
Mar 09 03:18:29  [info] 1.773 AjaxDashboard
Mar 09 03:28:30  [info] 1.75 AjaxDashboard
Mar 09 03:38:31  [info] 1.699 AjaxDashboard
Mar 09 03:48:32  [info] 1.751 AjaxDashboard
Mar 09 03:58:33  [info] 1.874 AjaxDashboard
Mar 09 04:08:34  [info] 1.896 AjaxDashboard
Mar 09 04:18:35  [info] 1.762 AjaxDashboard
Mar 09 04:26:22  [info] 3.765 Home
Mar 09 04:26:24  [info] 1.854 AjaxDashboard
Mar 09 04:26:33  [info] 5.055 DashboardFrame
Mar 09 04:26:34  [info] 0.87 AjaxScoreboard
Mar 09 04:27:28  [info] 54.289 Dashboard
Mar 09 04:33:46  [info] 3.738 Home
Mar 09 04:33:49  [info] 1.848 AjaxDashboard
Mar 09 04:33:53  [info] 1.079 AjaxScoreboard
Mar 09 04:33:58  [info] 4.769 DashboardFrame
Mar 09 04:34:53  [info] 52.867 Dashboard
Mar 09 04:37:16  [info] 4.07 Home
Mar 09 04:37:19  [info] 1.954 AjaxDashboard
Mar 09 04:37:24  [info] 1.075 AjaxScoreboard
Mar 09 04:37:29  [info] 5.414 DashboardFrame
Mar 09 04:38:25  [info] 55.343 Dashboard
Mar 09 04:42:06  [info] 4.313 Home
Mar 09 04:42:09  [info] 2.036 AjaxDashboard
Mar 09 04:42:13  [info] 1.049 AjaxScoreboard
Mar 09 04:42:18  [info] 4.89 DashboardFrame
Mar 09 04:43:13  [info] 54.139 Dashboard
Mar 09 04:45:03  [info] 4.21 Home
Mar 09 04:45:08  [info] 3.562 AjaxDashboard
Mar 09 04:45:21  [info] 4.73 DashboardFrame
Mar 09 04:45:22  [info] 0.831 AjaxScoreboard
Mar 09 04:46:14  [info] 51.742 Dashboard
Mar 09 04:54:44  [info] 3.862 Home
Mar 09 04:54:46  [info] 1.991 AjaxDashboard
Mar 09 04:54:51  [info] 0.901 AjaxScoreboard
Mar 09 04:54:55  [info] 4.828 DashboardFrame
Mar 09 04:55:49  [info] 52.999 Dashboard
Mar 09 04:56:50  [info] 3.823 Home
Mar 09 04:56:53  [info] 1.904 AjaxDashboard
Mar 09 04:57:02  [info] 5.047 DashboardFrame
Mar 09 04:57:03  [info] 0.979 AjaxScoreboard
Mar 09 04:57:58  [info] 53.601 Dashboard
Mar 09 05:03:15  [info] 4.366 Home
Mar 09 05:06:27  [info] 3.811 Home
Mar 09 05:06:30  [info] 2.373 AjaxDashboard
Mar 09 05:06:42  [info] 6.174 DashboardFrame
Mar 09 05:06:43  [info] 1.113 AjaxScoreboard
Mar 09 05:07:38  [info] 52.321 Dashboard
Mar 09 06:23:22  [info] 0.169 Login
Mar 09 06:23:31  [info] 4.055 Home
Mar 09 06:23:34  [info] 1.992 AjaxDashboard
Mar 09 06:23:35  [info] 0.93 AjaxScoreboard
Mar 09 06:23:39  [info] 4.582 DashboardFrame
Mar 09 06:23:43  [info] 3.58 Administration
Mar 09 06:24:38  [info] 54.501 Dashboard
Mar 09 06:26:13  [info] 42.107 CharacteristicList
Mar 09 06:26:48  [info] 30.696 AdminRegions
Mar 09 06:26:53  [info] 4.719 Home
Mar 09 06:26:55  [info] 1.867 AjaxDashboard
Mar 09 06:26:59  [info] 0.935 AjaxScoreboard
Mar 09 06:27:05  [info] 5.605 DashboardFrame
Mar 09 06:28:06  [info] 56.968 Dashboard
Mar 09 06:29:32  [info] 3.545 Administration
Mar 09 06:30:20  [info] 42.317 CharacteristicList
Mar 09 06:30:47  [info] 27.211 AdminRegions
Mar 09 06:30:52  [info] 4.431 AdminReports
Mar 09 06:30:58  [info] 6.189 User
Mar 09 06:31:04  [info] 5.446 Categories
Mar 09 06:31:07  [info] 3.615 Dedupe
Mar 09 06:31:16  [info] 4.986 Postcode
Mar 09 06:32:05  [info] 42.934 CharacteristicList
Mar 09 06:34:43  [info] 6.7 Home
Mar 09 06:34:46  [info] 2.023 AjaxDashboard
Mar 09 06:34:50  [info] 0.954 AjaxScoreboard
Mar 09 06:34:55  [info] 5.15 DashboardFrame
Mar 09 06:35:00  [info] 4.005 Administration
Mar 09 06:35:54  [info] 54.051 Dashboard
Mar 09 06:36:52  [info] 6.927 FilterList
Mar 09 06:38:23  [info] 4.199 Home
Mar 09 06:38:27  [info] 2.346 AjaxDashboard
Mar 09 06:38:31  [info] 1.073 AjaxScoreboard
Mar 09 06:38:36  [info] 4.788 DashboardFrame
Mar 09 06:39:31  [info] 53.86 Dashboard
Mar 09 06:40:42  [info] 55.347 Dashboard
Mar 09 06:41:37  [info] 54.742 Dashboard
Mar 09 06:42:29  [info] 52.026 Dashboard
Mar 09 06:42:34  [info] 5.307 DashboardMeetings
Mar 09 06:42:38  [info] 4.099 DashboardTeams
Mar 09 06:42:43  [info] 4.864 DashboardNbms
Mar 09 06:42:51  [info] 8.167 NbmMonthlyPlanner
Mar 09 06:42:59  [info] 6.965 FilterList
Mar 09 06:43:03  [info] 3.955 NbmMonthlyPlannerGraph4
Mar 09 06:44:31  [info] 3.802 Home
Mar 09 06:44:34  [info] 2.017 AjaxDashboard
Mar 09 06:44:47  [info] 4.909 DashboardFrame
Mar 09 06:44:48  [info] 0.945 AjaxScoreboard
Mar 09 06:45:40  [info] 51.199 Dashboard
Mar 09 06:45:46  [info] 6.51 FilterList
Mar 09 06:48:25  [info] 152.443 FilterResults
Mar 09 06:50:53  [info] 127.281 AjaxFilterBuilder
Mar 09 06:50:57  [info] 3.811 Home
Mar 09 06:51:19  [info] 1.95 AjaxDashboard
Mar 09 06:51:30  [info] 4.993 DashboardFrame
Mar 09 06:51:31  [info] 0.853 AjaxScoreboard
Mar 09 06:52:27  [info] 56.426 Dashboard
Mar 09 06:52:41  [info] 6.576 FilterList
Mar 09 06:54:54  [info] 128.33 AjaxFilterBuilder
Mar 09 06:55:55  [info] 7.06 FilterBuilder
Mar 09 06:58:20  [info] 3.695 Home
Mar 09 06:58:23  [info] 2.934 AjaxDashboard
Mar 09 06:58:34  [info] 4.739 DashboardFrame
Mar 09 06:58:34  [info] 0.887 AjaxScoreboard
Mar 09 06:59:28  [info] 53.128 Dashboard
Mar 09 07:00:21  [info] 7.268 FilterList
Mar 09 07:02:35  [info] 126.372 AjaxFilterBuilder
Mar 09 07:02:50  [info] 7.367 FilterBuilder
Mar 09 07:03:07  [info] 3.681 Home
Mar 09 07:03:09  [info] 2.154 AjaxDashboard
Mar 09 07:03:17  [info] 4.444 DashboardFrame
Mar 09 07:03:18  [info] 0.792 AjaxScoreboard
Mar 09 07:04:14  [info] 54.669 Dashboard
Mar 09 07:04:27  [info] 6.446 FilterList
Mar 09 07:13:09  [info] 1.776 AjaxDashboard
Mar 09 07:13:54  [info] 3.81 Home
Mar 09 07:13:56  [info] 1.9 AjaxDashboard
Mar 09 07:14:00  [info] 0.973 AjaxScoreboard
Mar 09 07:14:05  [info] 4.549 DashboardFrame
Mar 09 07:15:01  [info] 55.287 Dashboard
Mar 09 07:16:29  [info] 6.571 FilterList
Mar 09 07:16:49  [info] 4.093 Home
Mar 09 07:16:52  [info] 1.76 AjaxDashboard
Mar 09 07:17:04  [info] 4.842 DashboardFrame
Mar 09 07:17:06  [info] 2.012 AjaxScoreboard
Mar 09 07:18:01  [info] 54.606 Dashboard
Mar 09 07:18:43  [info] 6.543 FilterList
Mar 09 07:20:00  [info] 6.251 MailerList
Mar 09 07:20:16  [info] 7.851 MailerEdit
Mar 09 07:20:25  [info] 5.738 MailerItemList
Mar 09 07:22:08  [info] 3.913 Home
Mar 09 07:22:11  [info] 1.794 AjaxDashboard
Mar 09 07:22:19  [info] 4.627 DashboardFrame
Mar 09 07:22:20  [info] 0.903 AjaxScoreboard
Mar 09 07:23:18  [info] 56.827 Dashboard
Mar 09 07:23:30  [info] 9.579 FilterList
Mar 09 07:25:49  [info] 4.042 Home
Mar 09 07:25:51  [info] 1.72 AjaxDashboard
Mar 09 07:26:02  [info] 7.342 FilterList
Mar 09 07:26:05  [info] 0.965 AjaxScoreboard
Mar 09 07:26:09  [info] 4.605 DashboardFrame
Mar 09 07:27:04  [info] 53.823 Dashboard
Mar 09 07:27:41  [info] 3.526 Home
Mar 09 07:27:44  [info] 3.462 Home
Mar 09 07:27:47  [info] 1.825 AjaxDashboard
Mar 09 07:27:58  [info] 5.032 DashboardFrame
Mar 09 07:27:59  [info] 0.892 AjaxScoreboard
Mar 09 07:28:52  [info] 53.464 Dashboard
Mar 09 07:29:58  [info] 6.896 FilterList
Mar 09 07:32:08  [info] 3.781 Home
Mar 09 07:32:11  [info] 1.81 AjaxDashboard
Mar 09 07:32:19  [info] 4.785 DashboardFrame
Mar 09 07:32:20  [info] 0.878 AjaxScoreboard
Mar 09 07:33:14  [info] 53.64 Dashboard
Mar 09 07:34:09  [info] 6.873 FilterList
Mar 09 07:35:38  [info] 8.916 FilterList
Mar 09 07:42:11  [info] 1.774 AjaxDashboard
Mar 09 07:52:12  [info] 1.772 AjaxDashboard
Mar 09 08:02:13  [info] 1.79 AjaxDashboard
Mar 09 08:12:14  [info] 1.879 AjaxDashboard
Mar 09 08:17:39  [info] 4.047 Home
Mar 09 08:17:42  [info] 1.982 AjaxDashboard
Mar 09 08:17:54  [info] 4.838 DashboardFrame
Mar 09 08:17:55  [info] 0.897 AjaxScoreboard
Mar 09 08:18:51  [info] 54.675 Dashboard
Mar 09 08:18:58  [info] 7.083 FilterList
Mar 09 08:19:46  [info] 6.991 FilterList
Mar 09 08:19:51  [info] 4.908 MailerList
Mar 09 08:20:02  [info] 7.646 MailerEdit
Mar 09 08:20:11  [info] 5.818 MailerItemList
Mar 09 08:23:46  [info] 3.698 Home
Mar 09 08:23:48  [info] 1.942 AjaxDashboard
Mar 09 08:23:52  [info] 0.92 AjaxScoreboard
Mar 09 08:23:57  [info] 4.761 DashboardFrame
Mar 09 08:24:55  [info] 55.603 Dashboard
Mar 09 08:25:28  [info] 5.183 MailerList
Mar 09 08:25:43  [info] 7.611 MailerEdit
Mar 09 08:25:53  [info] 5.9 MailerItemList
Mar 09 08:27:02  [info] 3.825 Home
Mar 09 08:27:05  [info] 1.809 AjaxDashboard
Mar 09 08:27:13  [info] 4.579 DashboardFrame
Mar 09 08:27:13  [info] 0.905 AjaxScoreboard
Mar 09 08:28:07  [info] 53.363 Dashboard
Mar 09 08:28:38  [info] 7.105 FilterList
Mar 09 08:28:43  [info] 5.066 MailerList
Mar 09 08:29:03  [info] 5.06 MailerItemList
Mar 09 08:29:17  [info] 8.853 MailerEdit
Mar 09 08:29:28  [info] 8.565 MailerStatistics
Mar 09 08:31:22  [info] 3.688 Home
Mar 09 08:31:25  [info] 2.119 AjaxDashboard
Mar 09 08:31:29  [info] 0.891 AjaxScoreboard
Mar 09 08:31:34  [info] 4.476 DashboardFrame
Mar 09 08:32:28  [info] 53.463 Dashboard
Mar 09 08:32:34  [info] 5.718 MailerList
Mar 09 08:32:53  [info] 8.79 MailerStatistics
Mar 09 08:33:19  [info] 7.916 MailerEdit
Mar 09 08:36:31  [info] 9.487 MailerStatistics
Mar 09 08:36:56  [info] 7.827 MailerEdit
Mar 09 08:37:05  [info] 6.047 MailerItemList
Mar 09 08:37:32  [info] 9.201 MailerStatistics
Mar 09 08:41:11  [info] 3.717 Home
Mar 09 08:41:14  [info] 1.912 AjaxDashboard
Mar 09 08:41:22  [info] 5.397 DashboardFrame
Mar 09 08:41:23  [info] 0.95 AjaxScoreboard
Mar 09 08:42:16  [info] 52.334 Dashboard
Mar 09 08:42:22  [info] 5.675 MailerList
Mar 09 08:42:41  [info] 9.468 MailerStatistics
Mar 09 08:43:26  [info] 7.889 MailerEdit
Mar 09 08:43:36  [info] 5.935 MailerItemList
Mar 09 08:45:04  [info] 9.602 MailerStatistics
Mar 09 08:48:42  [info] 3.695 Home
Mar 09 08:48:45  [info] 1.836 AjaxDashboard
Mar 09 08:48:56  [info] 5.081 DashboardFrame
Mar 09 08:48:57  [info] 0.932 AjaxScoreboard
Mar 09 08:49:51  [info] 53.443 Dashboard
Mar 09 08:50:04  [info] 5.45 MailerList
Mar 09 08:50:18  [info] 9.117 MailerStatistics
Mar 09 08:53:23  [info] 0.136 Login
Mar 09 08:53:34  [info] 3.794 Home
Mar 09 08:53:48  [info] 3.637 Home
Mar 09 08:53:52  [info] 3.784 Home
Mar 09 08:53:54  [info] 1.892 AjaxDashboard
Mar 09 08:54:03  [info] 4.43 DashboardFrame
Mar 09 08:54:04  [info] 0.877 AjaxScoreboard
Mar 09 08:55:09  [info] 0.131 Login
Mar 09 08:55:24  [info] 4.594 Home
Mar 09 08:55:28  [info] 3.654 Home
Mar 09 08:55:30  [info] 1.904 AjaxDashboard
Mar 09 08:55:35  [info] 4.812 DashboardFrame
Mar 09 08:55:35  [info] 0.946 AjaxScoreboard
Mar 09 08:55:40  [info] 4.781 MailerList
Mar 09 08:55:42  [info] 1.718 AjaxDashboard
Mar 09 08:55:43  [info] 0.827 AjaxScoreboard
Mar 09 08:55:48  [info] 4.64 DashboardFrame
Mar 09 08:56:43  [info] 55.539 Dashboard
Mar 09 08:56:52  [info] 8.909 MailerStatistics
Mar 09 08:56:59  [info] 6.781 FilterList
Mar 09 08:57:52  [info] 53.241 Dashboard
Mar 09 09:00:09  [info] 110.149 FilterResults
Mar 09 09:01:29  [info] 3.782 Home
Mar 09 09:01:32  [info] 1.947 AjaxDashboard
Mar 09 09:01:50  [info] 5.958 DashboardFrame
Mar 09 09:01:51  [info] 1.051 AjaxScoreboard
Mar 09 09:02:45  [info] 52.989 Dashboard
Mar 09 09:03:18  [info] 7.126 FilterList
Mar 09 09:05:09  [info] 3.694 Home
Mar 09 09:05:12  [info] 1.781 AjaxDashboard
Mar 09 09:05:22  [info] 4.691 DashboardFrame
Mar 09 09:05:23  [info] 0.878 AjaxScoreboard
Mar 09 09:06:19  [info] 55.195 Dashboard
Mar 09 09:07:38  [info] 49.835 Dashboard
Mar 09 09:08:33  [info] 54.308 Dashboard
Mar 09 09:09:29  [info] 55.681 Dashboard
Mar 09 09:10:25  [info] 55.607 Dashboard
Mar 09 09:11:18  [info] 53.517 Dashboard
Mar 09 09:11:24  [info] 5.288 MailerList
Mar 09 09:12:26  [info] 9.744 MailerStatistics
Mar 09 09:12:54  [info] 4.948 Reporting
Mar 09 09:13:08  [info] 7.981 ReportParams
Mar 09 09:13:28  [info] 6.149 CampaignReportSummaries
Mar 09 09:14:17  [info] 3.633 Administration
Mar 09 09:15:12  [info] 1.865 AjaxDashboard
Mar 09 09:16:02  [info] 3.945 Home
Mar 09 09:16:05  [info] 1.902 AjaxDashboard
Mar 09 09:16:13  [info] 4.677 DashboardFrame
Mar 09 09:16:13  [info] 0.875 AjaxScoreboard
Mar 09 09:17:19  [info] 64.961 Dashboard
Mar 09 09:17:31  [info] 7.758 Reporting
Mar 09 09:17:58  [info] 8.736 ReportParams
Mar 09 09:18:58  [info] 6.234 CampaignReportSummaries
Mar 09 09:19:19  [info] 3.938 Home
Mar 09 09:19:22  [info] 2.043 AjaxDashboard
Mar 09 09:19:37  [info] 0.144 Login
Mar 09 09:19:45  [info] 3.781 Home
Mar 09 09:19:49  [info] 4.304 Home
Mar 09 09:19:51  [info] 2.015 AjaxDashboard
Mar 09 09:19:56  [info] 4.675 DashboardFrame
Mar 09 09:19:57  [info] 0.941 AjaxScoreboard
Mar 09 09:19:59  [info] 1.875 AjaxDashboard
Mar 09 09:20:04  [info] 4.992 DashboardFrame
Mar 09 09:20:05  [info] 0.846 AjaxScoreboard
Mar 09 09:20:56  [info] 51.264 Dashboard
Mar 09 09:21:01  [info] 4.727 Reporting
Mar 09 09:22:02  [info] 55.264 Dashboard
Mar 09 09:22:17  [info] 8.128 ReportParams
Mar 09 09:22:25  [info] 8.041 ReportParams
Mar 09 09:23:30  [info] 7.384 CampaignReportSummaries
Mar 09 09:23:40  [info] 6.716 CampaignReportSummaries
Mar 09 09:23:49  [info] 6.535 CampaignReportSummaries
Mar 09 09:23:55  [info] 4.088 CampaignReportSummaryCreate
Mar 09 09:24:16  [info] 3.723 CampaignReportSummaryCreate
Mar 09 09:25:28  [info] 8.331 ReportParams
Mar 09 09:29:52  [info] 1.724 AjaxDashboard
Mar 09 09:31:55  [info] 3.758 Home
Mar 09 09:31:58  [info] 1.987 AjaxDashboard
Mar 09 09:32:06  [info] 4.49 DashboardFrame
Mar 09 09:32:07  [info] 0.959 AjaxScoreboard
Mar 09 09:33:03  [info] 56.254 Dashboard
Mar 09 09:33:09  [info] 5.242 Reporting
Mar 09 09:33:25  [info] 7.823 ReportParams
Mar 09 09:34:27  [info] 7.948 ReportParams
Mar 09 09:41:58  [info] 1.806 AjaxDashboard
Mar 09 09:44:33  [info] 0.151 Login
Mar 09 09:44:43  [info] 3.443 Home
Mar 09 09:44:45  [info] 1.851 AjaxDashboard
Mar 09 09:44:54  [info] 4.969 Reporting
Mar 09 09:44:56  [info] 1.025 AjaxScoreboard
Mar 09 09:45:01  [info] 4.741 DashboardFrame
Mar 09 09:45:59  [info] 57.055 Dashboard
Mar 09 09:46:07  [info] 7.862 ReportParams
Mar 09 09:47:55  [info] 3.842 Administration
Mar 09 09:51:35  [info] 4.932 AdminReports
Mar 09 09:52:19  [info] 41.985 CharacteristicList
Mar 09 09:52:24  [info] 4.607 AdminReports
Mar 09 09:52:52  [info] 5.225 Home
Mar 09 09:52:55  [info] 2.092 AjaxDashboard
Mar 09 09:53:06  [info] 4.518 DashboardFrame
Mar 09 09:53:08  [info] 1.024 AjaxScoreboard
Mar 09 09:54:01  [info] 52.832 Dashboard
Mar 09 09:54:06  [info] 4.868 Home
Mar 09 09:54:19  [info] 1.767 AjaxDashboard
Mar 09 09:54:20  [info] 0.9 AjaxScoreboard
Mar 09 09:54:25  [info] 4.831 DashboardFrame
Mar 09 09:55:18  [info] 52.718 Dashboard
Mar 09 09:56:12  [info] 53.43 Dashboard
Mar 09 09:57:11  [info] 0.184 Login
Mar 09 09:57:12  [info] 0.246 Login
Mar 09 09:57:23  [info] 4.593 Home
Mar 09 09:57:25  [info] 1.898 AjaxDashboard
Mar 09 09:57:33  [info] 4.695 DashboardFrame
Mar 09 09:57:34  [info] 0.896 AjaxScoreboard
Mar 09 09:57:38  [info] 3.963 Administration
Mar 09 09:57:42  [info] 4.288 Home
Mar 09 09:58:39  [info] 56.794 Dashboard
Mar 09 09:58:41  [info] 1.738 AjaxDashboard
Mar 09 09:58:52  [info] 5.3 DashboardFrame
Mar 09 09:58:53  [info] 0.862 AjaxScoreboard
Mar 09 09:58:59  [info] 5.42 Reporting
Mar 09 09:59:41  [info] 42.334 CharacteristicList
Mar 09 10:00:41  [info] 53.319 Dashboard
Mar 09 10:01:31  [info] 8.148 ReportParams
Mar 09 10:02:11  [info] 4.817 Home
Mar 09 10:02:13  [info] 1.877 AjaxDashboard
Mar 09 10:02:25  [info] 4.671 DashboardFrame
Mar 09 10:02:26  [info] 0.92 AjaxScoreboard
Mar 09 10:02:31  [info] 4.633 Home
Mar 09 10:03:24  [info] 52.708 Dashboard
Mar 09 10:03:26  [info] 1.882 AjaxDashboard
Mar 09 10:03:30  [info] 4.549 DashboardFrame
Mar 09 10:03:32  [info] 1.115 AjaxScoreboard
Mar 09 10:03:37  [info] 5.381 Home
Mar 09 10:03:42  [info] 4.413 Administration
Mar 09 10:04:38  [info] 55.922 Dashboard
Mar 09 10:04:40  [info] 1.829 AjaxDashboard
Mar 09 10:04:54  [info] 4.703 DashboardFrame
Mar 09 10:04:55  [info] 0.91 AjaxScoreboard
Mar 09 10:04:59  [info] 3.78 Administration
Mar 09 10:05:53  [info] 53.79 Dashboard
Mar 09 10:06:43  [info] 42.548 CharacteristicList
Mar 09 10:07:31  [info] 41.803 CharacteristicList
Mar 09 10:07:45  [info] 1.759 AjaxDashboard
Mar 09 10:09:37  [info] 41.071 CharacteristicList
Mar 09 10:10:12  [info] 28.438 AdminRegions
Mar 09 10:10:31  [info] 4.994 Home
Mar 09 10:10:36  [info] 4.807 Home
Mar 09 10:10:42  [info] 5.704 AdminRegionPostcodes
Mar 09 10:10:44  [info] 2.149 AjaxDashboard
Mar 09 10:10:47  [info] 1.754 AjaxDashboard
Mar 09 10:10:51  [info] 4.843 DashboardFrame
Mar 09 10:10:52  [info] 0.841 AjaxScoreboard
Mar 09 10:10:53  [info] 0.928 AjaxScoreboard
Mar 09 10:10:59  [info] 5.318 Reporting
Mar 09 10:11:03  [info] 4.607 DashboardFrame
Mar 09 10:11:57  [info] 53.647 Dashboard
Mar 09 10:12:01  [info] 3.71 Administration
Mar 09 10:12:09  [info] 7.5 ReportParams
Mar 09 10:13:02  [info] 53.306 Dashboard
Mar 09 10:16:39  [info] 5.516 ClientDetails
Mar 09 10:16:43  [info] 3.906 CampaignDetails
Mar 09 10:19:34  [info] 5.641 ClientDetails
Mar 09 10:19:38  [info] 4.039 CampaignDetails
Mar 09 10:20:16  [info] 5.424 ClientDetails
Mar 09 10:20:20  [info] 4.079 CampaignDetails
Mar 09 10:20:35  [info] 3.238 AjaxDashboard
Mar 09 10:20:39  [info] 1.735 AjaxDashboard
Mar 09 10:22:45  [info] 5.205 Home
Mar 09 10:22:52  [info] 6.286 ClientDetails
Mar 09 10:22:57  [info] 4.79 CampaignDetails
Mar 09 10:22:59  [info] 1.777 AjaxDashboard
Mar 09 10:23:13  [info] 4.58 DashboardFrame
Mar 09 10:23:14  [info] 0.905 AjaxScoreboard
Mar 09 10:24:07  [info] 52.875 Dashboard
Mar 09 10:26:51  [info] 4.794 Home
Mar 09 10:26:56  [info] 5.042 Home
Mar 09 10:26:58  [info] 2.016 AjaxDashboard
Mar 09 10:27:00  [info] 1.777 AjaxDashboard
Mar 09 10:27:05  [info] 4.553 DashboardFrame
Mar 09 10:27:06  [info] 0.839 AjaxScoreboard
Mar 09 10:27:07  [info] 0.966 AjaxScoreboard
Mar 09 10:27:12  [info] 4.778 DashboardFrame
Mar 09 10:31:23  [info] 0.525 Login
Mar 09 10:31:51  [info] 4.71 Home
Mar 09 10:31:57  [info] 5.984 Home
Mar 09 10:31:59  [info] 1.815 AjaxDashboard
Mar 09 10:32:01  [info] 1.828 AjaxDashboard
Mar 09 10:32:04  [info] 3.489 Administration
Mar 09 10:32:10  [info] 4.58 DashboardFrame
Mar 09 10:32:11  [info] 0.895 AjaxScoreboard
Mar 09 10:32:12  [info] 0.908 AjaxScoreboard
Mar 09 10:32:17  [info] 5.398 DashboardFrame
Mar 09 10:32:22  [info] 4.584 Reporting
Mar 09 10:33:14  [info] 51.891 Dashboard
Mar 09 10:33:23  [info] 8.826 ReportParams
Mar 09 10:34:24  [info] 54.985 Dashboard
Mar 09 10:35:17  [info] 5.902 ClientDetails
Mar 09 10:35:21  [info] 3.917 CampaignDetails
Mar 09 10:41:31  [info] 9.88 Whitelist
Mar 09 10:41:57  [info] 25.82 AdminRegions
Mar 09 10:42:09  [info] 1.728 AjaxDashboard
Mar 09 10:42:10  [info] 1.81 AjaxDashboard
Mar 09 10:42:18  [info] 7.892 Whitelist
Mar 09 10:42:29  [info] 4.752 Home
Mar 09 10:42:34  [info] 5.012 Home
Mar 09 10:42:37  [info] 3.136 AjaxDashboard
Mar 09 10:42:39  [info] 1.671 AjaxDashboard
Mar 09 10:42:43  [info] 4.289 DashboardFrame
Mar 09 10:42:44  [info] 0.852 AjaxScoreboard
Mar 09 10:42:45  [info] 0.989 AjaxScoreboard
Mar 09 10:42:50  [info] 4.645 DashboardFrame
Mar 09 10:43:43  [info] 52.794 Dashboard
Mar 09 10:43:46  [info] 3.519 Administration
Mar 09 10:43:50  [info] 3.635 Administration
Mar 09 10:44:44  [info] 54.157 Dashboard
Mar 09 10:44:58  [info] 8.28 Whitelist
Mar 09 10:45:12  [info] 9.215 NbmMonthlyPlanner
Mar 09 10:45:23  [info] 10.533 FilterList
Mar 09 10:45:27  [info] 4.055 NbmMonthlyPlannerGraph4
Mar 09 10:46:00  [info] 5.433 Reporting
Mar 09 10:47:08  [info] 28.683 FilterResults
Mar 09 10:47:30  [info] 12.023 CampaignReportSummaries
Mar 09 10:47:52  [info] 5.212 Reporting
Mar 09 10:49:55  [info] 5.743 CampaignReportSummaries
Mar 09 10:50:07  [info] 7.408 ReportParams
Mar 09 10:52:33  [info] 2.477 AjaxDashboard
Mar 09 10:52:37  [info] 2.05 AjaxDashboard
Mar 09 10:52:50  [info] 4.149 Administration
Mar 09 10:54:00  [info] 6.128 ClientDetails
Mar 09 10:54:05  [info] 4.916 CampaignDetails
Mar 09 10:54:09  [info] 3.806 Communication
Mar 09 10:54:24  [info] 5.422 MailerList
Mar 09 10:54:36  [info] 9.513 MailerStatistics
Mar 09 10:54:55  [info] 8.075 MailerStatisticsGraph3
Mar 09 10:57:27  [info] 9.575 Home
Mar 09 10:57:33  [info] 5.83 Home
Mar 09 10:57:43  [info] 10.317 MailerStatisticsGraph1
Mar 09 10:57:46  [info] 1.898 AjaxDashboard
Mar 09 10:57:48  [info] 1.76 AjaxDashboard
Mar 09 10:57:55  [info] 6.377 DashboardFrame
Mar 09 10:57:55  [info] 0.877 AjaxScoreboard
Mar 09 10:57:56  [info] 0.95 AjaxScoreboard
Mar 09 10:58:02  [info] 5.296 MailerList
Mar 09 10:58:08  [info] 5.6 DashboardFrame
Mar 09 10:59:00  [info] 51.952 Dashboard
Mar 09 10:59:05  [info] 4.965 Reporting
Mar 09 10:59:14  [info] 8.961 MailerStatistics
Mar 09 10:59:20  [info] 5.734 MailerStatisticsGraph1
Mar 09 11:00:13  [info] 52.241 Dashboard
Mar 09 11:00:29  [info] 11.086 ReportParams
Mar 09 11:00:34  [info] 4.732 MailerStatisticsGraph2
Mar 09 11:00:43  [info] 8.95 MailerStatistics
Mar 09 11:00:49  [info] 6.37 MailerStatisticsGraph1
Mar 09 11:00:57  [info] 7.431 MailerStatisticsGraph3
Mar 09 11:01:10  [info] 5.47 MailerStatisticsGraph1
Mar 09 11:01:15  [info] 4.808 MailerStatisticsGraph2
Mar 09 11:01:21  [info] 5.478 MailerStatisticsGraph3
Mar 09 11:01:47  [info] 26.599 Report4
Mar 09 11:04:13  [info] 52.25 Report4
Mar 09 11:04:19  [info] 5.607 Reporting
Mar 09 11:06:41  [info] 7.306 ActionsFrame
Mar 09 11:07:26  [info] 43.838 Calendar
Mar 09 11:08:07  [info] 40.51 Calendar
Mar 09 11:08:10  [info] 2.533 AjaxDashboard
Mar 09 11:08:11  [info] 1.765 AjaxDashboard
Mar 09 11:08:19  [info] 7.734 CalendarDay
Mar 09 11:08:51  [info] 8.479 DashboardNbms
Mar 09 11:09:50  [info] 48.239 DashboardNbms
Mar 09 11:14:26  [info] 7.516 ReportParams
Mar 09 11:16:31  [info] 49.463 Report4
Mar 09 11:17:33  [info] 1.729 AjaxDashboard
Mar 09 11:17:38  [info] 2.355 AjaxDashboard
Mar 09 11:18:20  [info] 9.048 ReportParams
Mar 09 11:18:50  [info] 8.565 ReportParams
Mar 09 11:20:08  [info] 3.88 AjaxFilterBuilder
Mar 09 11:26:47  [info] 4.717 Home
Mar 09 11:26:50  [info] 1.943 AjaxDashboard
Mar 09 11:27:01  [info] 4.914 DashboardFrame
Mar 09 11:27:02  [info] 1.095 AjaxScoreboard
Mar 09 11:27:58  [info] 53.683 Dashboard
Mar 09 11:28:00  [info] 1.793 AjaxDashboard
Mar 09 11:30:12  [info] 4.807 Reporting
Mar 09 11:30:41  [info] 7.474 ReportParams
Mar 09 11:30:53  [info] 4.744 AjaxFilterBuilder
Mar 09 11:33:40  [info] 4.528 Home
Mar 09 11:33:42  [info] 1.99 AjaxDashboard
Mar 09 11:33:52  [info] 4.465 DashboardFrame
Mar 09 11:33:53  [info] 0.899 AjaxScoreboard
Mar 09 11:34:44  [info] 49.913 Dashboard
Mar 09 11:34:49  [info] 5.093 Reporting
Mar 09 11:35:02  [info] 7.916 ReportParams
Mar 09 11:36:09  [info] 4.175 AjaxFilterBuilder
Mar 09 11:37:30  [info] 7.729 ReportParams
Mar 09 11:37:35  [info] 1.68 AjaxDashboard
Mar 09 11:37:45  [info] 10.044 Report1
Mar 09 11:37:57  [info] 7.43 ReportParams
Mar 09 11:38:09  [info] 9.639 Report2
Mar 09 11:38:19  [info] 7.565 ReportParams
Mar 09 11:38:41  [info] 5.299 Report3
Mar 09 11:38:53  [info] 8.431 ReportParams
Mar 09 11:39:23  [info] 26.21 Report4
Mar 09 11:39:34  [info] 7.973 ReportParams
Mar 09 11:41:08  [info] 7 Report5
Mar 09 11:42:29  [info] 8.125 ReportParams
Mar 09 11:43:43  [info] 1.808 AjaxDashboard
Mar 09 11:43:59  [info] 13.411 Report6
Mar 09 11:45:05  [info] 12.056 Report6
Mar 09 11:45:45  [info] 12.267 Report6
Mar 09 11:45:57  [info] 7.86 ReportParams
Mar 09 11:47:37  [info] 2.066 AjaxDashboard
Mar 09 11:47:50  [info] 10.535 Report7
Mar 09 11:48:38  [info] 7.874 ReportParams
Mar 09 11:48:45  [info] 4.688 AjaxFilterBuilder
Mar 09 11:48:49  [info] 3.961 AjaxFilterBuilder
Mar 09 11:49:35  [info] 46.233 Report8
Mar 09 11:49:46  [info] 7.443 ReportParams
Mar 09 11:53:44  [info] 1.934 AjaxDashboard
Mar 09 11:57:37  [info] 1.937 AjaxDashboard
Mar 09 11:59:49  [info] 52.432 Report14
Mar 09 12:00:32  [info] 7.81 ReportParams
Mar 09 12:03:53  [info] 1.893 AjaxDashboard
Mar 09 12:04:09  [info] 4.358 Home
Mar 09 12:04:12  [info] 2.125 AjaxDashboard
Mar 09 12:04:21  [info] 4.833 DashboardFrame
Mar 09 12:04:22  [info] 0.887 AjaxScoreboard
Mar 09 12:05:16  [info] 53.696 Dashboard
Mar 09 12:05:21  [info] 5.106 Reporting
Mar 09 12:05:41  [info] 8.216 ReportParams
Mar 09 12:08:04  [info] 1.703 AjaxDashboard
Mar 09 12:11:02  [info] 7.824 ReportParams
Mar 09 12:12:27  [info] 8.879 Report10
Mar 09 12:13:13  [info] 7.343 ReportParams
Mar 09 12:14:13  [info] 2.402 AjaxDashboard
Mar 09 12:14:29  [info] 4.677 Report11
Mar 09 12:14:58  [info] 7.39 ReportParams
Mar 09 12:16:30  [info] 5.923 Report12
Mar 09 12:17:03  [info] 7.975 ReportParams
Mar 09 12:17:39  [info] 1.727 AjaxDashboard
Mar 09 12:18:41  [info] 7.448 Report13
Mar 09 12:19:06  [info] 7.379 ReportParams
Mar 09 12:23:10  [info] 6.314 Report15
Mar 09 12:24:11  [info] 6.819 Report15
Mar 09 12:24:13  [info] 1.778 AjaxDashboard
Mar 09 12:24:24  [info] 4.18 Administration
Mar 09 12:28:16  [info] 1.855 AjaxDashboard
Mar 09 12:29:47  [info] 5.477 ClientDetails
Mar 09 12:29:52  [info] 4.38 CampaignDetails
Mar 09 12:29:58  [info] 6.227 User
Mar 09 12:30:37  [info] 4.702 AdminReports
Mar 09 12:30:46  [info] 5.133 Categories
Mar 09 12:31:13  [info] 3.572 Dedupe
Mar 09 12:31:20  [info] 5.95 Dedupe
Mar 09 12:31:25  [info] 5.809 Dedupe
Mar 09 12:31:32  [info] 6.173 Dedupe
Mar 09 12:31:42  [info] 9.768 Whitelist
Mar 09 12:31:52  [info] 10.51 Whitelist
Mar 09 12:31:58  [info] 5.388 Postcode
Mar 09 12:32:05  [info] 6.538 User
Mar 09 12:32:38  [info] 4.543 Home
Mar 09 12:32:40  [info] 1.755 AjaxDashboard
Mar 09 12:32:54  [info] 4.552 DashboardFrame
Mar 09 12:32:55  [info] 0.872 AjaxScoreboard
Mar 09 12:33:48  [info] 52.46 Dashboard
Mar 09 12:33:52  [info] 3.983 Administration
Mar 09 12:33:57  [info] 4.884 Administration
Mar 09 12:34:13  [info] 6.122 User
Mar 09 12:35:17  [info] 5.21 MailerList
Mar 09 12:35:27  [info] 7.734 MailerEdit
Mar 09 12:35:42  [info] 10.124 MailerStatistics
Mar 09 12:35:47  [info] 5.301 MailerStatisticsGraph2
Mar 09 12:35:52  [info] 4.582 MailerStatisticsGraph1
Mar 09 12:35:56  [info] 4.168 MailerStatisticsGraph3
Mar 09 12:36:03  [info] 7.363 FilterList
Mar 09 12:36:48  [info] 3.481 FilterResults
Mar 09 12:36:53  [info] 4.557 Home
Mar 09 12:36:55  [info] 1.8 AjaxDashboard
Mar 09 12:37:00  [info] 0.943 AjaxScoreboard
Mar 09 12:37:04  [info] 4.649 DashboardFrame
Mar 09 12:37:58  [info] 52.923 Dashboard
Mar 09 12:38:05  [info] 6.946 FilterList
Mar 09 12:38:07  [info] 1.81 AjaxDashboard
Mar 09 12:41:36  [info] 6.971 FilterList
Mar 09 12:41:41  [info] 4.835 Home
Mar 09 12:41:43  [info] 1.758 AjaxDashboard
Mar 09 12:41:58  [info] 4.623 DashboardFrame
Mar 09 12:41:59  [info] 0.934 AjaxScoreboard
Mar 09 12:42:52  [info] 52.967 Dashboard
Mar 09 12:42:59  [info] 6.983 FilterList
Mar 09 12:46:42  [info] 4.128 DashboardCallBacks
Mar 09 12:47:42  [info] 1.769 AjaxDashboard
Mar 09 12:51:44  [info] 2.159 AjaxDashboard
Mar 09 12:53:03  [info] 4.832 Home
Mar 09 12:53:06  [info] 2.101 AjaxDashboard
Mar 09 12:53:21  [info] 4.771 DashboardFrame
Mar 09 12:53:22  [info] 0.88 AjaxScoreboard
Mar 09 12:54:17  [info] 55.24 Dashboard
Mar 09 12:54:29  [info] 4.574 Search
Mar 09 12:54:37  [info] 6.697 CompanyCreate
Mar 09 12:54:42  [info] 5.572 ParentCompany
Mar 09 12:54:47  [info] 5.102 ParentCompany
Mar 09 12:54:52  [info] 5.019 ParentCompany
Mar 09 12:54:58  [info] 5.406 Category
Mar 09 12:55:04  [info] 5.626 ParentCompany
Mar 09 12:55:09  [info] 4.827 ParentCompany
Mar 09 12:55:14  [info] 4.954 Category
Mar 09 12:55:20  [info] 5.248 ParentCompany
Mar 09 12:56:40  [info] 5.746 ParentCompany
Mar 09 12:56:46  [info] 5.241 Category
Mar 09 12:56:50  [info] 3.71 WorkspaceSearch
Mar 09 12:57:43  [info] 1.891 AjaxDashboard
Mar 09 12:59:39  [info] 3.748 Administration
Mar 09 13:00:34  [info] 6.027 ClientDetails
Mar 09 13:00:38  [info] 4.156 CampaignDetails
Mar 09 13:01:45  [info] 4.93 Home
Mar 09 13:01:48  [info] 2.049 AjaxDashboard
Mar 09 13:01:53  [info] 0.955 AjaxScoreboard
Mar 09 13:01:58  [info] 4.995 DashboardFrame
Mar 09 13:02:51  [info] 52.292 Dashboard
Mar 09 13:02:55  [info] 3.557 Administration
Mar 09 13:03:50  [info] 5.383 ClientDetails
Mar 09 13:03:54  [info] 4.248 CampaignDetails
Mar 09 13:04:51  [info] 4.562 Home
Mar 09 13:04:54  [info] 1.798 AjaxDashboard
Mar 09 13:04:58  [info] 0.899 AjaxScoreboard
Mar 09 13:05:03  [info] 4.984 DashboardFrame
Mar 09 13:05:58  [info] 54.584 Dashboard
Mar 09 13:06:02  [info] 3.929 Administration
Mar 09 13:07:14  [info] 5.824 ClientDetails
Mar 09 13:07:18  [info] 4.589 CampaignDetails
Mar 09 13:07:44  [info] 1.749 AjaxDashboard
Mar 09 13:08:57  [info] 5.907 Postcode
Mar 09 13:09:47  [info] 10.317 Whitelist
Mar 09 13:10:06  [info] 4.166 Dedupe
Mar 09 13:10:13  [info] 5.897 Dedupe
Mar 09 13:10:18  [info] 5.352 Dedupe
Mar 09 13:10:24  [info] 5.648 Categories
Mar 09 13:10:47  [info] 6.166 User
Mar 09 13:14:56  [info] 4.881 Home
Mar 09 13:15:04  [info] 7.863 ClientDetails
Mar 09 13:15:10  [info] 4.994 CampaignDetails
Mar 09 13:15:11  [info] 1.607 AjaxDashboard
Mar 09 13:15:13  [info] 2.001 AjaxDashboard
Mar 09 13:15:18  [info] 4.538 DashboardFrame
Mar 09 13:15:19  [info] 0.9 AjaxScoreboard
Mar 09 13:16:17  [info] 56.239 Dashboard
Mar 09 13:16:21  [info] 3.644 Administration
Mar 09 13:17:55  [info] 2.052 AjaxDashboard
Mar 09 13:18:19  [info] 6.232 ClientDetails
Mar 09 13:18:25  [info] 6.218 CampaignDetails
Mar 09 13:22:50  [info] 5.246 MailerList
Mar 09 13:25:00  [info] 1.9 AjaxDashboard
Mar 09 13:26:05  [info] 4.701 Home
Mar 09 13:26:07  [info] 1.822 AjaxDashboard
Mar 09 13:26:12  [info] 0.938 AjaxScoreboard
Mar 09 13:26:17  [info] 4.556 DashboardFrame
Mar 09 13:27:13  [info] 54.22 Dashboard
Mar 09 13:27:46  [info] 2.176 AjaxDashboard
Mar 09 13:33:31  [info] 3.712 Administration
Mar 09 13:34:21  [info] 5.589 ClientDetails
Mar 09 13:34:25  [info] 3.999 CampaignDetails
Mar 09 13:36:08  [info] 1.752 AjaxDashboard
Mar 09 13:36:36  [info] 0.131 Login
Mar 09 13:37:46  [info] 0.09 Login
Mar 09 13:41:08  [info] 4.848 Home
Mar 09 13:41:10  [info] 1.825 AjaxDashboard
Mar 09 13:41:22  [info] 5.79 DashboardFrame
Mar 09 13:41:23  [info] 0.876 AjaxScoreboard
Mar 09 13:42:19  [info] 55.069 Dashboard
Mar 09 13:42:23  [info] 3.724 Administration
Mar 09 13:45:12  [info] 4.86 Home
Mar 09 13:45:27  [info] 0.354 Login
Mar 09 13:45:50  [info] 4.545 Home
Mar 09 13:45:52  [info] 1.848 AjaxDashboard
Mar 09 13:45:57  [info] 0.942 AjaxScoreboard
Mar 09 13:46:01  [info] 4.632 DashboardFrame
Mar 09 13:46:54  [info] 52.076 Dashboard
Mar 09 13:46:59  [info] 3.994 Administration
Mar 09 13:48:12  [info] 5.327 ClientDetails
Mar 09 13:48:16  [info] 4.131 CampaignDetails
Mar 09 13:51:47  [info] 4.787 Home
Mar 09 13:51:50  [info] 1.772 AjaxDashboard
Mar 09 13:52:03  [info] 4.671 DashboardFrame
Mar 09 13:52:03  [info] 0.846 AjaxScoreboard
Mar 09 13:53:02  [info] 56.405 Dashboard
Mar 09 13:53:06  [info] 3.729 Administration
Mar 09 13:55:51  [info] 0.259 Login
Mar 09 13:56:07  [info] 4.472 Home
Mar 09 13:56:09  [info] 2 AjaxDashboard
Mar 09 13:56:19  [info] 4.62 DashboardFrame
Mar 09 13:56:20  [info] 0.907 AjaxScoreboard
Mar 09 13:57:17  [info] 55.624 Dashboard
Mar 09 13:57:22  [info] 4.992 MailerList
Mar 09 14:06:10  [info] 1.742 AjaxDashboard
Mar 09 14:09:25  [info] 3.86 Administration
Mar 09 14:10:18  [info] 5.598 ClientDetails
Mar 09 14:10:22  [info] 4.223 CampaignDetails
Mar 09 14:11:25  [info] 4.756 Home
Mar 09 14:11:28  [info] 2.665 AjaxDashboard
Mar 09 14:11:38  [info] 1.394 AjaxScoreboard
Mar 09 14:11:43  [info] 4.421 DashboardFrame
Mar 09 14:12:39  [info] 54.348 Dashboard
Mar 09 14:21:28  [info] 2.12 AjaxDashboard
Mar 09 14:31:29  [info] 1.788 AjaxDashboard
Mar 09 14:41:30  [info] 1.92 AjaxDashboard
Mar 09 14:51:32  [info] 2.891 AjaxDashboard
Mar 09 15:01:32  [info] 1.889 AjaxDashboard
Mar 09 15:11:33  [info] 1.87 AjaxDashboard
Mar 09 15:21:34  [info] 1.943 AjaxDashboard
Mar 09 15:31:35  [info] 1.726 AjaxDashboard
Mar 09 15:41:36  [info] 1.862 AjaxDashboard
Mar 09 15:51:37  [info] 1.83 AjaxDashboard
Mar 09 16:01:39  [info] 2.119 AjaxDashboard
Mar 09 16:11:39  [info] 1.735 AjaxDashboard
Mar 09 16:21:40  [info] 1.81 AjaxDashboard
Mar 09 16:31:41  [info] 1.787 AjaxDashboard
Mar 09 16:41:42  [info] 1.929 AjaxDashboard
Mar 09 16:51:43  [info] 1.82 AjaxDashboard
Mar 09 17:01:44  [info] 2.163 AjaxDashboard
Mar 09 17:11:45  [info] 1.691 AjaxDashboard
Mar 09 17:21:47  [info] 2.954 AjaxDashboard
Mar 09 17:31:47  [info] 1.849 AjaxDashboard
Mar 09 17:41:48  [info] 1.745 AjaxDashboard
Mar 09 17:51:49  [info] 2.238 AjaxDashboard
Mar 09 18:01:50  [info] 1.926 AjaxDashboard
Mar 09 18:11:51  [info] 1.662 AjaxDashboard
Mar 09 18:21:52  [info] 1.952 AjaxDashboard
Mar 09 18:31:53  [info] 1.766 AjaxDashboard
Mar 09 18:41:54  [info] 1.779 AjaxDashboard
Mar 09 18:51:55  [info] 1.935 AjaxDashboard
Mar 09 19:01:56  [info] 1.863 AjaxDashboard
Mar 09 19:11:57  [info] 1.871 AjaxDashboard
Mar 09 19:21:58  [info] 1.767 AjaxDashboard
Mar 09 19:31:59  [info] 1.929 AjaxDashboard
Mar 09 19:42:00  [info] 1.879 AjaxDashboard
Mar 09 19:52:01  [info] 1.929 AjaxDashboard
Mar 09 20:02:02  [info] 1.95 AjaxDashboard
Mar 09 20:12:03  [info] 1.725 AjaxDashboard
Mar 09 20:22:04  [info] 1.792 AjaxDashboard
Mar 09 20:32:05  [info] 1.965 AjaxDashboard
Mar 09 20:42:06  [info] 1.811 AjaxDashboard
Mar 09 20:52:07  [info] 1.733 AjaxDashboard
Mar 09 21:02:08  [info] 1.717 AjaxDashboard
Mar 09 21:12:10  [info] 2.458 AjaxDashboard
Mar 09 21:22:12  [info] 2.667 AjaxDashboard
Mar 09 21:32:12  [info] 2.373 AjaxDashboard
Mar 09 21:42:12  [info] 1.799 AjaxDashboard
Mar 09 21:52:13  [info] 1.932 AjaxDashboard
Mar 09 22:02:14  [info] 2.011 AjaxDashboard
Mar 09 22:12:15  [info] 1.737 AjaxDashboard
Mar 09 22:22:16  [info] 1.71 AjaxDashboard
Mar 09 22:32:17  [info] 1.788 AjaxDashboard
Mar 09 22:42:18  [info] 1.759 AjaxDashboard
Mar 09 22:52:19  [info] 1.845 AjaxDashboard
Mar 09 23:02:20  [info] 1.77 AjaxDashboard
Mar 09 23:12:21  [info] 1.843 AjaxDashboard
Mar 09 23:22:22  [info] 1.877 AjaxDashboard
Mar 09 23:32:23  [info] 1.778 AjaxDashboard
Mar 09 23:42:24  [info] 1.836 AjaxDashboard
Mar 09 23:52:25  [info] 1.853 AjaxDashboard
Mar 10 00:02:27  [info] 1.997 AjaxDashboard
Mar 10 00:12:27  [info] 1.793 AjaxDashboard
Mar 10 00:22:28  [info] 1.721 AjaxDashboard
Mar 10 00:32:29  [info] 1.725 AjaxDashboard
Mar 10 00:42:30  [info] 1.902 AjaxDashboard
Mar 10 00:52:31  [info] 1.928 AjaxDashboard
Mar 10 01:02:32  [info] 1.818 AjaxDashboard
Mar 10 01:12:33  [info] 1.788 AjaxDashboard
Mar 10 01:22:34  [info] 2.021 AjaxDashboard
Mar 10 01:32:35  [info] 1.769 AjaxDashboard
Mar 10 01:42:36  [info] 1.813 AjaxDashboard
Mar 10 01:52:42  [info] 2.026 AjaxDashboard
Mar 10 02:02:43  [info] 1.885 AjaxDashboard
Mar 10 02:12:44  [info] 1.84 AjaxDashboard
Mar 10 02:22:45  [info] 1.761 AjaxDashboard
Mar 10 02:32:46  [info] 1.843 AjaxDashboard
Mar 10 02:42:47  [info] 1.936 AjaxDashboard
Mar 10 02:52:48  [info] 1.907 AjaxDashboard
Mar 10 03:02:49  [info] 2.08 AjaxDashboard
Mar 10 03:12:50  [info] 2.114 AjaxDashboard
Mar 10 03:22:51  [info] 1.884 AjaxDashboard
Mar 10 03:32:52  [info] 1.752 AjaxDashboard
Mar 10 03:42:53  [info] 2.027 AjaxDashboard
Mar 10 03:52:54  [info] 1.721 AjaxDashboard
Mar 10 04:02:55  [info] 1.717 AjaxDashboard
Mar 10 04:12:56  [info] 2.016 AjaxDashboard
Mar 10 04:18:23  [info] 4.741 Reporting
Mar 10 04:18:27  [info] 3.997 Administration
Mar 10 04:19:17  [info] 4.995 ClientDetails
Mar 10 04:19:22  [info] 4.097 CampaignDetails
Mar 10 04:19:39  [info] 0.544 Login
Mar 10 04:21:18  [info] 0.128 Login
Mar 10 04:21:18  [info] 0.074 Login
Mar 10 04:21:27  [info] 4.867 Home
Mar 10 04:21:29  [info] 1.911 AjaxDashboard
Mar 10 04:21:33  [info] 0.939 AjaxScoreboard
Mar 10 04:21:38  [info] 4.551 DashboardFrame
Mar 10 04:21:42  [info] 3.735 Administration
Mar 10 04:22:39  [info] 56.979 Dashboard
Mar 10 04:31:30  [info] 1.81 AjaxDashboard
Mar 10 04:32:11  [info] 5.249 Home
Mar 10 04:32:14  [info] 1.978 AjaxDashboard
Mar 10 04:32:26  [info] 5.15 DashboardFrame
Mar 10 04:32:27  [info] 0.883 AjaxScoreboard
Mar 10 04:32:31  [info] 3.686 Administration
Mar 10 04:33:23  [info] 51.455 Dashboard
Mar 10 04:34:15  [info] 5.402 ClientDetails
Mar 10 04:34:20  [info] 4.33 CampaignDetails
Mar 10 04:39:05  [info] 4.502 Home
Mar 10 04:39:10  [info] 5.235 Home
Mar 10 04:39:12  [info] 2.072 AjaxDashboard
Mar 10 04:39:15  [info] 1.933 AjaxDashboard
Mar 10 04:39:16  [info] 0.874 AjaxScoreboard
Mar 10 04:39:20  [info] 4.831 DashboardFrame
Mar 10 04:39:22  [info] 1.024 AjaxScoreboard
Mar 10 04:39:26  [info] 4.726 DashboardFrame
Mar 10 04:40:19  [info] 53.027 Dashboard
Mar 10 04:41:13  [info] 53.275 Dashboard
Mar 10 04:41:21  [info] 3.575 Administration
Mar 10 04:43:03  [info] 6.293 ClientDetails
Mar 10 04:43:07  [info] 4.02 CampaignDetails
Mar 10 04:48:58  [info] 4.72 Home
Mar 10 04:49:04  [info] 4.897 Home
Mar 10 04:49:05  [info] 1.623 AjaxDashboard
Mar 10 04:49:07  [info] 1.676 AjaxDashboard
Mar 10 04:49:12  [info] 4.408 DashboardFrame
Mar 10 04:49:12  [info] 0.855 AjaxScoreboard
Mar 10 04:49:13  [info] 0.925 AjaxScoreboard
Mar 10 04:49:18  [info] 4.777 DashboardFrame
Mar 10 04:50:08  [info] 50.12 Dashboard
Mar 10 04:51:06  [info] 57.549 Dashboard
Mar 10 04:55:14  [info] 5.499 Home
Mar 10 04:55:18  [info] 4.082 Administration
Mar 10 04:55:20  [info] 1.85 AjaxDashboard
Mar 10 04:55:24  [info] 3.676 Administration
Mar 10 04:55:29  [info] 5.043 DashboardFrame
Mar 10 04:55:30  [info] 0.876 AjaxScoreboard
Mar 10 04:56:29  [info] 57.282 Dashboard
Mar 10 04:56:39  [info] 3.722 Administration
Mar 10 04:57:18  [info] 6.166 Categories
Mar 10 04:57:24  [info] 5.569 ClientDetails
Mar 10 04:57:29  [info] 4.917 CampaignDetails
Mar 10 04:58:11  [info] 41.518 CharacteristicList
Mar 10 04:58:52  [info] 41.54 CharacteristicList
Mar 10 04:59:02  [info] 1.76 AjaxDashboard
Mar 10 04:59:16  [info] 4.768 Home
Mar 10 04:59:21  [info] 4.894 Home
Mar 10 04:59:23  [info] 1.779 AjaxDashboard
Mar 10 04:59:28  [info] 0.972 AjaxScoreboard
Mar 10 04:59:33  [info] 4.645 DashboardFrame
Mar 10 05:00:30  [info] 55.03 Dashboard
Mar 10 05:00:35  [info] 4.504 Home
Mar 10 05:00:38  [info] 3.536 Administration
Mar 10 05:00:45  [info] 1.769 AjaxDashboard
Mar 10 05:00:50  [info] 4.938 DashboardFrame
Mar 10 05:00:51  [info] 0.94 AjaxScoreboard
Mar 10 05:01:51  [info] 53.704 Dashboard
Mar 10 05:03:14  [info] 3.751 Administration
Mar 10 05:03:25  [info] 5.798 ClientDetails
Mar 10 05:03:29  [info] 4.283 CampaignDetails
Mar 10 05:09:24  [info] 1.938 AjaxDashboard
Mar 10 05:10:38  [info] 1.946 AjaxDashboard
Mar 10 05:11:18  [info] 4.514 Home
Mar 10 05:11:20  [info] 1.866 AjaxDashboard
Mar 10 05:11:29  [info] 4.893 DashboardFrame
Mar 10 05:11:30  [info] 0.886 AjaxScoreboard
Mar 10 05:12:25  [info] 55.68 Dashboard
Mar 10 05:12:34  [info] 3.532 Administration
Mar 10 05:12:39  [info] 4.466 Home
Mar 10 05:12:41  [info] 1.777 AjaxDashboard
Mar 10 05:12:46  [info] 0.899 AjaxScoreboard
Mar 10 05:12:50  [info] 4.731 DashboardFrame
Mar 10 05:13:46  [info] 54.329 Dashboard
Mar 10 05:13:49  [info] 3.622 Administration
Mar 10 05:15:33  [info] 5.061 ClientDetails
Mar 10 05:15:37  [info] 4.184 CampaignDetails
Mar 10 05:21:21  [info] 1.945 AjaxDashboard
Mar 10 05:22:20  [info] 4.382 Home
Mar 10 05:22:24  [info] 4.418 Home
Mar 10 05:22:26  [info] 1.684 AjaxDashboard
Mar 10 05:22:28  [info] 1.907 AjaxDashboard
Mar 10 05:22:32  [info] 3.674 Administration
Mar 10 05:22:37  [info] 4.381 DashboardFrame
Mar 10 05:22:38  [info] 0.934 AjaxScoreboard
Mar 10 05:22:39  [info] 0.883 AjaxScoreboard
Mar 10 05:22:42  [info] 3.681 Administration
Mar 10 05:22:47  [info] 4.388 DashboardFrame
Mar 10 05:23:39  [info] 51.781 Dashboard
Mar 10 05:24:42  [info] 57.305 Dashboard
Mar 10 05:28:37  [info] 4.65 CampaignDetails
Mar 10 05:28:42  [info] 5.139 ClientDetails
Mar 10 05:30:06  [info] 5.501 Home
Mar 10 05:30:13  [info] 6.806 ClientDetails
Mar 10 05:30:18  [info] 4.488 CampaignDetails
Mar 10 05:30:20  [info] 2.063 AjaxDashboard
Mar 10 05:30:26  [info] 6.15 DashboardFrame
Mar 10 05:30:27  [info] 0.963 AjaxScoreboard
Mar 10 05:30:32  [info] 4.934 Home
Mar 10 05:31:30  [info] 57.388 Dashboard
Mar 10 05:31:33  [info] 2.767 AjaxDashboard
Mar 10 05:31:38  [info] 5.018 DashboardFrame
Mar 10 05:31:39  [info] 0.897 AjaxScoreboard
Mar 10 05:31:42  [info] 3.388 Administration
Mar 10 05:32:39  [info] 52.018 Dashboard
Mar 10 05:33:23  [info] 3.59 Administration
Mar 10 05:33:28  [info] 5.374 ClientDetails
Mar 10 05:33:33  [info] 4.767 CampaignDetails
Mar 10 05:34:26  [info] 5.244 ClientDetails
Mar 10 05:34:30  [info] 3.983 CampaignDetails
Mar 10 05:34:35  [info] 5.033 Home
Mar 10 05:34:37  [info] 1.905 AjaxDashboard
Mar 10 05:34:49  [info] 4.647 DashboardFrame
Mar 10 05:34:50  [info] 0.844 AjaxScoreboard
Mar 10 05:35:46  [info] 54.413 Dashboard
Mar 10 05:35:50  [info] 3.92 Administration
Mar 10 05:35:59  [info] 4.43 Home
Mar 10 05:36:05  [info] 3.076 AjaxDashboard
Mar 10 05:36:16  [info] 1.075 AjaxScoreboard
Mar 10 05:36:20  [info] 4.418 DashboardFrame
Mar 10 05:37:18  [info] 56.144 Dashboard
Mar 10 05:37:33  [info] 3.588 Administration
Mar 10 05:38:04  [info] 5.417 ClientDetails
Mar 10 05:38:08  [info] 4.224 CampaignDetails
Mar 10 05:43:24  [info] 5.209 ClientDetails
Mar 10 05:43:28  [info] 4.041 CampaignDetails
Mar 10 05:43:35  [info] 4.755 Home
Mar 10 05:43:37  [info] 1.892 AjaxDashboard
Mar 10 05:43:42  [info] 0.895 AjaxScoreboard
Mar 10 05:43:46  [info] 4.647 DashboardFrame
Mar 10 05:44:41  [info] 53.867 Dashboard
Mar 10 05:44:45  [info] 3.515 Administration
Mar 10 05:44:50  [info] 4.76 Home
Mar 10 05:44:56  [info] 1.878 AjaxDashboard
Mar 10 05:45:06  [info] 4.622 DashboardFrame
Mar 10 05:45:07  [info] 0.869 AjaxScoreboard
Mar 10 05:46:28  [info] 51.76 Dashboard
Mar 10 05:46:32  [info] 3.888 Administration
Mar 10 05:51:52  [info] 4.678 Home
Mar 10 05:51:57  [info] 4.754 Home
Mar 10 05:52:01  [info] 4.087 CampaignDetails
Mar 10 05:52:07  [info] 5.288 ClientDetails
Mar 10 05:52:12  [info] 4.779 CampaignDetails
Mar 10 05:52:17  [info] 5.567 ClientDetails
Mar 10 05:52:19  [info] 1.906 AjaxDashboard
Mar 10 05:52:22  [info] 2.019 AjaxDashboard
Mar 10 05:52:23  [info] 1.466 AjaxScoreboard
Mar 10 05:52:32  [info] 9.329 DashboardFrame
Mar 10 05:52:34  [info] 1.21 AjaxScoreboard
Mar 10 05:52:35  [info] 0.128 Login
Mar 10 05:52:39  [info] 4.957 Administration
Mar 10 05:52:46  [info] 7.058 DashboardFrame
Mar 10 05:52:51  [info] 5.148 Administration
Mar 10 05:53:22  [info] 7.628 Home
Mar 10 05:53:27  [info] 4.06 AjaxDashboard
Mar 10 05:53:28  [info] 1.432 AjaxScoreboard
Mar 10 05:53:36  [info] 7.622 DashboardFrame
Mar 10 05:53:41  [info] 4.909 Administration
Mar 10 05:53:51  [info] 59.604 Dashboard
Mar 10 05:54:37  [info] 56.351 Dashboard
Mar 10 05:54:44  [info] 53.334 Dashboard
Mar 10 05:55:28  [info] 5.661 ClientDetails
Mar 10 05:55:33  [info] 4.262 CampaignDetails
Mar 10 05:56:56  [info] 4.572 Home
Mar 10 05:56:59  [info] 2.145 AjaxDashboard
Mar 10 05:57:00  [info] 5.25 Home
Mar 10 05:57:08  [info] 5.696 AjaxDashboard
Mar 10 05:57:13  [info] 5.123 DashboardFrame
Mar 10 05:57:15  [info] 1.126 AjaxScoreboard
Mar 10 05:57:16  [info] 0.341 Login
Mar 10 05:57:17  [info] 5.117 DashboardFrame
Mar 10 05:57:18  [info] 0.914 AjaxScoreboard
Mar 10 05:57:36  [info] 0.276 Login
Mar 10 05:57:42  [info] 0.212 Login
Mar 10 05:58:12  [info] 57.516 Dashboard
Mar 10 05:58:16  [info] 55.926 Dashboard
Mar 10 05:58:22  [info] 4.142 Administration
Mar 10 05:58:29  [info] 4.227 Administration
Mar 10 06:01:13  [info] 5.022 Home
Mar 10 06:01:15  [info] 1.865 AjaxDashboard
Mar 10 06:01:17  [info] 5.43 Home
Mar 10 06:01:20  [info] 2.418 AjaxDashboard
Mar 10 06:01:26  [info] 5.753 DashboardFrame
Mar 10 06:01:27  [info] 1.803 AjaxScoreboard
Mar 10 06:01:33  [info] 5.048 DashboardFrame
Mar 10 06:01:34  [info] 0.928 AjaxScoreboard
Mar 10 06:02:24  [info] 56.438 Dashboard
Mar 10 06:02:28  [info] 3.905 Administration
Mar 10 06:02:32  [info] 55.228 Dashboard
Mar 10 06:02:36  [info] 3.431 Administration
Mar 10 06:03:20  [info] 44.152 CharacteristicList
Mar 10 06:03:22  [info] 1.669 AjaxDashboard
Mar 10 06:03:28  [info] 5.059 ClientDetails
Mar 10 06:03:32  [info] 3.963 CampaignDetails
Mar 10 06:04:53  [info] 5.417 ClientDetails
Mar 10 06:04:57  [info] 4.165 CampaignDetails
Mar 10 06:08:38  [info] 5.311 ClientDetails
Mar 10 06:08:42  [info] 4.054 CampaignDetails
Mar 10 06:08:47  [info] 4.734 Home
Mar 10 06:08:48  [info] 4.528 Home
Mar 10 06:08:50  [info] 1.914 AjaxDashboard
Mar 10 06:08:50  [info] 1.765 AjaxDashboard
Mar 10 06:08:55  [info] 4.878 DashboardFrame
Mar 10 06:08:56  [info] 0.976 AjaxScoreboard
Mar 10 06:09:02  [info] 4.66 DashboardFrame
Mar 10 06:09:03  [info] 0.93 AjaxScoreboard
Mar 10 06:09:07  [info] 3.419 Administration
Mar 10 06:09:49  [info] 52.709 Dashboard
Mar 10 06:09:59  [info] 52.257 Dashboard
Mar 10 06:10:44  [info] 3.815 Administration
Mar 10 06:10:59  [info] 5.435 ClientDetails
Mar 10 06:11:03  [info] 4.052 CampaignDetails
Mar 10 06:11:46  [info] 5.11 ClientDetails
Mar 10 06:18:50  [info] 1.909 AjaxDashboard
Mar 10 06:18:50  [info] 1.911 AjaxDashboard
Mar 10 06:28:50  [info] 1.836 AjaxDashboard
Mar 10 06:28:50  [info] 1.647 AjaxDashboard
Mar 10 06:38:50  [info] 1.868 AjaxDashboard
Mar 10 06:38:51  [info] 1.645 AjaxDashboard
Mar 11 04:39:28  [info] 0.214 Login
Mar 11 04:39:38  [info] 4.712 Home
Mar 11 04:39:40  [info] 1.791 AjaxDashboard
Mar 11 04:39:41  [info] 0.968 AjaxScoreboard
Mar 11 04:39:45  [info] 4.396 DashboardFrame
Mar 11 06:12:09  [info] 1.857 AjaxDashboard
Mar 11 06:14:12  [info] 4.322 Home
Mar 11 06:14:15  [info] 2.13 AjaxDashboard
Mar 11 06:14:19  [info] 0.971 AjaxScoreboard
Mar 11 06:14:23  [info] 4.364 DashboardFrame
Mar 11 06:15:15  [info] 51.258 Dashboard
Mar 11 06:15:25  [info] 9.194 NbmMonthlyPlanner
Mar 11 06:15:34  [info] 4.028 NbmMonthlyPlannerGraph4
Mar 11 06:15:54  [info] 9.29 NbmMonthlyPlanner
Mar 11 06:16:01  [info] 5.363 NbmMonthlyPlannerGraph4
Mar 11 06:17:24  [info] 11.39 NbmMonthlyPlanner
Mar 11 06:17:30  [info] 5.508 NbmMonthlyPlannerGraph4
Mar 11 06:18:15  [info] 11.629 NbmMonthlyPlanner
Mar 11 06:18:20  [info] 5.351 NbmMonthlyPlannerGraph4
Mar 11 06:18:39  [info] 12.996 NbmMonthlyPlanner
Mar 11 06:18:45  [info] 5.772 NbmMonthlyPlannerGraph4
Mar 11 06:19:48  [info] 4.386 Home
Mar 11 06:19:51  [info] 2.638 AjaxDashboard
Mar 11 06:20:01  [info] 5.656 DashboardFrame
Mar 11 06:20:02  [info] 1.015 AjaxScoreboard
Mar 11 06:20:55  [info] 52.635 Dashboard
Mar 11 06:21:01  [info] 5.453 Home
Mar 11 06:21:08  [info] 1.978 AjaxDashboard
Mar 11 06:21:10  [info] 1.018 AjaxScoreboard
Mar 11 06:21:15  [info] 4.877 DashboardFrame
Mar 11 06:22:08  [info] 52.309 Dashboard
Mar 11 06:23:42  [info] 9.403 NbmMonthlyPlanner
Mar 11 06:23:48  [info] 5.15 NbmMonthlyPlannerGraph4
Mar 11 06:24:57  [info] 8.833 NbmMonthlyPlanner
Mar 11 06:25:02  [info] 4.003 NbmMonthlyPlannerGraph4
Mar 11 06:26:40  [info] 9.155 NbmMonthlyPlanner
Mar 11 06:26:44  [info] 4.221 NbmMonthlyPlannerGraph4
Mar 11 06:27:04  [info] 9.069 NbmMonthlyPlanner
Mar 11 06:27:13  [info] 9.232 NbmMonthlyPlanner
Mar 11 06:27:18  [info] 4.215 NbmMonthlyPlannerGraph4
Mar 11 06:27:38  [info] 9.117 NbmMonthlyPlanner
Mar 11 06:27:43  [info] 4.416 NbmMonthlyPlannerGraph4
Mar 11 06:28:53  [info] 10.138 NbmMonthlyPlanner
Mar 11 06:28:58  [info] 4.162 NbmMonthlyPlannerGraph4
Mar 11 06:30:34  [info] 9.097 NbmMonthlyPlanner
Mar 11 06:30:42  [info] 8.876 NbmMonthlyPlanner
Mar 11 06:30:49  [info] 6.017 ActionsFrame
Mar 11 06:30:53  [info] 3.936 NbmMonthlyPlannerGraph4
Mar 11 06:31:34  [info] 41.111 Calendar
Mar 11 06:31:36  [info] 1.709 AjaxDashboard
Mar 11 06:31:42  [info] 5.199 CalendarDay
Mar 11 11:25:30  [info] 0.195 Login
Mar 11 11:25:39  [info] 5.126 Home
Mar 11 11:25:43  [info] 2.564 AjaxDashboard
Mar 11 11:25:48  [info] 4.741 DashboardFrame
Mar 11 11:25:49  [info] 1.134 AjaxScoreboard
Mar 11 11:26:43  [info] 52.874 Dashboard
Mar 11 11:29:43  [info] 6.161 Home
Mar 11 11:29:47  [info] 2.944 AjaxDashboard
Mar 11 11:29:53  [info] 4.627 DashboardFrame
Mar 11 11:29:53  [info] 0.889 AjaxScoreboard
Mar 11 11:30:45  [info] 51.392 Dashboard
Mar 11 11:30:50  [info] 4.471 Home
Mar 11 11:30:54  [info] 4.348 Home
Mar 11 11:31:01  [info] 1.691 AjaxDashboard
Mar 11 11:31:02  [info] 0.836 AjaxScoreboard
Mar 11 11:31:06  [info] 4.279 DashboardFrame
Mar 11 11:31:57  [info] 50.048 Dashboard
Mar 11 11:32:07  [info] 10.133 NbmMonthlyPlanner
Mar 11 11:32:13  [info] 5.387 Home
Mar 11 11:32:18  [info] 4.758 Home
Mar 11 11:32:22  [info] 3.771 DefaultCommand
Mar 11 11:32:30  [info] 3.869 NbmMonthlyPlannerGraph4
Mar 11 11:32:35  [info] 4.77 Home
Mar 11 11:32:38  [info] 1.982 AjaxDashboard
Mar 11 11:32:41  [info] 0.863 AjaxScoreboard
Mar 11 11:32:45  [info] 4.796 DashboardFrame
Mar 11 11:32:50  [info] 4.861 Home
Mar 11 11:33:45  [info] 54.183 Dashboard
Mar 11 11:33:49  [info] 0.181 Login
Mar 11 11:33:49  [info] 0.164 Login
Mar 11 11:33:58  [info] 4.914 Home
Mar 11 11:34:03  [info] 4.213 AjaxDashboard
Mar 11 11:34:08  [info] 5.236 DashboardFrame
Mar 11 11:34:09  [info] 0.921 AjaxScoreboard
Mar 11 11:35:07  [info] 58.077 Dashboard
Mar 11 11:35:13  [info] 0.47 Login
Mar 11 11:35:13  [info] 0.402 Login
Mar 11 11:37:54  [info] 5.162 Home
Mar 11 11:37:57  [info] 1.831 AjaxDashboard
Mar 11 11:37:59  [info] 0.918 AjaxScoreboard
Mar 11 11:38:04  [info] 5.168 DashboardFrame
Mar 11 11:39:04  [info] 4.71 Home
Mar 11 11:39:12  [info] 4.707 Home
Mar 11 11:39:17  [info] 4.371 Home
Mar 11 11:42:59  [info] 0.133 Login
Mar 11 11:43:32  [info] 4.399 Home
Mar 11 11:43:35  [info] 2.651 AjaxDashboard
Mar 11 11:43:40  [info] 4.374 DashboardFrame
Mar 11 11:43:41  [info] 0.856 AjaxScoreboard
Mar 11 11:45:06  [info] 4.711 Home
Mar 11 11:45:08  [info] 1.762 AjaxDashboard
Mar 11 11:45:13  [info] 4.503 DashboardFrame
Mar 11 11:45:14  [info] 0.842 AjaxScoreboard
Mar 11 11:46:08  [info] 54.677 Dashboard
Mar 11 11:46:13  [info] 4.707 Home
Mar 11 11:46:20  [info] 1.864 AjaxDashboard
Mar 11 11:46:21  [info] 0.902 AjaxScoreboard
Mar 11 11:46:26  [info] 4.444 DashboardFrame
Mar 11 11:47:21  [info] 54.546 Dashboard
Mar 11 11:47:41  [info] 4.643 Home
Mar 11 11:47:43  [info] 1.78 AjaxDashboard
Mar 11 11:47:48  [info] 4.608 DashboardFrame
Mar 11 11:47:49  [info] 0.879 AjaxScoreboard
Mar 11 11:48:44  [info] 54.911 Dashboard
Mar 11 11:48:48  [info] 4.33 Home
Mar 11 11:48:53  [info] 4.59 Home
Mar 11 11:48:59  [info] 1.718 AjaxDashboard
Mar 11 11:49:00  [info] 0.809 AjaxScoreboard
Mar 11 11:49:05  [info] 4.484 DashboardFrame
Mar 11 11:49:59  [info] 53.894 Dashboard
Mar 11 11:52:52  [info] 4.63 Home
Mar 11 11:52:54  [info] 1.794 AjaxDashboard
Mar 11 11:52:58  [info] 4.449 DashboardFrame
Mar 11 12:02:08  [info] 4.443 Home
Mar 11 12:02:10  [info] 1.805 AjaxDashboard
Mar 11 12:02:11  [info] 0.887 AjaxScoreboard
Mar 11 12:02:15  [info] 4.455 DashboardFrame
Mar 11 12:03:11  [info] 55.211 Dashboard
Mar 11 12:12:11  [info] 1.883 AjaxDashboard
Mar 11 12:22:12  [info] 1.767 AjaxDashboard
Mar 11 12:24:26  [info] 4.742 Home
Mar 11 12:24:28  [info] 1.959 AjaxDashboard
Mar 11 12:24:29  [info] 0.887 AjaxScoreboard
Mar 11 12:24:34  [info] 4.777 DashboardFrame
Mar 11 12:25:29  [info] 53.978 Dashboard
Mar 11 12:26:32  [info] 4.512 Home
Mar 11 12:26:34  [info] 1.706 AjaxDashboard
Mar 11 12:26:35  [info] 0.865 AjaxScoreboard
Mar 11 12:26:40  [info] 4.489 DashboardFrame
Mar 11 12:27:32  [info] 52.34 Dashboard
Mar 11 12:34:01  [info] 4.603 Home
Mar 11 12:34:04  [info] 2.186 AjaxDashboard
Mar 11 12:34:09  [info] 4.521 DashboardFrame
Mar 11 12:34:10  [info] 0.889 AjaxScoreboard
Mar 11 12:35:04  [info] 53.767 Dashboard
Mar 11 12:41:09  [info] 4.612 Home
Mar 11 12:41:11  [info] 1.777 AjaxDashboard
Mar 11 12:41:12  [info] 0.894 AjaxScoreboard
Mar 11 12:41:17  [info] 4.508 DashboardFrame
Mar 11 12:42:10  [info] 52.886 Dashboard
Mar 11 12:44:32  [info] 4.464 Home
Mar 11 12:44:34  [info] 1.709 AjaxDashboard
Mar 11 12:44:38  [info] 4.245 DashboardFrame
Mar 11 12:44:39  [info] 0.949 AjaxScoreboard
Mar 11 12:45:38  [info] 4.22 Home
Mar 11 12:45:40  [info] 1.813 AjaxDashboard
Mar 11 12:45:42  [info] 0.87 AjaxScoreboard
Mar 11 12:45:46  [info] 4.579 DashboardFrame
Mar 11 12:46:41  [info] 54.915 Dashboard
Mar 11 12:46:47  [info] 4.702 Home
Mar 11 12:46:55  [info] 1.824 AjaxDashboard
Mar 11 12:47:00  [info] 4.499 DashboardFrame
Mar 11 12:47:01  [info] 0.927 AjaxScoreboard
Mar 11 12:47:05  [info] 4.413 Home
Mar 11 12:47:59  [info] 53.578 Dashboard
Mar 11 12:48:01  [info] 2.142 AjaxDashboard
Mar 11 12:48:07  [info] 5.132 DashboardFrame
Mar 11 12:48:08  [info] 0.951 AjaxScoreboard
Mar 11 12:48:13  [info] 5.189 Home
Mar 11 12:49:06  [info] 53.003 Dashboard
Mar 11 12:49:08  [info] 1.776 AjaxDashboard
Mar 11 12:49:09  [info] 0.854 AjaxScoreboard
Mar 11 12:49:13  [info] 4.309 DashboardFrame
Mar 11 12:50:04  [info] 50.626 Dashboard
Mar 11 12:50:43  [info] 4.556 Home
Mar 11 12:50:45  [info] 1.754 AjaxDashboard
Mar 11 12:50:50  [info] 4.637 DashboardFrame
Mar 11 12:50:51  [info] 0.796 AjaxScoreboard
Mar 11 12:51:47  [info] 56.12 Dashboard
Mar 11 12:58:04  [info] 4.837 Home
Mar 11 12:58:05  [info] 1.749 AjaxDashboard
Mar 11 12:58:10  [info] 4.381 DashboardFrame
Mar 11 12:58:11  [info] 0.887 AjaxScoreboard
Mar 11 12:59:04  [info] 52.998 Dashboard
Mar 11 13:03:45  [info] 4.563 Home
Mar 11 13:03:47  [info] 1.769 AjaxDashboard
Mar 11 13:03:52  [info] 5.052 DashboardFrame
Mar 11 13:03:53  [info] 0.864 AjaxScoreboard
Mar 11 13:04:46  [info] 52.782 Dashboard
Mar 11 13:07:19  [info] 4.536 Home
Mar 11 13:07:21  [info] 1.989 AjaxDashboard
Mar 11 13:07:25  [info] 0.891 AjaxScoreboard
Mar 11 13:07:30  [info] 4.667 DashboardFrame
Mar 11 13:08:29  [info] 58.355 Dashboard
Mar 11 13:08:44  [info] 4.867 Home
Mar 11 13:08:46  [info] 2.022 AjaxDashboard
Mar 11 13:08:58  [info] 4.735 DashboardFrame
Mar 11 13:08:59  [info] 0.831 AjaxScoreboard
Mar 11 13:09:52  [info] 51.988 Dashboard
Mar 11 13:10:57  [info] 4.743 Home
Mar 11 13:11:00  [info] 2.089 AjaxDashboard
Mar 11 13:11:07  [info] 5.295 Home
Mar 11 13:11:09  [info] 1.868 AjaxDashboard
Mar 11 13:11:13  [info] 0.887 AjaxScoreboard
Mar 11 13:11:18  [info] 4.835 DashboardFrame
Mar 11 13:12:11  [info] 52.793 Dashboard
Mar 11 13:14:47  [info] 4.48 Home
Mar 11 13:14:50  [info] 1.955 AjaxDashboard
Mar 11 13:15:03  [info] 5.57 DashboardFrame
Mar 11 13:15:04  [info] 0.892 AjaxScoreboard
Mar 11 13:15:58  [info] 53.773 Dashboard
Mar 11 13:17:57  [info] 5.687 Home
Mar 11 13:18:00  [info] 2.459 AjaxDashboard
Mar 11 13:18:03  [info] 0.957 AjaxScoreboard
Mar 11 13:18:08  [info] 4.288 DashboardFrame
Mar 11 13:23:18  [info] 4.646 Home
Mar 11 13:23:21  [info] 1.821 AjaxDashboard
Mar 11 13:23:24  [info] 0.805 AjaxScoreboard
Mar 11 13:23:29  [info] 4.53 DashboardFrame
Mar 11 13:24:48  [info] 3.881 Administration
Mar 11 13:25:34  [info] 5.566 ClientDetails
Mar 11 13:25:38  [info] 3.803 CampaignDetails
Mar 11 13:27:16  [info] 4.523 Home
Mar 11 13:27:18  [info] 1.702 AjaxDashboard
Mar 11 13:27:22  [info] 0.891 AjaxScoreboard
Mar 11 13:27:27  [info] 4.675 DashboardFrame
Mar 11 13:37:19  [info] 1.748 AjaxDashboard
Mar 11 13:47:19  [info] 1.757 AjaxDashboard
Mar 11 13:47:23  [info] 4.288 Home
Mar 11 13:47:25  [info] 1.718 AjaxDashboard
Mar 11 13:47:34  [info] 4.643 DashboardFrame
Mar 11 13:47:35  [info] 0.813 AjaxScoreboard
Mar 11 13:57:38  [info] 13.966 AjaxDashboard
Mar 11 14:07:27  [info] 1.868 AjaxDashboard
Mar 11 14:17:28  [info] 1.778 AjaxDashboard
Mar 11 14:27:29  [info] 1.684 AjaxDashboard
Mar 11 14:37:30  [info] 1.714 AjaxDashboard
Mar 11 14:47:31  [info] 1.646 AjaxDashboard
Mar 11 14:57:32  [info] 1.771 AjaxDashboard
Mar 11 15:07:33  [info] 1.88 AjaxDashboard
Mar 11 15:17:34  [info] 1.753 AjaxDashboard
Mar 11 15:27:35  [info] 1.782 AjaxDashboard
Mar 11 15:37:36  [info] 1.856 AjaxDashboard
Mar 11 15:47:39  [info] 3.018 AjaxDashboard
Mar 11 15:57:38  [info] 1.823 AjaxDashboard
Mar 11 16:07:39  [info] 1.965 AjaxDashboard
Mar 11 16:17:40  [info] 1.818 AjaxDashboard
Mar 11 16:27:41  [info] 1.829 AjaxDashboard
Mar 11 16:37:42  [info] 1.81 AjaxDashboard
Mar 11 16:47:43  [info] 1.973 AjaxDashboard
Mar 11 16:57:44  [info] 1.746 AjaxDashboard
Mar 11 17:07:45  [info] 1.932 AjaxDashboard
Mar 11 17:17:46  [info] 1.76 AjaxDashboard
Mar 11 17:27:47  [info] 1.759 AjaxDashboard
Mar 11 17:37:48  [info] 1.827 AjaxDashboard
Mar 11 17:47:49  [info] 1.755 AjaxDashboard
Mar 11 17:57:50  [info] 2.246 AjaxDashboard
Mar 11 18:07:51  [info] 1.751 AjaxDashboard
Mar 11 18:17:52  [info] 1.923 AjaxDashboard
Mar 11 18:27:53  [info] 1.836 AjaxDashboard
Mar 11 18:37:54  [info] 1.779 AjaxDashboard
Mar 11 18:47:55  [info] 1.822 AjaxDashboard
Mar 11 18:57:56  [info] 1.869 AjaxDashboard
Mar 11 19:07:57  [info] 1.782 AjaxDashboard
Mar 11 19:17:58  [info] 1.837 AjaxDashboard
Mar 11 19:27:59  [info] 1.823 AjaxDashboard
Mar 11 19:38:00  [info] 1.824 AjaxDashboard
Mar 11 19:48:01  [info] 1.869 AjaxDashboard
Mar 11 19:58:02  [info] 1.911 AjaxDashboard
Mar 11 20:08:03  [info] 1.822 AjaxDashboard
Mar 11 20:18:04  [info] 1.924 AjaxDashboard
Mar 11 20:28:05  [info] 2.197 AjaxDashboard
Mar 11 20:38:06  [info] 1.734 AjaxDashboard
Mar 11 20:48:07  [info] 2.272 AjaxDashboard
Mar 11 20:58:08  [info] 1.895 AjaxDashboard
Mar 11 21:08:09  [info] 1.848 AjaxDashboard
Mar 11 21:18:10  [info] 1.797 AjaxDashboard
Mar 11 21:28:11  [info] 1.73 AjaxDashboard
Mar 11 21:38:12  [info] 1.778 AjaxDashboard
Mar 11 21:48:13  [info] 1.789 AjaxDashboard
Mar 11 21:58:14  [info] 1.736 AjaxDashboard
Mar 11 22:08:15  [info] 1.797 AjaxDashboard
Mar 11 22:18:16  [info] 1.794 AjaxDashboard
Mar 11 22:28:17  [info] 1.721 AjaxDashboard
Mar 11 22:38:18  [info] 2.005 AjaxDashboard
Mar 11 22:48:19  [info] 1.83 AjaxDashboard
Mar 11 22:58:20  [info] 1.749 AjaxDashboard
Mar 11 23:08:21  [info] 1.828 AjaxDashboard
Mar 11 23:18:22  [info] 1.749 AjaxDashboard
Mar 11 23:28:23  [info] 1.686 AjaxDashboard
Mar 11 23:38:24  [info] 2.088 AjaxDashboard
Mar 11 23:48:25  [info] 1.947 AjaxDashboard
Mar 11 23:58:26  [info] 1.908 AjaxDashboard
Mar 12 00:08:30  [info] 1.861 AjaxDashboard
Mar 12 00:18:31  [info] 1.779 AjaxDashboard
Mar 12 00:28:32  [info] 1.772 AjaxDashboard
Mar 12 00:38:33  [info] 1.772 AjaxDashboard
Mar 12 00:48:34  [info] 1.699 AjaxDashboard
Mar 12 00:58:35  [info] 1.921 AjaxDashboard
Mar 12 01:08:36  [info] 1.788 AjaxDashboard
Mar 12 01:18:37  [info] 1.793 AjaxDashboard
Mar 12 01:28:38  [info] 1.674 AjaxDashboard
Mar 12 01:38:39  [info] 1.983 AjaxDashboard
Mar 12 01:48:40  [info] 1.782 AjaxDashboard
Mar 12 01:58:41  [info] 1.832 AjaxDashboard
Mar 12 02:08:42  [info] 1.868 AjaxDashboard
Mar 12 02:18:43  [info] 1.719 AjaxDashboard
Mar 12 02:28:44  [info] 1.722 AjaxDashboard
Mar 12 02:38:45  [info] 1.721 AjaxDashboard
Mar 12 02:48:46  [info] 1.76 AjaxDashboard
Mar 12 02:58:47  [info] 1.786 AjaxDashboard
Mar 12 03:08:48  [info] 1.82 AjaxDashboard
Mar 12 03:18:49  [info] 1.972 AjaxDashboard
Mar 12 03:28:50  [info] 1.799 AjaxDashboard
Mar 12 03:38:51  [info] 1.919 AjaxDashboard
Mar 12 03:48:52  [info] 1.841 AjaxDashboard
Mar 12 03:58:53  [info] 1.779 AjaxDashboard
Mar 12 04:08:54  [info] 1.914 AjaxDashboard
Mar 12 04:18:55  [info] 1.698 AjaxDashboard
Mar 12 04:28:56  [info] 1.826 AjaxDashboard
Mar 12 04:31:07  [info] 4.525 Home
Mar 12 04:31:09  [info] 1.767 AjaxDashboard
Mar 12 04:31:13  [info] 0.896 AjaxScoreboard
Mar 12 04:31:18  [info] 4.5 DashboardFrame
Mar 12 04:32:15  [info] 55.925 Dashboard
Mar 12 04:37:41  [info] 4.584 Home
Mar 12 04:37:43  [info] 1.865 AjaxDashboard
Mar 12 04:37:47  [info] 0.862 AjaxScoreboard
Mar 12 04:37:51  [info] 4.585 DashboardFrame
Mar 12 04:42:43  [info] 4.686 Home
Mar 12 04:42:45  [info] 2.159 AjaxDashboard
Mar 12 04:42:49  [info] 0.874 AjaxScoreboard
Mar 12 04:42:54  [info] 4.358 DashboardFrame
Mar 12 04:43:28  [info] 4.767 Home
Mar 12 04:43:30  [info] 1.795 AjaxDashboard
Mar 12 04:43:34  [info] 0.921 AjaxScoreboard
Mar 12 04:43:38  [info] 4.482 DashboardFrame
Mar 12 04:46:33  [info] 4.802 Home
Mar 12 04:46:36  [info] 1.993 AjaxDashboard
Mar 12 04:46:47  [info] 4.783 DashboardFrame
Mar 12 04:46:48  [info] 0.96 AjaxScoreboard
Mar 12 04:51:25  [info] 4.738 Home
Mar 12 04:51:27  [info] 1.819 AjaxDashboard
Mar 12 04:51:31  [info] 0.876 AjaxScoreboard
Mar 12 04:51:36  [info] 4.519 DashboardFrame
Mar 12 04:52:34  [info] 57.614 Dashboard
Mar 12 04:54:16  [info] 4.718 Home
Mar 12 04:54:19  [info] 1.774 AjaxDashboard
Mar 12 04:54:23  [info] 0.892 AjaxScoreboard
Mar 12 04:54:27  [info] 4.484 DashboardFrame
Mar 12 04:55:23  [info] 55.046 Dashboard
Mar 12 04:56:02  [info] 4.785 Home
Mar 12 04:56:04  [info] 1.85 AjaxDashboard
Mar 12 04:56:13  [info] 5.152 DashboardFrame
Mar 12 04:56:14  [info] 0.86 AjaxScoreboard
Mar 12 04:57:07  [info] 53.439 Dashboard
Mar 12 04:59:51  [info] 5.017 Home
Mar 12 04:59:54  [info] 1.842 AjaxDashboard
Mar 12 05:00:07  [info] 4.83 DashboardFrame
Mar 12 05:00:08  [info] 0.943 AjaxScoreboard
Mar 12 05:01:03  [info] 53.472 Dashboard
Mar 12 05:04:54  [info] 4.642 Home
Mar 12 05:04:56  [info] 1.843 AjaxDashboard
Mar 12 05:05:09  [info] 4.41 DashboardFrame
Mar 12 05:05:10  [info] 0.902 AjaxScoreboard
Mar 12 05:06:04  [info] 53.673 Dashboard
Mar 12 05:06:54  [info] 4.897 Home
Mar 12 05:06:57  [info] 1.851 AjaxDashboard
Mar 12 05:07:08  [info] 4.977 DashboardFrame
Mar 12 05:07:09  [info] 0.905 AjaxScoreboard
Mar 12 05:08:04  [info] 53.714 Dashboard
Mar 12 05:10:32  [info] 4.493 Home
Mar 12 05:10:35  [info] 2.025 AjaxDashboard
Mar 12 05:10:39  [info] 0.948 AjaxScoreboard
Mar 12 05:10:44  [info] 4.717 DashboardFrame
Mar 12 05:11:38  [info] 52.908 Dashboard
Mar 12 05:11:51  [info] 5.109 Home
Mar 12 05:11:53  [info] 1.82 AjaxDashboard
Mar 12 05:12:06  [info] 4.886 DashboardFrame
Mar 12 05:12:07  [info] 0.886 AjaxScoreboard
Mar 12 05:21:03  [info] 5.627 Home
Mar 12 05:21:05  [info] 1.813 AjaxDashboard
Mar 12 05:21:09  [info] 0.935 AjaxScoreboard
Mar 12 05:21:15  [info] 5.483 DashboardFrame
Mar 12 05:24:00  [info] 5.028 Home
Mar 12 05:24:02  [info] 1.871 AjaxDashboard
Mar 12 05:24:07  [info] 0.938 AjaxScoreboard
Mar 12 05:24:11  [info] 4.393 DashboardFrame
Mar 12 05:25:04  [info] 52.376 Dashboard
Mar 12 05:27:42  [info] 4.709 Home
Mar 12 05:27:45  [info] 1.774 AjaxDashboard
Mar 12 05:27:57  [info] 4.775 DashboardFrame
Mar 12 05:27:58  [info] 0.968 AjaxScoreboard
Mar 12 05:28:54  [info] 54.496 Dashboard
Mar 12 05:29:05  [info] 4.508 Home
Mar 12 05:29:07  [info] 1.935 AjaxDashboard
Mar 12 05:29:12  [info] 0.873 AjaxScoreboard
Mar 12 05:29:17  [info] 4.875 DashboardFrame
Mar 12 05:30:15  [info] 57.462 Dashboard
Mar 12 05:33:10  [info] 4.654 Home
Mar 12 05:33:12  [info] 1.889 AjaxDashboard
Mar 12 05:33:17  [info] 0.988 AjaxScoreboard
Mar 12 05:33:21  [info] 4.531 DashboardFrame
Mar 12 05:34:20  [info] 57.868 Dashboard
Mar 12 05:36:30  [info] 4.77 Home
Mar 12 05:36:33  [info] 1.957 AjaxDashboard
Mar 12 05:36:37  [info] 0.923 AjaxScoreboard
Mar 12 05:36:41  [info] 4.55 DashboardFrame
Mar 12 05:37:40  [info] 57.275 Dashboard
Mar 12 05:38:55  [info] 58.305 Dashboard
Mar 12 05:44:03  [info] 4.658 Home
Mar 12 05:44:05  [info] 1.845 AjaxDashboard
Mar 12 05:44:09  [info] 0.961 AjaxScoreboard
Mar 12 05:44:14  [info] 4.736 DashboardFrame
Mar 12 05:45:11  [info] 56.394 Dashboard
Mar 12 05:47:38  [info] 8.664 NbmMonthlyPlanner
Mar 12 05:47:43  [info] 4.323 NbmMonthlyPlannerGraph4
Mar 12 05:54:05  [info] 1.861 AjaxDashboard
Mar 12 06:04:06  [info] 1.93 AjaxDashboard
Mar 12 06:14:07  [info] 1.861 AjaxDashboard
Mar 12 06:24:08  [info] 1.83 AjaxDashboard
Mar 16 04:55:33  [info] 0.245 Login
Mar 16 04:55:45  [info] 4.807 Home
Mar 16 04:55:50  [info] 3.817 AjaxDashboard
Mar 16 04:56:01  [info] 9.871 DashboardFrame
Mar 16 04:56:02  [info] 0.894 AjaxScoreboard
Mar 16 04:56:06  [info] 3.678 Administration
Mar 16 04:57:03  [info] 57.143 Dashboard
Mar 16 04:57:58  [info] 8.811 NbmMonthlyPlanner
Mar 16 04:58:02  [info] 4.013 NbmMonthlyPlannerGraph4
Mar 16 05:01:50  [info] 4.659 Home
Mar 16 05:01:52  [info] 1.811 AjaxDashboard
Mar 16 05:01:53  [info] 0.82 AjaxScoreboard
Mar 16 05:01:57  [info] 4.493 DashboardFrame
Mar 16 05:02:51  [info] 53.087 Dashboard
Mar 16 05:02:55  [info] 3.981 Administration
Mar 16 05:04:02  [info] 5.125 ClientDetails
Mar 16 05:04:06  [info] 3.715 CampaignDetails
Mar 16 05:04:44  [info] 5.572 ClientDetails
Mar 16 05:04:49  [info] 4.638 CampaignDetails
Mar 16 05:06:25  [info] 4.863 Home
Mar 16 05:06:28  [info] 1.998 AjaxDashboard
Mar 16 05:06:35  [info] 3.682 Administration
Mar 16 05:06:37  [info] 0.991 AjaxScoreboard
Mar 16 05:06:42  [info] 4.939 DashboardFrame
Mar 16 05:07:41  [info] 57.509 Dashboard
Mar 16 05:08:32  [info] 25.261 CampaignView
Mar 16 05:08:40  [info] 7.038 CampaignDetails
Mar 16 05:08:45  [info] 5.428 ClientDetails
Mar 16 05:08:52  [info] 6.921 CampaignReportSummaries
Mar 16 05:08:58  [info] 5.323 CampaignDocuments
Mar 16 05:09:03  [info] 5.177 CampaignSettings
Mar 16 05:09:13  [info] 10.326 NbmMonthlyPlanner
Mar 16 05:10:00  [info] 10.027 FilterList
Mar 16 05:10:05  [info] 4.72 MailerList
Mar 16 05:13:09  [info] 5.291 Reporting
Mar 16 05:16:29  [info] 2.921 AjaxDashboard
Mar 16 05:20:05  [info] 4.464 Home
Mar 16 05:20:08  [info] 1.812 AjaxDashboard
Mar 16 05:20:19  [info] 4.705 DashboardFrame
Mar 16 05:20:20  [info] 0.902 AjaxScoreboard
Mar 16 05:21:15  [info] 54.808 Dashboard
Mar 16 05:30:09  [info] 1.818 AjaxDashboard
Mar 16 05:38:44  [info] 4.608 Home
Mar 16 05:38:47  [info] 2.186 AjaxDashboard
Mar 16 05:38:57  [info] 4.781 DashboardFrame
Mar 16 05:38:58  [info] 0.876 AjaxScoreboard
Mar 16 05:39:02  [info] 4.327 Home
Mar 16 05:39:57  [info] 55.031 Dashboard
Mar 16 05:40:02  [info] 4.922 AjaxDashboard
Mar 16 05:40:03  [info] 0.954 AjaxScoreboard
Mar 16 05:40:08  [info] 4.984 DashboardFrame
Mar 16 05:40:12  [info] 3.876 Administration
Mar 16 05:41:08  [info] 55.61 Dashboard
Mar 16 05:46:31  [info] 4.495 Home
Mar 16 05:46:34  [info] 1.796 AjaxDashboard
Mar 16 05:46:42  [info] 4.433 DashboardFrame
Mar 16 05:46:42  [info] 0.871 AjaxScoreboard
Mar 16 05:47:36  [info] 53.252 Dashboard
Mar 16 05:47:40  [info] 4.118 Administration
Mar 16 05:48:12  [info] 4.68 Home
Mar 16 05:48:15  [info] 1.882 AjaxDashboard
Mar 16 05:48:23  [info] 4.722 DashboardFrame
Mar 16 05:48:24  [info] 0.885 AjaxScoreboard
Mar 16 05:49:20  [info] 55.665 Dashboard
Mar 16 05:49:24  [info] 3.66 Administration
Mar 16 05:53:28  [info] 4.602 Home
Mar 16 05:53:31  [info] 1.844 AjaxDashboard
Mar 16 05:53:34  [info] 0.887 AjaxScoreboard
Mar 16 05:53:39  [info] 4.512 DashboardFrame
Mar 16 05:54:32  [info] 52.266 Dashboard
Mar 16 05:55:38  [info] 3.626 Administration
Mar 16 05:55:50  [info] 5.506 CampaignView
Mar 16 05:56:20  [info] 25.152 CampaignView
Mar 16 05:56:26  [info] 5.593 ClientDetails
Mar 16 05:56:30  [info] 3.866 CampaignDetails
Mar 16 05:56:36  [info] 5.893 CampaignReportSummaries
Mar 16 05:56:41  [info] 4.83 CampaignDocuments
Mar 16 05:56:46  [info] 5.419 CampaignSettings
Mar 16 05:59:11  [info] 5.043 Home
Mar 16 05:59:14  [info] 1.857 AjaxDashboard
Mar 16 05:59:18  [info] 0.897 AjaxScoreboard
Mar 16 05:59:23  [info] 4.484 DashboardFrame
Mar 16 06:00:19  [info] 55.205 Dashboard
Mar 16 06:09:14  [info] 1.754 AjaxDashboard
Mar 16 06:18:03  [info] 4.918 Home
Mar 16 06:18:05  [info] 1.695 AjaxDashboard
Mar 16 06:18:15  [info] 4.546 DashboardFrame
Mar 16 06:18:16  [info] 0.983 AjaxScoreboard
Mar 16 06:19:11  [info] 54.606 Dashboard
Mar 16 06:21:08  [info] 0.205 Login
Mar 16 06:21:38  [info] 4.798 Home
Mar 16 06:21:41  [info] 2.226 AjaxDashboard
Mar 16 06:21:55  [info] 4.9 DashboardFrame
Mar 16 06:21:56  [info] 0.954 AjaxScoreboard
Mar 16 06:22:49  [info] 52.386 Dashboard
Mar 16 06:26:11  [info] 4.638 Home
Mar 16 06:26:13  [info] 1.94 AjaxDashboard
Mar 16 06:26:18  [info] 1.09 AjaxScoreboard
Mar 16 06:26:23  [info] 4.889 DashboardFrame
Mar 16 06:27:18  [info] 54.245 Dashboard
Mar 16 06:30:45  [info] 4.803 Home
Mar 16 06:30:48  [info] 1.799 AjaxDashboard
Mar 16 06:30:53  [info] 0.95 AjaxScoreboard
Mar 16 06:30:57  [info] 4.565 DashboardFrame
Mar 16 06:31:50  [info] 51.664 Dashboard
Mar 16 06:36:11  [info] 4.323 Home
Mar 16 06:36:14  [info] 1.87 AjaxDashboard
Mar 16 06:36:27  [info] 4.952 DashboardFrame
Mar 16 06:36:28  [info] 0.913 AjaxScoreboard
Mar 16 06:37:22  [info] 53.347 Dashboard
Mar 16 06:46:14  [info] 2.158 AjaxDashboard
Mar 16 06:46:28  [info] 4.3 Home
Mar 16 06:46:30  [info] 1.775 AjaxDashboard
Mar 16 06:46:38  [info] 4.786 DashboardFrame
Mar 16 06:46:39  [info] 0.9 AjaxScoreboard
Mar 16 06:47:36  [info] 55.658 Dashboard
Mar 16 06:48:22  [info] 0.13 Login
Mar 16 06:48:37  [info] 4.343 Home
Mar 16 06:48:40  [info] 2.688 AjaxDashboard
Mar 16 06:48:54  [info] 4.476 DashboardFrame
Mar 16 06:48:55  [info] 0.863 AjaxScoreboard
Mar 16 06:49:49  [info] 53.35 Dashboard
Mar 16 06:53:59  [info] 4.668 Home
Mar 16 06:54:02  [info] 1.951 AjaxDashboard
Mar 16 06:54:13  [info] 4.61 DashboardFrame
Mar 16 06:54:14  [info] 0.881 AjaxScoreboard
Mar 16 06:55:08  [info] 53.578 Dashboard
Mar 16 06:58:09  [info] 0.132 Login
Mar 16 06:58:19  [info] 4.734 Home
Mar 16 06:58:22  [info] 1.857 AjaxDashboard
Mar 16 06:58:26  [info] 0.931 AjaxScoreboard
Mar 16 06:58:30  [info] 4.524 DashboardFrame
Mar 16 06:59:26  [info] 55.231 Dashboard
Mar 16 07:00:29  [info] 4.444 Home
Mar 16 07:00:32  [info] 1.913 AjaxDashboard
Mar 16 07:00:36  [info] 0.913 AjaxScoreboard
Mar 16 07:00:41  [info] 4.702 DashboardFrame
Mar 16 07:01:37  [info] 54.806 Dashboard
Mar 16 07:05:41  [info] 6.348 Home
Mar 16 07:06:05  [info] 6.144 DashboardFrame
Mar 16 07:06:06  [info] 0.902 AjaxScoreboard
Mar 16 07:06:34  [info] 4.667 Home
Mar 16 07:06:36  [info] 1.922 AjaxDashboard
Mar 16 07:06:40  [info] 0.892 AjaxScoreboard
Mar 16 07:06:45  [info] 4.421 DashboardFrame
Mar 16 07:08:07  [info] 4.553 Home
Mar 16 07:08:09  [info] 1.888 AjaxDashboard
Mar 16 07:08:24  [info] 5.84 DashboardFrame
Mar 16 07:09:03  [info] 0.197 Login
Mar 16 07:09:11  [info] 4.523 Home
Mar 16 07:09:14  [info] 1.808 AjaxDashboard
Mar 16 07:09:18  [info] 0.925 AjaxScoreboard
Mar 16 07:09:23  [info] 4.551 DashboardFrame
Mar 16 07:10:16  [info] 52.596 Dashboard
Mar 16 07:10:58  [info] 4.806 Home
Mar 16 07:11:01  [info] 1.751 AjaxDashboard
Mar 16 07:11:12  [info] 4.663 DashboardFrame
Mar 16 07:11:13  [info] 0.927 AjaxScoreboard
Mar 16 07:12:08  [info] 55.241 Dashboard
Mar 16 07:13:42  [info] 4.641 Home
Mar 16 07:13:44  [info] 1.863 AjaxDashboard
Mar 16 07:13:49  [info] 1.197 AjaxScoreboard
Mar 16 07:13:54  [info] 4.465 DashboardFrame
Mar 16 07:14:47  [info] 51.949 Dashboard
Mar 16 07:15:00  [info] 5.546 Home
Mar 16 07:15:02  [info] 1.881 AjaxDashboard
Mar 16 07:15:06  [info] 0.902 AjaxScoreboard
Mar 16 07:15:11  [info] 4.318 DashboardFrame
Mar 16 07:16:05  [info] 53.522 Dashboard
Mar 16 07:16:51  [info] 4.651 Home
Mar 16 07:16:53  [info] 1.977 AjaxDashboard
Mar 16 07:17:02  [info] 5.87 DashboardFrame
Mar 16 07:17:03  [info] 0.921 AjaxScoreboard
Mar 16 07:17:58  [info] 54.119 Dashboard
Mar 16 07:18:44  [info] 4.542 Home
Mar 16 07:18:46  [info] 1.772 AjaxDashboard
Mar 16 07:18:54  [info] 4.494 DashboardFrame
Mar 16 07:18:55  [info] 0.861 AjaxScoreboard
Mar 16 07:19:48  [info] 52.964 Dashboard
Mar 16 07:21:29  [info] 4.674 Home
Mar 16 07:21:32  [info] 1.86 AjaxDashboard
Mar 16 07:21:36  [info] 0.91 AjaxScoreboard
Mar 16 07:21:40  [info] 4.734 DashboardFrame
Mar 16 07:22:36  [info] 54.566 Dashboard
Mar 16 07:26:45  [info] 0.201 Login
Mar 16 07:26:55  [info] 4.492 Home
Mar 16 07:26:58  [info] 1.982 AjaxDashboard
Mar 16 07:27:06  [info] 4.738 DashboardFrame
Mar 16 07:27:06  [info] 0.862 AjaxScoreboard
Mar 16 07:28:03  [info] 56.277 Dashboard
Mar 16 07:36:58  [info] 2.004 AjaxDashboard
Mar 16 07:46:59  [info] 1.857 AjaxDashboard
Mar 16 07:57:00  [info] 1.875 AjaxDashboard
Mar 16 08:07:01  [info] 1.825 AjaxDashboard
Mar 16 08:17:02  [info] 1.805 AjaxDashboard
Mar 16 08:27:03  [info] 1.899 AjaxDashboard
Mar 16 08:27:46  [info] 4.736 Home
Mar 16 08:27:49  [info] 1.94 AjaxDashboard
Mar 16 08:27:58  [info] 1.053 AjaxScoreboard
Mar 16 08:28:03  [info] 4.587 DashboardFrame
Mar 16 08:28:57  [info] 53.695 Dashboard
Mar 16 08:29:46  [info] 0.156 Login
Mar 16 08:29:57  [info] 4.34 Home
Mar 16 08:29:59  [info] 1.881 AjaxDashboard
Mar 16 08:30:03  [info] 0.964 AjaxScoreboard
Mar 16 08:30:08  [info] 4.411 DashboardFrame
Mar 16 08:31:03  [info] 54.393 Dashboard
Mar 16 08:33:14  [info] 4.618 Home
Mar 16 08:33:17  [info] 1.808 AjaxDashboard
Mar 16 08:33:21  [info] 0.935 AjaxScoreboard
Mar 16 08:33:26  [info] 4.715 DashboardFrame
Mar 16 08:34:21  [info] 54.191 Dashboard
Mar 16 08:35:34  [info] 4.982 Home
Mar 16 08:35:37  [info] 1.875 AjaxDashboard
Mar 16 08:35:41  [info] 0.919 AjaxScoreboard
Mar 16 08:35:46  [info] 4.903 DashboardFrame
Mar 16 08:36:43  [info] 55.896 Dashboard
Mar 16 08:37:24  [info] 0.129 Login
Mar 16 08:37:48  [info] 4.693 Home
Mar 16 08:37:50  [info] 2.052 AjaxDashboard
Mar 16 08:37:55  [info] 1.149 AjaxScoreboard
Mar 16 08:38:00  [info] 4.787 DashboardFrame
Mar 16 08:38:59  [info] 58.577 Dashboard
Mar 16 08:44:57  [info] 4.752 Home
Mar 16 08:45:00  [info] 1.807 AjaxDashboard
Mar 16 08:45:13  [info] 4.923 DashboardFrame
Mar 16 08:45:14  [info] 1.004 AjaxScoreboard
Mar 16 08:46:13  [info] 57.485 Dashboard
Mar 16 08:52:24  [info] 4.703 Home
Mar 16 08:52:27  [info] 1.835 AjaxDashboard
Mar 16 08:52:39  [info] 4.854 DashboardFrame
Mar 16 08:52:40  [info] 0.992 AjaxScoreboard
Mar 16 08:53:36  [info] 55.483 Dashboard
Mar 16 08:54:04  [info] 0.209 Login
Mar 16 08:54:16  [info] 4.715 Home
Mar 16 08:54:35  [info] 1.021 AjaxScoreboard
Mar 16 08:54:39  [info] 4.855 DashboardFrame
Mar 16 08:55:35  [info] 55.05 Dashboard
Mar 16 08:59:03  [info] 0.148 Login
Mar 16 08:59:13  [info] 4.923 Home
Mar 16 08:59:15  [info] 1.89 AjaxDashboard
Mar 16 08:59:23  [info] 4.537 DashboardFrame
Mar 16 08:59:24  [info] 0.943 AjaxScoreboard
Mar 16 09:00:19  [info] 55.177 Dashboard
Mar 16 09:01:50  [info] 4.745 Home
Mar 16 09:01:52  [info] 1.901 AjaxDashboard
Mar 16 09:02:05  [info] 4.667 DashboardFrame
Mar 16 09:02:06  [info] 0.825 AjaxScoreboard
Mar 16 09:03:04  [info] 56.719 Dashboard
Mar 16 09:03:41  [info] 4.727 Home
Mar 16 09:03:44  [info] 2.069 AjaxDashboard
Mar 16 09:03:53  [info] 0.958 AjaxScoreboard
Mar 16 09:03:57  [info] 4.799 DashboardFrame
Mar 16 09:04:56  [info] 57.34 Dashboard
Mar 16 09:13:44  [info] 0.198 Login
Mar 16 09:17:54  [info] 0.087 Login
Mar 16 09:18:04  [info] 5.777 Home
Mar 16 09:18:07  [info] 2.13 AjaxDashboard
Mar 16 09:18:16  [info] 1.037 AjaxScoreboard
Mar 16 09:18:20  [info] 4.71 DashboardFrame
Mar 16 09:19:16  [info] 53.913 Dashboard
Mar 16 09:28:07  [info] 1.774 AjaxDashboard
Mar 16 09:38:08  [info] 1.952 AjaxDashboard
Mar 16 09:48:09  [info] 1.932 AjaxDashboard
Mar 16 09:49:47  [info] 4.794 Home
Mar 16 09:49:50  [info] 1.865 AjaxDashboard
Mar 16 09:50:00  [info] 4.977 DashboardFrame
Mar 16 09:50:01  [info] 0.929 AjaxScoreboard
Mar 16 09:50:54  [info] 52.993 Dashboard
Mar 16 09:51:21  [info] 5.454 Home
Mar 16 09:51:24  [info] 2.095 AjaxDashboard
Mar 16 09:51:34  [info] 4.451 DashboardFrame
Mar 16 09:51:34  [info] 0.862 AjaxScoreboard
Mar 16 09:52:27  [info] 51.275 Dashboard
Mar 16 09:53:44  [info] 8.869 NbmMonthlyPlanner
Mar 16 09:53:49  [info] 4.711 NbmMonthlyPlannerGraph4
Mar 16 09:54:00  [info] 4.654 Home
Mar 16 09:54:14  [info] 0.143 Login
Mar 16 09:54:23  [info] 5.183 Home
Mar 16 09:54:26  [info] 2.196 AjaxDashboard
Mar 16 09:54:30  [info] 0.962 AjaxScoreboard
Mar 16 09:54:35  [info] 4.595 DashboardFrame
Mar 16 09:55:32  [info] 55.508 Dashboard
Mar 16 10:02:59  [info] 5.821 Home
Mar 16 10:03:01  [info] 1.772 AjaxDashboard
Mar 16 10:03:06  [info] 0.94 AjaxScoreboard
Mar 16 10:03:10  [info] 4.467 DashboardFrame
Mar 16 10:04:06  [info] 55.354 Dashboard
Mar 16 10:07:42  [info] 4.707 Home
Mar 16 10:07:45  [info] 2.002 AjaxDashboard
Mar 16 10:07:53  [info] 4.773 DashboardFrame
Mar 16 10:07:54  [info] 0.961 AjaxScoreboard
Mar 16 10:08:50  [info] 55.237 Dashboard
Mar 16 10:15:43  [info] 4.718 Home
Mar 16 10:15:45  [info] 1.868 AjaxDashboard
Mar 16 10:15:55  [info] 4.942 DashboardFrame
Mar 16 10:15:56  [info] 0.964 AjaxScoreboard
Mar 16 10:16:53  [info] 55.852 Dashboard
Mar 16 10:17:05  [info] 4.723 Home
Mar 16 10:17:07  [info] 2.254 AjaxDashboard
Mar 16 10:17:20  [info] 4.751 DashboardFrame
Mar 16 10:17:21  [info] 0.906 AjaxScoreboard
Mar 16 10:18:18  [info] 56.399 Dashboard
Mar 16 10:19:12  [info] 4.608 Home
Mar 16 10:19:14  [info] 1.984 AjaxDashboard
Mar 16 10:19:26  [info] 4.557 DashboardFrame
Mar 16 10:19:27  [info] 0.837 AjaxScoreboard
Mar 16 10:20:24  [info] 56.543 Dashboard
Mar 16 10:22:18  [info] 0.136 Login
Mar 16 10:22:27  [info] 4.558 Home
Mar 16 10:22:30  [info] 2.101 AjaxDashboard
Mar 16 10:22:44  [info] 4.734 DashboardFrame
Mar 16 10:22:44  [info] 0.908 AjaxScoreboard
Mar 16 10:23:37  [info] 52.066 Dashboard
Mar 16 10:25:18  [info] 5.061 Home
Mar 16 10:25:20  [info] 1.786 AjaxDashboard
Mar 16 10:25:24  [info] 0.932 AjaxScoreboard
Mar 16 10:25:29  [info] 4.538 DashboardFrame
Mar 16 10:26:24  [info] 53.581 Dashboard
Mar 16 10:29:27  [info] 4.71 Home
Mar 16 10:29:29  [info] 1.827 AjaxDashboard
Mar 16 10:29:37  [info] 4.631 DashboardFrame
Mar 16 10:29:38  [info] 0.944 AjaxScoreboard
Mar 16 10:30:31  [info] 52.243 Dashboard
Mar 16 10:30:35  [info] 4.5 Home
Mar 16 10:30:40  [info] 4.34 Home
Mar 16 10:30:46  [info] 1.753 AjaxDashboard
Mar 16 10:30:49  [info] 0.945 AjaxScoreboard
Mar 16 10:30:53  [info] 4.33 DashboardFrame
Mar 16 10:31:50  [info] 55.113 Dashboard
Mar 16 10:34:42  [info] 0.219 Login
Mar 16 10:34:52  [info] 4.478 Home
Mar 16 10:34:54  [info] 1.908 AjaxDashboard
Mar 16 10:35:03  [info] 5.666 DashboardFrame
Mar 16 10:35:04  [info] 0.934 AjaxScoreboard
Mar 16 10:35:58  [info] 53.083 Dashboard
Mar 16 10:39:44  [info] 0.208 Login
Mar 16 10:39:53  [info] 4.902 Home
Mar 16 10:39:56  [info] 2.239 AjaxDashboard
Mar 16 10:40:05  [info] 1.031 AjaxScoreboard
Mar 16 10:40:10  [info] 5.373 DashboardFrame
Mar 16 10:41:08  [info] 55.757 Dashboard
Mar 16 10:44:19  [info] 4.473 Home
Mar 16 10:44:22  [info] 1.932 AjaxDashboard
Mar 16 10:44:30  [info] 4.817 DashboardFrame
Mar 16 10:44:31  [info] 0.891 AjaxScoreboard
Mar 16 10:45:21  [info] 49.957 Dashboard
Mar 16 10:46:10  [info] 4.491 Home
Mar 16 10:46:14  [info] 1.915 AjaxDashboard
Mar 16 10:46:23  [info] 1.026 AjaxScoreboard
Mar 16 10:46:28  [info] 4.743 DashboardFrame
Mar 16 10:48:04  [info] 4.533 Home
Mar 16 10:48:06  [info] 1.89 AjaxDashboard
Mar 16 10:48:11  [info] 0.905 AjaxScoreboard
Mar 16 10:48:15  [info] 4.283 DashboardFrame
Mar 16 10:49:43  [info] 4.671 Home
Mar 16 10:49:45  [info] 1.753 AjaxDashboard
Mar 16 10:50:08  [info] 1.039 AjaxScoreboard
Mar 16 10:51:34  [info] 4.631 Home
Mar 16 10:51:36  [info] 1.898 AjaxDashboard
Mar 16 10:51:49  [info] 4.7 DashboardFrame
Mar 16 10:51:50  [info] 1.003 AjaxScoreboard
Mar 16 10:53:24  [info] 4.512 Home
Mar 16 10:53:26  [info] 1.817 AjaxDashboard
Mar 16 10:53:39  [info] 4.855 DashboardFrame
Mar 16 10:53:40  [info] 0.864 AjaxScoreboard
Mar 16 10:54:36  [info] 55.703 Dashboard
Mar 16 10:54:41  [info] 4.399 Home
Mar 16 10:54:47  [info] 1.701 AjaxDashboard
Mar 16 10:54:48  [info] 0.888 AjaxScoreboard
Mar 16 10:54:54  [info] 5.406 DashboardFrame
Mar 16 10:55:51  [info] 56.358 Dashboard
Mar 16 10:56:20  [info] 0.213 Login
Mar 16 10:56:29  [info] 5.057 Home
Mar 16 10:56:31  [info] 1.824 AjaxDashboard
Mar 16 10:56:41  [info] 5.045 DashboardFrame
Mar 16 10:57:41  [info] 55.367 Dashboard
Mar 16 11:00:17  [info] 4.358 Home
Mar 16 11:00:20  [info] 1.788 AjaxDashboard
Mar 16 11:00:24  [info] 0.915 AjaxScoreboard
Mar 16 11:00:28  [info] 4.399 DashboardFrame
Mar 16 11:01:24  [info] 55.24 Dashboard
Mar 16 11:03:19  [info] 5.804 Home
Mar 16 11:03:22  [info] 1.943 AjaxDashboard
Mar 16 11:03:30  [info] 4.777 DashboardFrame
Mar 16 11:03:30  [info] 0.896 AjaxScoreboard
Mar 16 11:05:01  [info] 4.619 Home
Mar 16 11:05:03  [info] 1.808 AjaxDashboard
Mar 16 11:05:11  [info] 4.549 DashboardFrame
Mar 16 11:05:11  [info] 0.816 AjaxScoreboard
Mar 16 11:09:32  [info] 7.523 Home
Mar 16 11:09:34  [info] 1.726 AjaxDashboard
Mar 16 11:09:38  [info] 0.951 AjaxScoreboard
Mar 16 11:09:43  [info] 4.33 DashboardFrame
Mar 16 11:12:35  [info] 4.641 Home
Mar 16 11:12:37  [info] 2.223 AjaxDashboard
Mar 16 11:12:49  [info] 4.517 DashboardFrame
Mar 16 11:12:49  [info] 0.828 AjaxScoreboard
Mar 16 11:15:49  [info] 4.523 Home
Mar 16 11:15:52  [info] 1.849 AjaxDashboard
Mar 16 11:15:56  [info] 0.913 AjaxScoreboard
Mar 16 11:16:01  [info] 4.421 DashboardFrame
Mar 16 11:17:00  [info] 58.785 Dashboard
Mar 16 11:17:06  [info] 4.788 Home
Mar 16 11:17:13  [info] 1.767 AjaxDashboard
Mar 16 11:17:14  [info] 0.844 AjaxScoreboard
Mar 16 11:17:19  [info] 4.44 DashboardFrame
Mar 16 11:18:11  [info] 51.499 Dashboard
Mar 16 11:21:32  [info] 4.903 Home
Mar 16 11:21:35  [info] 1.739 AjaxDashboard
Mar 16 11:21:39  [info] 0.895 AjaxScoreboard
Mar 16 11:21:43  [info] 4.689 DashboardFrame
Mar 16 11:22:37  [info] 53.025 Dashboard
Mar 16 11:26:57  [info] 4.464 Home
Mar 16 11:26:59  [info] 1.75 AjaxDashboard
Mar 16 11:27:03  [info] 0.907 AjaxScoreboard
Mar 16 11:27:08  [info] 4.404 DashboardFrame
Mar 16 11:28:01  [info] 52.392 Dashboard
Mar 16 11:31:28  [info] 4.893 Home
Mar 16 11:31:31  [info] 2.004 AjaxDashboard
Mar 16 11:31:45  [info] 4.63 DashboardFrame
Mar 16 11:31:46  [info] 0.808 AjaxScoreboard
Mar 16 11:32:39  [info] 53.112 Dashboard
Mar 16 11:41:31  [info] 1.919 AjaxDashboard
Mar 16 11:51:32  [info] 1.837 AjaxDashboard
Mar 16 12:01:33  [info] 1.709 AjaxDashboard
Mar 16 12:06:47  [info] 4.565 Home
Mar 16 12:06:49  [info] 1.802 AjaxDashboard
Mar 16 12:06:55  [info] 1.024 AjaxScoreboard
Mar 16 12:07:00  [info] 4.583 DashboardFrame
Mar 16 12:07:55  [info] 54.193 Dashboard
Mar 16 12:11:45  [info] 4.768 Home
Mar 16 12:11:48  [info] 1.863 AjaxDashboard
Mar 16 12:11:51  [info] 0.957 AjaxScoreboard
Mar 16 12:11:56  [info] 4.486 DashboardFrame
Mar 16 12:12:53  [info] 55.399 Dashboard
Mar 16 12:14:07  [info] 4.718 Home
Mar 16 12:14:10  [info] 1.929 AjaxDashboard
Mar 16 12:14:22  [info] 4.9 DashboardFrame
Mar 16 12:14:23  [info] 0.883 AjaxScoreboard
Mar 16 12:15:18  [info] 54.362 Dashboard
Mar 16 12:23:24  [info] 4.618 Home
Mar 16 12:23:27  [info] 1.817 AjaxDashboard
Mar 16 12:23:35  [info] 4.737 DashboardFrame
Mar 16 12:23:35  [info] 0.82 AjaxScoreboard
Mar 16 12:24:30  [info] 54.407 Dashboard
Mar 16 12:25:19  [info] 4.907 Home
Mar 16 12:25:21  [info] 1.875 AjaxDashboard
Mar 16 12:25:29  [info] 4.689 DashboardFrame
Mar 16 12:25:30  [info] 1.029 AjaxScoreboard
Mar 16 12:26:24  [info] 53.587 Dashboard
Mar 16 12:28:25  [info] 4.746 Home
Mar 16 12:28:28  [info] 2.433 AjaxDashboard
Mar 16 12:28:32  [info] 0.91 AjaxScoreboard
Mar 16 12:28:37  [info] 4.979 DashboardFrame
Mar 16 12:29:34  [info] 55.873 Dashboard
Mar 16 12:35:35  [info] 4.567 Home
Mar 16 12:35:39  [info] 3.208 AjaxDashboard
Mar 16 12:35:45  [info] 4.51 DashboardFrame
Mar 16 12:35:46  [info] 0.85 AjaxScoreboard
Mar 16 12:36:41  [info] 55.066 Dashboard
Mar 16 12:38:02  [info] 5.293 Home
Mar 16 12:38:05  [info] 2.062 AjaxDashboard
Mar 16 12:38:15  [info] 0.921 AjaxScoreboard
Mar 16 12:38:20  [info] 4.827 DashboardFrame
Mar 16 12:39:16  [info] 54.735 Dashboard
Mar 16 12:49:17  [info] 4.541 Home
Mar 16 12:49:20  [info] 1.931 AjaxDashboard
Mar 16 12:49:33  [info] 4.636 DashboardFrame
Mar 16 12:49:34  [info] 0.866 AjaxScoreboard
Mar 16 12:50:29  [info] 54.331 Dashboard
Mar 16 12:50:53  [info] 5.159 Home
Mar 16 12:50:55  [info] 2.049 AjaxDashboard
Mar 16 12:51:03  [info] 4.485 DashboardFrame
Mar 16 12:51:04  [info] 0.873 AjaxScoreboard
Mar 16 12:52:01  [info] 56.228 Dashboard
Mar 16 12:52:07  [info] 5.465 Home
Mar 16 12:52:17  [info] 2.414 AjaxDashboard
Mar 16 12:52:24  [info] 4.542 DashboardFrame
Mar 16 12:52:25  [info] 0.874 AjaxScoreboard
Mar 16 12:52:48  [info] 0.333 Login
Mar 16 12:52:59  [info] 4.662 Home
Mar 16 12:53:01  [info] 1.882 AjaxDashboard
Mar 16 12:53:05  [info] 0.962 AjaxScoreboard
Mar 16 12:53:09  [info] 4.397 DashboardFrame
Mar 16 12:54:03  [info] 52.983 Dashboard
Mar 16 12:55:20  [info] 5.041 Home
Mar 16 12:55:22  [info] 1.812 AjaxDashboard
Mar 16 12:55:27  [info] 1.008 AjaxScoreboard
Mar 16 12:55:32  [info] 4.771 DashboardFrame
Mar 16 12:56:27  [info] 54.138 Dashboard
Mar 16 12:56:50  [info] 4.704 Home
Mar 16 12:56:52  [info] 1.801 AjaxDashboard
Mar 16 12:57:11  [info] 0.187 Login
Mar 16 12:57:22  [info] 4.82 Home
Mar 16 12:57:25  [info] 2.119 AjaxDashboard
Mar 16 12:57:35  [info] 1.055 AjaxScoreboard
Mar 16 12:57:40  [info] 4.822 DashboardFrame
Mar 16 12:58:35  [info] 53.035 Dashboard
Mar 16 13:00:13  [info] 54.525 Dashboard
Mar 16 13:00:45  [info] 4.307 Home
Mar 16 13:00:48  [info] 2.1 AjaxDashboard
Mar 16 13:00:56  [info] 4.559 DashboardFrame
Mar 16 13:00:57  [info] 0.852 AjaxScoreboard
Mar 16 13:01:48  [info] 51.099 Dashboard
Mar 16 13:02:30  [info] 4.547 Home
Mar 16 13:02:33  [info] 2 AjaxDashboard
Mar 16 13:02:37  [info] 0.91 AjaxScoreboard
Mar 16 13:02:42  [info] 4.797 DashboardFrame
Mar 16 13:03:40  [info] 57.106 Dashboard
Mar 16 13:16:13  [info] 0.139 Login
Mar 16 13:16:23  [info] 4.866 Home
Mar 16 13:16:27  [info] 2.953 AjaxDashboard
Mar 16 13:16:36  [info] 1.272 AjaxScoreboard
Mar 16 13:16:41  [info] 4.352 DashboardFrame
Mar 16 13:17:33  [info] 51.877 Dashboard
Mar 16 13:18:55  [info] 4.411 Home
Mar 16 13:18:58  [info] 2.491 AjaxDashboard
Mar 16 13:19:08  [info] 5.674 DashboardFrame
Mar 16 13:19:12  [info] 4.003 AjaxScoreboard
Mar 16 13:19:17  [info] 0.075 Login
Mar 16 13:19:27  [info] 4.759 Home
Mar 16 13:19:29  [info] 1.736 AjaxDashboard
Mar 16 13:19:33  [info] 4.409 DashboardFrame
Mar 16 13:19:34  [info] 0.853 AjaxScoreboard
Mar 16 13:20:07  [info] 55.107 Dashboard
Mar 16 13:20:12  [info] 4.444 Home
Mar 16 13:20:19  [info] 1.773 AjaxDashboard
Mar 16 13:20:24  [info] 4.621 DashboardFrame
Mar 16 13:20:25  [info] 0.886 AjaxScoreboard
Mar 16 13:20:31  [info] 56.494 Dashboard
Mar 16 13:21:19  [info] 53.503 Dashboard
Mar 16 13:24:53  [info] 4.483 Home
Mar 16 13:24:55  [info] 1.749 AjaxDashboard
Mar 16 13:24:59  [info] 0.855 AjaxScoreboard
Mar 16 13:25:04  [info] 4.791 DashboardFrame
Mar 16 13:26:00  [info] 55.354 Dashboard
Mar 16 13:34:55  [info] 1.949 AjaxDashboard
Mar 16 13:38:16  [info] 5.99 Home
Mar 16 13:38:19  [info] 1.844 AjaxDashboard
Mar 16 13:38:31  [info] 4.595 DashboardFrame
Mar 16 13:38:32  [info] 0.868 AjaxScoreboard
Mar 16 13:39:31  [info] 58.032 Dashboard
Mar 17 05:36:16  [info] 0.507 Login
Mar 17 05:36:19  [info] 0.141 Login
Mar 17 05:36:44  [info] 4.892 Home
Mar 17 05:37:13  [info] 5.114 Home
Mar 17 05:39:18  [info] 5.513 Home
Mar 17 05:39:20  [info] 2.117 AjaxDashboard
Mar 17 05:39:28  [info] 4.892 DashboardFrame
Mar 17 05:39:29  [info] 1.105 AjaxScoreboard
Mar 17 05:40:30  [info] 60.669 Dashboard
Mar 17 05:49:48  [info] 4.793 Home
Mar 17 05:49:51  [info] 2.005 AjaxDashboard
Mar 17 05:49:58  [info] 4.668 DashboardFrame
Mar 17 05:49:59  [info] 1.023 AjaxScoreboard
Mar 17 05:51:03  [info] 63.811 Dashboard
Mar 17 05:54:38  [info] 4.728 Home
Mar 17 05:54:41  [info] 2.15 AjaxDashboard
Mar 17 05:54:45  [info] 1.04 AjaxScoreboard
Mar 17 05:54:50  [info] 5.009 DashboardFrame
Mar 17 05:55:52  [info] 60.039 Dashboard
Mar 17 05:57:49  [info] 59.174 Dashboard
Mar 17 05:58:49  [info] 60.273 Dashboard
Mar 17 05:59:49  [info] 59.878 Dashboard
Mar 17 06:00:52  [info] 63.378 Dashboard
Mar 17 06:01:55  [info] 62.233 Dashboard
Mar 17 06:02:55  [info] 60.24 Dashboard
Mar 17 06:03:57  [info] 61.946 Dashboard
Mar 17 06:04:58  [info] 60.165 Dashboard
Mar 17 06:05:03  [info] 4.872 Home
Mar 17 06:05:08  [info] 4.889 Home
Mar 17 06:05:13  [info] 4.97 Home
Mar 17 06:05:18  [info] 4.874 Home
Mar 17 06:05:20  [info] 2.035 AjaxDashboard
Mar 17 06:05:25  [info] 5.018 Home
Mar 17 06:05:35  [info] 10.164 NbmMonthlyPlanner
Mar 17 06:05:42  [info] 6.017 Reporting
Mar 17 06:05:48  [info] 5.73 Home
Mar 17 06:05:53  [info] 4.908 NbmMonthlyPlannerGraph4
Mar 17 06:05:55  [info] 2.158 AjaxDashboard
Mar 17 06:06:03  [info] 4.745 DashboardFrame
Mar 17 06:06:04  [info] 1.01 AjaxScoreboard
Mar 17 06:07:07  [info] 61.919 Dashboard
Mar 17 06:15:43  [info] 10.334 NbmMonthlyPlanner
Mar 17 06:15:48  [info] 4.735 NbmMonthlyPlannerGraph4
Mar 17 06:15:51  [info] 2.087 AjaxDashboard
Mar 17 06:16:03  [info] 6.217 ActionsFrame
Mar 17 06:16:54  [info] 49.885 Calendar
Mar 17 06:17:03  [info] 5.869 CalendarDay
Mar 17 06:25:52  [info] 2.205 AjaxDashboard
Mar 17 06:34:45  [info] 7.701 FilterList
Mar 17 06:35:05  [info] 6.376 FilterExport
Mar 17 06:35:53  [info] 2.269 AjaxDashboard
Mar 17 06:36:36  [info] 4.873 Home
Mar 17 06:36:39  [info] 2.278 AjaxDashboard
Mar 17 06:36:43  [info] 1.042 AjaxScoreboard
Mar 17 06:36:48  [info] 4.811 DashboardFrame
Mar 17 06:37:50  [info] 61.054 Dashboard
Mar 17 06:38:17  [info] 7.089 FilterList
Mar 17 06:38:33  [info] 6.429 FilterExport
Mar 17 06:46:39  [info] 2.164 AjaxDashboard
Mar 17 06:56:40  [info] 2.129 AjaxDashboard
Mar 17 07:06:41  [info] 2.115 AjaxDashboard
Mar 17 07:16:42  [info] 2.154 AjaxDashboard
Mar 17 07:26:43  [info] 2.044 AjaxDashboard
Mar 17 07:36:44  [info] 2.132 AjaxDashboard
Mar 17 07:46:45  [info] 2.081 AjaxDashboard
Mar 17 07:56:46  [info] 2.164 AjaxDashboard
Mar 17 08:06:47  [info] 2.298 AjaxDashboard
Mar 17 08:16:48  [info] 2.043 AjaxDashboard
Mar 17 08:26:49  [info] 2.225 AjaxDashboard
Mar 17 08:36:50  [info] 2.182 AjaxDashboard
Mar 17 08:46:51  [info] 2.175 AjaxDashboard
Mar 17 08:56:52  [info] 2.115 AjaxDashboard
Mar 17 09:06:53  [info] 2.033 AjaxDashboard
Mar 17 09:16:54  [info] 2.088 AjaxDashboard
Mar 17 09:26:55  [info] 2.111 AjaxDashboard
Mar 17 09:36:56  [info] 2.237 AjaxDashboard
Mar 17 09:46:57  [info] 2.083 AjaxDashboard
Mar 17 09:56:58  [info] 2.296 AjaxDashboard
Mar 17 10:06:59  [info] 2.123 AjaxDashboard
Mar 17 10:17:00  [info] 2.209 AjaxDashboard
Mar 17 10:27:01  [info] 2.089 AjaxDashboard
Mar 17 10:37:02  [info] 2.108 AjaxDashboard
Mar 17 10:47:03  [info] 2.006 AjaxDashboard
Mar 17 10:57:04  [info] 2.012 AjaxDashboard
Mar 17 11:07:05  [info] 2.085 AjaxDashboard
Mar 17 11:17:06  [info] 3.006 AjaxDashboard
Mar 17 11:27:06  [info] 2.073 AjaxDashboard
Mar 17 11:37:07  [info] 2.096 AjaxDashboard
Mar 17 11:47:08  [info] 2.105 AjaxDashboard
Mar 17 11:57:09  [info] 2.14 AjaxDashboard
Mar 17 12:07:10  [info] 2.113 AjaxDashboard
Mar 17 12:17:11  [info] 2.075 AjaxDashboard
Mar 17 12:27:12  [info] 2.136 AjaxDashboard
Mar 17 12:37:13  [info] 2.131 AjaxDashboard
Mar 17 12:47:14  [info] 2.038 AjaxDashboard
Mar 17 12:57:15  [info] 2.525 AjaxDashboard
Mar 17 13:07:16  [info] 2.019 AjaxDashboard
Mar 17 13:17:17  [info] 2.132 AjaxDashboard
Mar 17 13:27:18  [info] 2.224 AjaxDashboard
Mar 17 13:37:19  [info] 2.1 AjaxDashboard
Mar 17 13:47:20  [info] 1.991 AjaxDashboard
Mar 17 13:57:21  [info] 2.307 AjaxDashboard
Mar 17 14:03:11  [info] 182.613 FilterResults
Mar 17 14:07:44  [info] 173.378 FilterResults
Mar 17 14:08:46  [info] 61.694 Dashboard
Mar 17 14:08:56  [info] 2.195 AjaxDashboard
Mar 17 14:09:10  [info] 5.101 DashboardFrame
Mar 17 14:09:20  [info] 9.752 NbmMonthlyPlanner
Mar 17 14:09:25  [info] 5.084 Reporting
Mar 17 14:10:27  [info] 61.845 Dashboard
Mar 17 14:11:29  [info] 61.388 Dashboard
Mar 17 14:11:34  [info] 4.98 Home
Mar 17 14:11:39  [info] 5.051 Home
Mar 17 14:11:51  [info] 3.559 AjaxDashboard
Mar 17 14:12:00  [info] 4.873 DashboardFrame
Mar 17 14:12:01  [info] 1.008 AjaxScoreboard
Mar 17 14:13:03  [info] 61.653 Dashboard
Mar 17 14:13:44  [info] 0.342 Login
Mar 17 14:13:54  [info] 5.075 Home
Mar 17 14:13:58  [info] 2.708 AjaxDashboard
Mar 17 14:14:11  [info] 5.317 DashboardFrame
Mar 17 14:14:13  [info] 1.143 AjaxScoreboard
Mar 17 14:15:15  [info] 62.011 Dashboard
Mar 17 14:17:20  [info] 7.754 FilterList
Mar 17 14:21:17  [info] 209.483 FilterResults
Mar 17 14:21:21  [info] 3.224 Login
Mar 17 14:21:44  [info] 4.752 Home
Mar 17 14:21:46  [info] 2.122 AjaxDashboard
Mar 17 14:21:55  [info] 4.993 DashboardFrame
Mar 17 14:21:56  [info] 1.115 AjaxScoreboard
Mar 17 14:22:59  [info] 62.701 Dashboard
Mar 17 14:24:55  [info] 6.956 FilterList
Mar 17 14:31:47  [info] 2.071 AjaxDashboard
Mar 17 14:41:48  [info] 2.072 AjaxDashboard
Mar 17 14:51:49  [info] 2.145 AjaxDashboard
Mar 17 15:01:50  [info] 2.519 AjaxDashboard
Mar 17 15:11:51  [info] 2.163 AjaxDashboard
Mar 17 15:21:52  [info] 2.039 AjaxDashboard
Mar 17 15:31:53  [info] 2.105 AjaxDashboard
Mar 17 15:41:54  [info] 2.195 AjaxDashboard
Mar 17 15:51:55  [info] 2.398 AjaxDashboard
Mar 17 16:01:56  [info] 2.09 AjaxDashboard
Mar 17 16:11:57  [info] 2.034 AjaxDashboard
Mar 17 16:21:58  [info] 2.144 AjaxDashboard
Mar 17 16:31:59  [info] 2.113 AjaxDashboard
Mar 17 16:42:00  [info] 2.098 AjaxDashboard
Mar 17 16:52:01  [info] 2.099 AjaxDashboard
Mar 17 17:02:02  [info] 2.097 AjaxDashboard
Mar 17 17:12:03  [info] 2.464 AjaxDashboard
Mar 17 17:22:04  [info] 2.576 AjaxDashboard
Mar 17 17:32:05  [info] 2.129 AjaxDashboard
Mar 17 17:42:06  [info] 2.113 AjaxDashboard
Mar 17 17:52:07  [info] 2.046 AjaxDashboard
Mar 17 18:02:08  [info] 2.134 AjaxDashboard
Mar 17 18:12:09  [info] 2.059 AjaxDashboard
Mar 17 18:22:10  [info] 2.072 AjaxDashboard
Mar 17 18:32:11  [info] 2.088 AjaxDashboard
Mar 17 18:42:12  [info] 2.07 AjaxDashboard
Mar 17 18:52:13  [info] 2.12 AjaxDashboard
Mar 17 19:02:14  [info] 2.086 AjaxDashboard
Mar 17 19:12:15  [info] 2.071 AjaxDashboard
Mar 17 19:22:16  [info] 2.021 AjaxDashboard
Mar 17 19:32:17  [info] 2.033 AjaxDashboard
Mar 17 19:42:18  [info] 2.136 AjaxDashboard
Mar 17 19:52:19  [info] 2.119 AjaxDashboard
Mar 17 20:02:20  [info] 2.103 AjaxDashboard
Mar 17 20:12:21  [info] 2.135 AjaxDashboard
Mar 17 20:22:22  [info] 2.097 AjaxDashboard
Mar 17 20:32:23  [info] 2.048 AjaxDashboard
Mar 17 20:42:25  [info] 2.999 AjaxDashboard
Mar 17 20:52:25  [info] 2.188 AjaxDashboard
Mar 17 21:02:26  [info] 2.016 AjaxDashboard
Mar 17 21:12:27  [info] 2.138 AjaxDashboard
Mar 17 21:22:28  [info] 2.109 AjaxDashboard
Mar 17 21:32:29  [info] 2.119 AjaxDashboard
Mar 17 21:42:31  [info] 2.985 AjaxDashboard
Mar 17 21:52:31  [info] 2.121 AjaxDashboard
Mar 17 22:02:32  [info] 2.01 AjaxDashboard
Mar 17 22:12:33  [info] 2.13 AjaxDashboard
Mar 17 22:22:34  [info] 2.071 AjaxDashboard
Mar 17 22:32:35  [info] 2.032 AjaxDashboard
Mar 17 22:42:37  [info] 3.247 AjaxDashboard
Mar 17 22:52:37  [info] 2.194 AjaxDashboard
Mar 17 23:02:38  [info] 2.114 AjaxDashboard
Mar 17 23:12:39  [info] 2.17 AjaxDashboard
Mar 17 23:22:40  [info] 2.056 AjaxDashboard
Mar 17 23:32:41  [info] 2.395 AjaxDashboard
Mar 17 23:42:42  [info] 2.655 AjaxDashboard
Mar 17 23:52:43  [info] 2.099 AjaxDashboard
Mar 18 00:02:44  [info] 2.094 AjaxDashboard
Mar 18 00:12:46  [info] 2.974 AjaxDashboard
Mar 18 00:22:46  [info] 2.092 AjaxDashboard
Mar 18 00:32:47  [info] 2.197 AjaxDashboard
Mar 18 00:42:49  [info] 2.644 AjaxDashboard
Mar 18 00:52:49  [info] 2.123 AjaxDashboard
Mar 18 01:02:54  [info] 1.989 AjaxDashboard
Mar 18 01:12:55  [info] 2.02 AjaxDashboard
Mar 18 01:22:56  [info] 2.209 AjaxDashboard
Mar 18 01:32:58  [info] 2.333 AjaxDashboard
Mar 18 01:42:59  [info] 2.839 AjaxDashboard
Mar 18 01:53:00  [info] 2.453 AjaxDashboard
Mar 18 02:03:00  [info] 2.202 AjaxDashboard
Mar 18 02:13:01  [info] 2.127 AjaxDashboard
Mar 18 02:23:02  [info] 2.113 AjaxDashboard
Mar 18 02:33:03  [info] 2.083 AjaxDashboard
Mar 18 02:43:05  [info] 2.193 AjaxDashboard
Mar 18 02:53:05  [info] 2.134 AjaxDashboard
Mar 18 03:03:07  [info] 2.124 AjaxDashboard
Mar 18 03:13:07  [info] 1.945 AjaxDashboard
Mar 18 03:23:08  [info] 2.057 AjaxDashboard
Mar 18 03:33:09  [info] 2.169 AjaxDashboard
Mar 18 03:43:12  [info] 3.381 AjaxDashboard
Mar 18 03:53:12  [info] 2.24 AjaxDashboard
Mar 18 04:03:12  [info] 2.034 AjaxDashboard
Mar 18 04:13:14  [info] 2.257 AjaxDashboard
Mar 18 04:23:14  [info] 1.969 AjaxDashboard
Mar 18 04:33:15  [info] 2.079 AjaxDashboard
Mar 18 04:43:16  [info] 2.134 AjaxDashboard
Mar 18 04:50:41  [info] 4.842 Home
Mar 18 04:50:44  [info] 2.035 AjaxDashboard
Mar 18 04:50:49  [info] 1.105 AjaxScoreboard
Mar 18 04:50:54  [info] 4.742 DashboardFrame
Mar 18 04:51:55  [info] 59.34 Dashboard
Mar 18 04:52:03  [info] 7.743 FilterList
Mar 18 04:55:33  [info] 204.039 AjaxFilterBuilder
Mar 18 04:55:44  [info] 10.85 FilterBuilder
Mar 18 04:55:57  [info] 6.131 FilterExport
Mar 18 04:58:50  [info] 167.298 AjaxFilterBuilder
Mar 18 05:00:44  [info] 2.222 AjaxDashboard
Mar 18 05:03:28  [info] 5.076 Home
Mar 18 05:03:46  [info] 3.655 DefaultCommand
Mar 18 05:03:53  [info] 6.291 Home
Mar 18 05:03:58  [info] 5.247 AjaxDashboard
Mar 18 05:04:00  [info] 1.043 AjaxScoreboard
Mar 18 05:04:04  [info] 4.554 DashboardFrame
Mar 18 05:05:07  [info] 61.455 Dashboard
Mar 18 05:09:19  [info] 6.05 FilterList
Mar 18 05:12:17  [info] 169.156 FilterResults
Mar 18 05:13:58  [info] 5.039 AjaxDashboard
Mar 18 05:21:39  [info] 167.823 AjaxFilterBuilder
Mar 18 05:21:44  [info] 4.392 FilterResults
Mar 18 05:21:50  [info] 6.065 FilterExport
Mar 18 05:21:57  [info] 6.496 FilterExport
Mar 18 05:22:04  [info] 7.223 FilterBuilder
Mar 18 05:24:10  [info] 3.109 AjaxDashboard
Mar 18 05:24:15  [info] 4.706 Home
Mar 18 05:24:18  [info] 2.126 AjaxDashboard
Mar 18 05:24:22  [info] 1.147 AjaxScoreboard
Mar 18 05:24:27  [info] 4.726 DashboardFrame
Mar 18 05:25:29  [info] 61.825 Dashboard
Mar 18 05:27:35  [info] 5.83 FilterList
Mar 18 05:30:36  [info] 176.249 FilterResults
Mar 18 05:30:42  [info] 5.704 Home
Mar 18 05:30:47  [info] 2.538 AjaxDashboard
Mar 18 05:31:04  [info] 5.264 DashboardFrame
Mar 18 05:31:05  [info] 1.058 AjaxScoreboard
Mar 18 05:32:05  [info] 58.904 Dashboard
Mar 18 05:32:36  [info] 6.595 FilterList
Mar 18 05:33:06  [info] 6.011 FilterExport
Mar 18 05:36:03  [info] 171.613 FilterResults
Mar 18 05:36:28  [info] 4.893 DashboardFrame
Mar 18 05:36:34  [info] 5.612 FilterList
Mar 18 05:39:23  [info] 169.184 FilterResults
Mar 18 05:40:31  [info] 67.282 Dashboard
Mar 18 05:41:37  [info] 66.878 Dashboard
Mar 18 05:45:03  [info] 205.633 AjaxFilterBuilder
Mar 18 05:45:12  [info] 8.936 FilterBuilder
Mar 18 05:45:14  [info] 2.179 AjaxDashboard
Mar 18 05:50:48  [info] 2.107 AjaxDashboard
Mar 18 05:55:54  [info] 4.853 Home
Mar 18 05:55:57  [info] 2.198 AjaxDashboard
Mar 18 05:56:02  [info] 1.126 AjaxScoreboard
Mar 18 05:56:07  [info] 4.764 DashboardFrame
Mar 18 05:57:09  [info] 60.726 Dashboard
Mar 18 05:57:14  [info] 5.109 Home
Mar 18 05:57:21  [info] 6.115 FilterList
Mar 18 05:57:28  [info] 2.251 AjaxDashboard
Mar 18 05:57:34  [info] 5.411 DashboardFrame
Mar 18 05:57:35  [info] 1.157 AjaxScoreboard
Mar 18 05:58:34  [info] 58.859 Dashboard
Mar 18 05:58:40  [info] 5.077 Home
Mar 18 05:58:49  [info] 2.726 AjaxDashboard
Mar 18 05:58:50  [info] 1.007 AjaxScoreboard
Mar 18 05:58:55  [info] 5.095 DashboardFrame
Mar 18 05:59:58  [info] 60.911 Dashboard
Mar 18 06:00:13  [info] 6.149 FilterList
Mar 18 06:00:38  [info] 6.506 FilterResults
Mar 18 06:04:13  [info] 7.492 FilterExport
Mar 18 06:04:26  [info] 7.501 FilterExport
Mar 18 06:08:13  [info] 222.542 AjaxFilterBuilder
Mar 18 06:12:05  [info] 0.167 Login
Mar 18 06:12:16  [info] 4.783 Home
Mar 18 06:12:19  [info] 2.177 AjaxDashboard
Mar 18 06:12:23  [info] 1.123 AjaxScoreboard
Mar 18 06:12:28  [info] 4.651 DashboardFrame
Mar 18 06:13:34  [info] 65.144 Dashboard
Mar 18 06:13:57  [info] 0.228 Login
Mar 18 06:24:08  [info] 4.518 Home
Mar 18 06:24:15  [info] 1.152 AjaxScoreboard
Mar 18 06:24:20  [info] 4.994 DashboardFrame
Mar 18 06:24:22  [info] 1.945 AjaxDashboard
Mar 18 06:24:51  [info] 0.156 Login
Mar 18 06:24:54  [info] 0.162 Login
Mar 18 06:24:59  [info] 0.238 Login
Mar 18 06:25:02  [info] 0.11 Login
Mar 18 06:25:11  [info] 4.631 Home
Mar 18 06:25:19  [info] 2.089 AjaxScoreboard
Mar 18 06:25:24  [info] 4.962 DashboardFrame
Mar 18 06:25:26  [info] 2.057 AjaxDashboard
Mar 18 06:25:45  [info] 19.41 Dashboard
Mar 18 06:26:00  [info] 5.609 FilterList
Mar 18 06:26:11  [info] 6.34 FilterExport
Mar 18 06:30:40  [info] 7.678 FilterResults
Mar 18 06:30:49  [info] 6.1 FilterList
Mar 18 06:41:53  [info] 201.1 AjaxFilterBuilder
Mar 18 06:42:01  [info] 7.769 FilterBuilder
Mar 18 06:42:08  [info] 6.702 FilterExport
Mar 18 06:42:16  [info] 7.517 FilterBuilder
Mar 18 06:42:21  [info] 5.383 Home
Mar 18 06:42:25  [info] 2.915 AjaxDashboard
Mar 18 06:42:30  [info] 5.267 WorkspaceSearch
Mar 18 06:42:36  [info] 5.125 Communication
Mar 18 06:42:43  [info] 6.501 ActionsFrame
Mar 18 06:42:53  [info] 9.88 NbmMonthlyPlanner
Mar 18 06:42:58  [info] 5.233 Reporting
Mar 18 06:43:02  [info] 4.105 Administration
Mar 18 06:43:08  [info] 5.532 MailerList
Mar 18 06:43:12  [info] 4.084 FilterResults
Mar 18 06:43:16  [info] 4.099 WorkspaceFilter
Mar 18 06:43:21  [info] 4.734 Search
Mar 18 06:43:26  [info] 5.234 DashboardFrame
Mar 18 06:43:28  [info] 1.15 AjaxScoreboard
Mar 18 06:43:30  [info] 2.544 AjaxDashboard
Mar 18 06:43:51  [info] 19.709 Dashboard
Mar 18 06:52:39  [info] 2.026 AjaxDashboard
Mar 18 06:53:55  [info] 5.193 Home
Mar 18 06:54:02  [info] 1.042 AjaxScoreboard
Mar 18 06:54:07  [info] 5.042 DashboardFrame
Mar 18 06:54:09  [info] 2.014 AjaxDashboard
Mar 18 06:54:28  [info] 18.066 Dashboard
Mar 18 06:54:44  [info] 9.736 NbmMonthlyPlanner
Mar 18 06:54:49  [info] 4.489 NbmMonthlyPlannerGraph4
Mar 18 06:54:55  [info] 5.439 ActionsFrame
Mar 18 06:55:03  [info] 6.467 Calendar
Mar 18 06:55:09  [info] 5.924 FilterList
Mar 18 06:55:15  [info] 5.717 CalendarDay
Mar 18 06:55:38  [info] 6.689 FilterExport
Mar 18 06:59:02  [info] 14.062 FilterResults
Mar 18 06:59:08  [info] 5.752 MailerList
Mar 18 07:01:54  [info] 5.149 Home
Mar 18 07:02:05  [info] 4.947 DashboardFrame
Mar 18 07:02:07  [info] 1.939 AjaxDashboard
Mar 18 07:02:08  [info] 0.976 AjaxScoreboard
Mar 18 07:02:26  [info] 17.95 Dashboard
Mar 18 07:02:31  [info] 5.008 ActionsFrame
Mar 18 07:02:41  [info] 9.449 NbmMonthlyPlanner
Mar 18 07:02:45  [info] 4.236 Communication
Mar 18 07:02:57  [info] 6.035 Calendar
Mar 18 07:03:01  [info] 4.294 NbmMonthlyPlannerGraph4
Mar 18 07:03:07  [info] 5.408 CalendarDay
Mar 18 07:03:11  [info] 3.978 WorkspaceSearch
Mar 18 07:03:16  [info] 5.028 Search
Mar 18 07:03:20  [info] 3.986 WorkspaceFilter
Mar 18 07:03:25  [info] 4.242 FilterResults
Mar 18 07:03:33  [info] 7.784 ParentCompany
Mar 18 07:03:40  [info] 7.017 CompanyCreate
Mar 18 07:03:46  [info] 6.148 FilterList
Mar 18 07:03:51  [info] 4.981 MailerList
Mar 18 07:03:57  [info] 5.336 Reporting
Mar 18 07:04:02  [info] 5.5 Category
Mar 18 07:04:08  [info] 5.23 Category
Mar 18 07:11:34  [info] 170.766 AjaxFilterBuilder
Mar 18 07:11:38  [info] 4.305 Administration
Mar 18 07:12:04  [info] 3.109 AjaxDashboard
Mar 18 07:12:39  [info] 4.267 FilterResults
Mar 18 07:14:22  [info] 5.576 Home
Mar 18 07:14:40  [info] 4.999 DashboardFrame
Mar 18 07:14:41  [info] 1.079 AjaxScoreboard
Mar 18 07:14:43  [info] 2.197 AjaxDashboard
Mar 18 07:15:03  [info] 18.974 Dashboard
Mar 18 07:15:08  [info] 5.17 ActionsFrame
Mar 18 07:15:18  [info] 9.96 NbmMonthlyPlanner
Mar 18 07:15:22  [info] 4.176 Communication
Mar 18 07:15:35  [info] 6.479 Calendar
Mar 18 07:15:39  [info] 4.46 NbmMonthlyPlannerGraph4
Mar 18 07:15:46  [info] 5.989 CalendarDay
Mar 18 07:18:16  [info] 5.718 FilterList
Mar 18 07:18:34  [info] 5.443 Home
Mar 18 07:18:47  [info] 4.476 DashboardFrame
Mar 18 07:18:48  [info] 1.004 AjaxScoreboard
Mar 18 07:18:50  [info] 2.002 AjaxDashboard
Mar 18 07:19:08  [info] 18.441 Dashboard
Mar 18 07:19:14  [info] 5.273 ActionsFrame
Mar 18 07:19:35  [info] 0.201 Login
Mar 18 07:19:45  [info] 4.947 Home
Mar 18 07:19:56  [info] 5.488 DashboardFrame
Mar 18 07:19:58  [info] 2.094 AjaxDashboard
Mar 18 07:19:59  [info] 1.025 AjaxScoreboard
Mar 18 07:20:18  [info] 18.906 Dashboard
Mar 18 07:20:24  [info] 5.559 ActionsFrame
Mar 18 07:20:34  [info] 9.933 NbmMonthlyPlanner
Mar 18 07:20:38  [info] 4.03 Communication
Mar 18 07:20:50  [info] 6.324 Calendar
Mar 18 07:20:55  [info] 4.653 NbmMonthlyPlannerGraph4
Mar 18 07:21:01  [info] 5.83 CalendarDay
Mar 18 07:21:07  [info] 6.033 FilterList
Mar 18 07:26:04  [info] 4.916 Home
Mar 18 07:26:16  [info] 5.539 DashboardFrame
Mar 18 07:26:18  [info] 1.131 AjaxScoreboard
Mar 18 07:26:20  [info] 2.038 AjaxDashboard
Mar 18 07:26:39  [info] 18.76 Dashboard
Mar 18 07:26:44  [info] 4.977 ActionsFrame
Mar 18 07:26:53  [info] 9.684 NbmMonthlyPlanner
Mar 18 07:26:58  [info] 4.169 Communication
Mar 18 07:27:10  [info] 6.486 Calendar
Mar 18 07:27:15  [info] 5.134 NbmMonthlyPlannerGraph4
Mar 18 07:27:21  [info] 5.833 CalendarDay
Mar 18 07:36:13  [info] 2.12 AjaxDashboard
Mar 18 07:46:14  [info] 2.087 AjaxDashboard
Mar 18 07:56:15  [info] 2.1 AjaxDashboard
Mar 18 08:06:16  [info] 2.048 AjaxDashboard
Mar 18 08:16:17  [info] 2.132 AjaxDashboard
Mar 18 08:26:18  [info] 2.188 AjaxDashboard
Mar 18 08:36:01  [info] 5.404 Home
Mar 18 08:36:12  [info] 4.992 DashboardFrame
Mar 18 08:36:13  [info] 1.035 AjaxScoreboard
Mar 18 08:36:15  [info] 2.165 AjaxDashboard
Mar 18 08:36:33  [info] 17.942 Dashboard
Mar 18 08:36:39  [info] 5.202 ActionsFrame
Mar 18 08:36:49  [info] 9.841 NbmMonthlyPlanner
Mar 18 08:36:54  [info] 4.403 Communication
Mar 18 08:37:06  [info] 6.643 Calendar
Mar 18 08:37:11  [info] 4.736 NbmMonthlyPlannerGraph4
Mar 18 08:37:17  [info] 5.67 FilterList
Mar 18 08:37:22  [info] 5.679 CalendarDay
Mar 18 08:37:29  [info] 6.356 AjaxFilterBuilder
Mar 18 08:37:35  [info] 5.801 AjaxFilterBuilder
Mar 18 08:42:34  [info] 5.557 Home
Mar 18 08:42:50  [info] 5.445 DashboardFrame
Mar 18 08:42:51  [info] 1.232 AjaxScoreboard
Mar 18 08:42:54  [info] 2.221 AjaxDashboard
Mar 18 08:43:00  [info] 5.972 FilterList
Mar 18 08:43:05  [info] 5.169 ActionsFrame
Mar 18 08:43:23  [info] 18.462 Dashboard
Mar 18 08:43:35  [info] 10.803 NbmMonthlyPlanner
Mar 18 08:43:39  [info] 4.02 Communication
Mar 18 08:43:45  [info] 6.053 AjaxFilterBuilder
Mar 18 08:43:51  [info] 5.781 AjaxFilterBuilder
Mar 18 08:43:59  [info] 8.614 Calendar
Mar 18 08:44:10  [info] 4.526 NbmMonthlyPlannerGraph4
Mar 18 08:44:17  [info] 6.035 CalendarDay
Mar 18 08:48:22  [info] 5.07 Home
Mar 18 08:48:37  [info] 5.258 DashboardFrame
Mar 18 08:48:38  [info] 1.058 AjaxScoreboard
Mar 18 08:48:40  [info] 2.123 AjaxDashboard
Mar 18 08:48:59  [info] 19.179 Dashboard
Mar 18 08:49:05  [info] 5.52 ActionsFrame
Mar 18 08:49:15  [info] 10.014 NbmMonthlyPlanner
Mar 18 08:49:20  [info] 4.312 Communication
Mar 18 08:49:32  [info] 6.444 Calendar
Mar 18 08:49:37  [info] 5.036 NbmMonthlyPlannerGraph4
Mar 18 08:49:43  [info] 5.4 CalendarDay
Mar 18 08:58:35  [info] 2.246 AjaxDashboard
Mar 18 09:08:35  [info] 2.139 AjaxDashboard
Mar 18 09:18:36  [info] 2.142 AjaxDashboard
Mar 18 09:28:37  [info] 2.04 AjaxDashboard
Mar 18 09:38:39  [info] 2.399 AjaxDashboard
Mar 18 09:48:39  [info] 2.106 AjaxDashboard
Mar 18 09:58:40  [info] 2.151 AjaxDashboard
Mar 18 10:08:41  [info] 2.201 AjaxDashboard
Mar 18 10:18:43  [info] 2.308 AjaxDashboard
Mar 18 10:28:43  [info] 2.092 AjaxDashboard
Mar 18 10:38:44  [info] 2.047 AjaxDashboard
Mar 18 10:48:45  [info] 2.013 AjaxDashboard
Mar 18 10:58:47  [info] 2.371 AjaxDashboard
Mar 18 11:08:47  [info] 2.062 AjaxDashboard
Mar 18 11:18:48  [info] 1.964 AjaxDashboard
Mar 18 11:28:49  [info] 2.125 AjaxDashboard
Mar 18 11:38:52  [info] 2.863 AjaxDashboard
Mar 18 11:48:51  [info] 2.241 AjaxDashboard
Mar 18 11:58:52  [info] 2.166 AjaxDashboard
Mar 18 12:08:54  [info] 2.31 AjaxDashboard
Mar 18 12:18:55  [info] 2.036 AjaxDashboard
Mar 18 12:22:47  [info] 5.073 Home
Mar 18 12:22:58  [info] 4.863 DashboardFrame
Mar 18 12:22:59  [info] 1.003 AjaxScoreboard
Mar 18 12:23:01  [info] 1.959 AjaxDashboard
Mar 18 12:23:18  [info] 16.893 Dashboard
Mar 18 12:23:23  [info] 5.151 ActionsFrame
Mar 18 12:23:34  [info] 10.709 NbmMonthlyPlanner
Mar 18 12:23:41  [info] 6.821 FilterList
Mar 18 12:23:45  [info] 3.965 Communication
Mar 18 12:23:56  [info] 5.443 Calendar
Mar 18 12:24:01  [info] 4.414 NbmMonthlyPlannerGraph4
Mar 18 12:24:07  [info] 6.289 AjaxFilterBuilder
Mar 18 12:24:13  [info] 5.858 AjaxFilterBuilder
Mar 18 12:24:17  [info] 4.509 CalendarDay
Mar 18 12:24:32  [info] 7.549 FilterExport
Mar 18 12:25:26  [info] 7.179 FilterExport
Mar 18 12:27:35  [info] 5 Home
Mar 18 12:27:46  [info] 3.886 DashboardFrame
Mar 18 12:27:47  [info] 0.948 AjaxScoreboard
Mar 18 12:27:48  [info] 1.935 AjaxDashboard
Mar 18 12:28:07  [info] 18.136 Dashboard
Mar 18 12:28:13  [info] 6.278 ActionsFrame
Mar 18 12:28:23  [info] 9.9 NbmMonthlyPlanner
Mar 18 12:28:27  [info] 4.124 Communication
Mar 18 12:28:39  [info] 5.97 Calendar
Mar 18 12:28:44  [info] 4.652 NbmMonthlyPlannerGraph4
Mar 18 12:28:49  [info] 4.589 CalendarDay
Mar 18 12:31:27  [info] 4.744 Home
Mar 18 12:31:39  [info] 4.298 DashboardFrame
Mar 18 12:31:41  [info] 2.072 AjaxDashboard
Mar 18 12:31:42  [info] 0.998 AjaxScoreboard
Mar 18 12:31:49  [info] 6.506 FilterList
Mar 18 12:32:07  [info] 17.653 Dashboard
Mar 18 12:32:12  [info] 5.387 ActionsFrame
Mar 18 12:32:22  [info] 10.066 NbmMonthlyPlanner
Mar 18 12:32:28  [info] 5.975 AjaxFilterBuilder
Mar 18 12:32:34  [info] 5.965 AjaxFilterBuilder
Mar 18 12:32:38  [info] 3.894 Communication
Mar 18 12:32:48  [info] 6.548 FilterExport
Mar 18 12:32:54  [info] 5.735 Calendar
Mar 18 12:33:01  [info] 4.611 NbmMonthlyPlannerGraph4
Mar 18 12:33:06  [info] 5.023 CalendarDay
Mar 18 12:41:37  [info] 2.163 AjaxDashboard
Mar 18 12:53:01  [info] 230.462 FilterResults
Mar 18 12:53:03  [info] 2.127 AjaxDashboard
Mar 18 12:53:08  [info] 4.73 Home
Mar 18 12:53:21  [info] 4.877 DashboardFrame
Mar 18 12:53:22  [info] 1.074 AjaxScoreboard
Mar 18 12:53:24  [info] 1.902 AjaxDashboard
Mar 18 12:53:43  [info] 18.345 Dashboard
Mar 18 12:53:48  [info] 4.934 ActionsFrame
Mar 18 12:53:57  [info] 9.242 NbmMonthlyPlanner
Mar 18 12:54:02  [info] 4.189 Communication
Mar 18 12:54:13  [info] 5.504 Calendar
Mar 18 12:54:18  [info] 4.944 NbmMonthlyPlannerGraph4
Mar 18 12:54:25  [info] 6.907 FilterList
Mar 18 12:54:30  [info] 4.964 CalendarDay
Mar 18 12:54:36  [info] 6.183 AjaxFilterBuilder
Mar 18 12:54:42  [info] 5.862 AjaxFilterBuilder
Mar 18 12:58:05  [info] 194.703 AjaxFilterBuilder
Mar 18 13:03:19  [info] 2.123 AjaxDashboard
Mar 18 13:04:49  [info] 7.244 FilterExport
Mar 18 13:13:20  [info] 2.031 AjaxDashboard
Mar 18 13:23:21  [info] 2.196 AjaxDashboard
Mar 18 13:24:59  [info] 5.183 Calendar
Mar 18 13:25:05  [info] 5.792 Calendar
Mar 18 13:25:11  [info] 4.574 CalendarDay
Mar 18 13:33:23  [info] 2.343 AjaxDashboard
Mar 18 13:43:25  [info] 3.033 AjaxDashboard
Mar 19 09:57:49  [info] 6.232 Home
Mar 19 09:58:09  [info] 9.141 AjaxDashboard
Mar 19 09:58:14  [info] 5.026 AjaxScoreboard
Mar 19 09:58:41  [info] 15.97 Communication
Mar 19 10:04:51  [info] 10.084 AjaxDashboard
Mar 19 10:05:05  [info] 13.127 ActionsFrame
Mar 19 10:05:55  [info] 30.389 Dashboard
Mar 19 10:27:32  [info] 5.824 Home
Mar 19 10:27:43  [info] 5.142 AjaxScoreboard
Mar 19 10:27:56  [info] 9.089 AjaxDashboard
Mar 19 10:28:10  [info] 14.248 ActionsFrame
Mar 19 10:28:28  [info] 18.137 NbmMonthlyPlanner
Mar 19 10:28:40  [info] 11.315 Communication
Mar 19 10:28:50  [info] 10.124 Calendar
Mar 19 10:29:03  [info] 12.69 NbmMonthlyPlannerGraph4
Mar 19 10:29:13  [info] 10.209 CalendarDay
Mar 19 10:39:48  [info] 0.228 Login
Mar 19 10:40:06  [info] 4.173 Login
Mar 19 10:40:17  [info] 0.157 Login
Mar 19 10:40:52  [info] 4.138 Login
Mar 19 10:41:18  [info] 12.598 Home
Mar 19 10:41:29  [info] 5.084 AjaxScoreboard
Mar 19 10:41:39  [info] 10.088 AjaxDashboard
Mar 19 10:41:50  [info] 10.873 DashboardFrame
Mar 19 10:42:04  [info] 13.982 ActionsFrame
Mar 19 10:42:34  [info] 17.479 Calendar
Mar 19 10:45:19  [info] 11.75 Home
Mar 19 10:45:40  [info] 10.444 DashboardFrame
Mar 19 10:45:41  [info] 1.091 AjaxScoreboard
Mar 19 10:45:43  [info] 2.063 AjaxDashboard
Mar 19 10:46:25  [info] 24.561 Dashboard
Mar 19 10:46:39  [info] 6.109 Login
Mar 19 10:46:58  [info] 5.58 Login
Mar 19 10:47:03  [info] 5.462 Login
Mar 19 10:47:22  [info] 7.046 WorkspaceSearch
Mar 19 10:49:10  [info] 5.07 Search
Mar 19 10:49:18  [info] 6.988 ParentCompany
Mar 19 10:49:37  [info] 18.341 CompanyCreate
Mar 19 10:52:26  [info] 15.454 Category
Mar 19 10:52:33  [info] 6.726 Login
Mar 19 11:01:28  [info] 439.18 SearchResults
Mar 19 11:01:38  [info] 10.147 AjaxDashboard
Mar 19 11:03:58  [info] 10.998 Home
Mar 19 11:04:14  [info] 4.284 AjaxScoreboard
Mar 19 11:04:27  [info] 12.668 DashboardFrame
Mar 19 11:04:52  [info] 11.857 Communication
Mar 19 11:05:11  [info] 10.952 Login
Mar 19 11:05:19  [info] 7.342 Login
Mar 19 11:05:25  [info] 6.842 Login
Mar 19 11:06:26  [info] 14.817 Login
Mar 19 11:06:50  [info] 7.436 Home
Mar 19 11:07:24  [info] 13.891 AjaxDashboard
Mar 19 11:07:31  [info] 6.873 Login
Mar 19 11:07:50  [info] 10.103 Login
Mar 19 11:08:03  [info] 13.304 NbmMonthlyPlanner
Mar 19 11:08:11  [info] 7.353 Communication
Mar 19 11:08:18  [info] 6.935 Login
Mar 19 11:13:32  [info] 10.865 NbmMonthlyPlannerGraph4
Mar 19 11:14:07  [info] 12.963 Home
Mar 19 11:14:24  [info] 8.212 DashboardFrame
Mar 19 11:14:44  [info] 8.124 ActionsFrame
Mar 19 11:15:12  [info] 27.12 Dashboard
Mar 19 11:15:31  [info] 10.889 Login
Mar 19 11:15:43  [info] 11.663 Calendar
Mar 19 11:15:56  [info] 12.928 Login
Mar 19 11:16:04  [info] 0.102 Login
Mar 19 11:16:22  [info] 6.873 Login
Mar 19 11:16:34  [info] 5.768 Login
Mar 19 11:17:48  [info] 6.208 Login
Mar 19 11:24:53  [info] 3.901 Login
Mar 19 11:25:10  [info] 4.956 Home
Mar 19 11:25:20  [info] 4.267 AjaxScoreboard
Mar 19 11:25:26  [info] 5.608 DashboardFrame
Mar 19 11:25:36  [info] 9.99 AjaxDashboard
Mar 19 11:25:49  [info] 13.349 ActionsFrame
Mar 19 11:26:10  [info] 21.115 NbmMonthlyPlanner
Mar 19 11:26:28  [info] 4.36 NbmMonthlyPlannerGraph4
Mar 19 11:26:33  [info] 5.889 Login
Mar 19 11:26:37  [info] 2.966 Login
Mar 19 11:26:40  [info] 3.829 Login
Mar 19 11:35:18  [info] 2.291 AjaxDashboard
Mar 19 11:45:19  [info] 2.12 AjaxDashboard
Mar 19 11:55:20  [info] 2.139 AjaxDashboard
Mar 19 12:05:22  [info] 3.168 AjaxDashboard
Mar 19 12:15:22  [info] 2.213 AjaxDashboard
Mar 19 12:15:48  [info] 4.705 Home
Mar 19 12:15:53  [info] 4.983 Home
Mar 19 12:15:59  [info] 5.11 DashboardFrame
Mar 19 12:16:01  [info] 2.145 AjaxScoreboard
Mar 19 12:16:03  [info] 2.037 AjaxDashboard
Mar 19 12:16:20  [info] 16.926 Dashboard
Mar 19 12:16:26  [info] 5.419 ActionsFrame
Mar 19 12:16:37  [info] 11.071 NbmMonthlyPlanner
Mar 19 12:16:44  [info] 7.122 Communication
Mar 19 12:16:57  [info] 6.723 Calendar
Mar 19 12:17:03  [info] 6.729 FilterList
Mar 19 12:17:08  [info] 4.976 NbmMonthlyPlannerGraph4
Mar 19 12:17:13  [info] 4.776 CalendarDay
Mar 19 12:17:21  [info] 7.497 AjaxFilterBuilder
Mar 19 12:17:29  [info] 7.674 AjaxFilterBuilder
Mar 19 12:25:56  [info] 2.08 AjaxDashboard
Mar 19 12:35:57  [info] 2.285 AjaxDashboard
Mar 19 12:45:58  [info] 2.203 AjaxDashboard
Mar 19 12:50:48  [info] 5.189 Home
Mar 19 12:51:01  [info] 4.731 DashboardFrame
Mar 19 12:51:02  [info] 1.089 AjaxScoreboard
Mar 19 12:51:04  [info] 1.931 AjaxDashboard
Mar 19 12:51:22  [info] 17.805 Dashboard
Mar 19 12:51:28  [info] 6.321 ActionsFrame
Mar 19 12:51:38  [info] 9.605 NbmMonthlyPlanner
Mar 19 12:51:42  [info] 3.774 Communication
Mar 19 12:51:53  [info] 5.649 Calendar
Mar 19 12:51:58  [info] 4.357 NbmMonthlyPlannerGraph4
Mar 19 12:52:03  [info] 4.81 CalendarDay
Mar 19 13:00:59  [info] 2.024 AjaxDashboard
Mar 19 13:05:39  [info] 5.82 Home
Mar 19 13:05:49  [info] 1.185 AjaxScoreboard
Mar 19 13:05:53  [info] 4.627 DashboardFrame
Mar 19 13:06:00  [info] 6.023 AjaxDashboard
Mar 19 13:06:05  [info] 5.369 ActionsFrame
Mar 19 13:06:23  [info] 17.82 Dashboard
Mar 19 13:06:33  [info] 9.715 NbmMonthlyPlanner
Mar 19 13:06:40  [info] 6.863 Communication
Mar 19 13:06:46  [info] 5.65 Calendar
Mar 19 13:06:56  [info] 4.302 NbmMonthlyPlannerGraph4
Mar 19 13:07:01  [info] 4.619 CalendarDay
Mar 19 13:12:11  [info] 5.001 Home
Mar 19 13:12:23  [info] 5.096 DashboardFrame
Mar 19 13:12:24  [info] 1.043 AjaxScoreboard
Mar 19 13:12:26  [info] 1.88 AjaxDashboard
Mar 19 13:12:43  [info] 17.128 Dashboard
Mar 19 13:12:48  [info] 5.04 ActionsFrame
Mar 19 13:12:59  [info] 10.14 NbmMonthlyPlanner
Mar 19 13:13:03  [info] 4.148 Communication
Mar 19 13:13:17  [info] 8.577 Calendar
Mar 19 13:13:27  [info] 4.285 NbmMonthlyPlannerGraph4
Mar 19 13:13:33  [info] 5.704 CalendarDay
Mar 19 13:18:15  [info] 5.089 Home
Mar 19 13:18:29  [info] 5.468 DashboardFrame
Mar 19 13:18:30  [info] 1.082 AjaxScoreboard
Mar 19 13:18:32  [info] 2.063 AjaxDashboard
Mar 19 13:18:52  [info] 19.456 Dashboard
Mar 19 13:18:57  [info] 5.468 ActionsFrame
Mar 19 13:19:08  [info] 10.391 NbmMonthlyPlanner
Mar 19 13:19:12  [info] 3.89 Communication
Mar 19 13:19:24  [info] 5.794 Calendar
Mar 19 13:19:29  [info] 5.406 NbmMonthlyPlannerGraph4
Mar 19 13:19:37  [info] 7.074 FilterList
Mar 19 13:19:56  [info] 0.319 Login
Mar 19 13:20:07  [info] 5.082 Home
Mar 19 13:20:19  [info] 6.142 DashboardFrame
Mar 19 13:20:21  [info] 2.24 AjaxDashboard
Mar 19 13:20:22  [info] 1.071 AjaxScoreboard
Mar 19 13:20:28  [info] 5.98 ActionsFrame
Mar 19 13:20:46  [info] 17.43 Dashboard
Mar 19 13:20:57  [info] 10.767 NbmMonthlyPlanner
Mar 19 13:21:01  [info] 4.278 Communication
Mar 19 13:21:12  [info] 10.623 NbmMonthlyPlanner
Mar 19 13:21:18  [info] 4.69 NbmMonthlyPlannerGraph4
Mar 19 13:30:15  [info] 2.054 AjaxDashboard
Mar 19 13:40:16  [info] 2.1 AjaxDashboard
Mar 19 13:50:17  [info] 2.167 AjaxDashboard
Mar 19 14:00:18  [info] 2.146 AjaxDashboard
Mar 19 14:10:19  [info] 2.096 AjaxDashboard
Mar 19 14:20:20  [info] 2.323 AjaxDashboard
Mar 19 14:30:21  [info] 2.098 AjaxDashboard
Mar 19 14:40:22  [info] 2.095 AjaxDashboard
Mar 19 14:50:23  [info] 2.125 AjaxDashboard
Mar 19 15:00:24  [info] 2.192 AjaxDashboard
Mar 19 15:10:25  [info] 2.007 AjaxDashboard
Mar 19 15:20:26  [info] 2.242 AjaxDashboard
Mar 19 15:30:27  [info] 1.981 AjaxDashboard
Mar 19 15:40:28  [info] 2.06 AjaxDashboard
Mar 19 15:50:29  [info] 2.141 AjaxDashboard
Mar 19 16:00:30  [info] 2.162 AjaxDashboard
Mar 19 16:10:31  [info] 1.993 AjaxDashboard
Mar 19 16:20:32  [info] 2.245 AjaxDashboard
Mar 19 16:30:33  [info] 2.149 AjaxDashboard
Mar 19 16:40:34  [info] 2.228 AjaxDashboard
Mar 19 16:50:35  [info] 2.052 AjaxDashboard
Mar 19 17:00:36  [info] 2.071 AjaxDashboard
Mar 19 17:10:37  [info] 1.99 AjaxDashboard
Mar 19 17:20:38  [info] 2.27 AjaxDashboard
Mar 19 17:30:39  [info] 1.976 AjaxDashboard
Mar 19 17:40:40  [info] 2.065 AjaxDashboard
Mar 19 17:50:41  [info] 2.114 AjaxDashboard
Mar 19 18:00:42  [info] 2.063 AjaxDashboard
Mar 19 18:10:43  [info] 2.21 AjaxDashboard
Mar 19 18:20:44  [info] 2.234 AjaxDashboard
Mar 19 18:30:45  [info] 2.06 AjaxDashboard
Mar 19 18:40:46  [info] 2.237 AjaxDashboard
Mar 19 18:50:47  [info] 2.171 AjaxDashboard
Mar 19 19:00:48  [info] 2.17 AjaxDashboard
Mar 19 19:10:49  [info] 2.184 AjaxDashboard
Mar 19 19:20:50  [info] 2.27 AjaxDashboard
Mar 19 19:30:51  [info] 2.09 AjaxDashboard
Mar 19 19:40:52  [info] 2.167 AjaxDashboard
Mar 19 19:50:53  [info] 2.187 AjaxDashboard
Mar 19 20:00:54  [info] 2.077 AjaxDashboard
Mar 19 20:10:55  [info] 2.216 AjaxDashboard
Mar 19 20:20:56  [info] 2.207 AjaxDashboard
Mar 19 20:30:57  [info] 2.114 AjaxDashboard
Mar 19 20:40:58  [info] 2.21 AjaxDashboard
Mar 19 20:50:59  [info] 2.348 AjaxDashboard
Mar 19 21:01:00  [info] 2.118 AjaxDashboard
Mar 19 21:11:01  [info] 2.105 AjaxDashboard
Mar 19 21:21:02  [info] 2.351 AjaxDashboard
Mar 19 21:31:03  [info] 2.041 AjaxDashboard
Mar 19 21:41:04  [info] 2.031 AjaxDashboard
Mar 19 21:51:05  [info] 2.097 AjaxDashboard
Mar 19 22:01:06  [info] 2.114 AjaxDashboard
Mar 19 22:11:07  [info] 2.068 AjaxDashboard
Mar 19 22:21:08  [info] 1.971 AjaxDashboard
Mar 19 22:31:09  [info] 2.277 AjaxDashboard
Mar 19 22:41:10  [info] 2.078 AjaxDashboard
Mar 19 22:51:11  [info] 2.133 AjaxDashboard
Mar 19 23:01:12  [info] 2.127 AjaxDashboard
Mar 19 23:11:13  [info] 2.066 AjaxDashboard
Mar 19 23:21:14  [info] 2.02 AjaxDashboard
Mar 19 23:31:15  [info] 2.103 AjaxDashboard
Mar 19 23:41:16  [info] 2.227 AjaxDashboard
Mar 19 23:51:17  [info] 2.177 AjaxDashboard
Mar 20 00:01:19  [info] 2.457 AjaxDashboard
Mar 20 00:11:19  [info] 2.527 AjaxDashboard
Mar 20 00:21:22  [info] 3.67 AjaxDashboard
Mar 20 00:31:21  [info] 2.019 AjaxDashboard
Mar 20 00:41:22  [info] 2.107 AjaxDashboard
Mar 20 00:51:23  [info] 2.182 AjaxDashboard
Mar 20 01:01:29  [info] 2.178 AjaxDashboard
Mar 20 01:11:30  [info] 2.072 AjaxDashboard
Mar 20 01:21:31  [info] 2.094 AjaxDashboard
Mar 20 01:31:31  [info] 1.949 AjaxDashboard
Mar 20 01:41:33  [info] 2.361 AjaxDashboard
Mar 20 01:51:34  [info] 2.194 AjaxDashboard
Mar 20 02:01:34  [info] 1.998 AjaxDashboard
Mar 20 02:11:36  [info] 2.056 AjaxDashboard
Mar 20 02:21:37  [info] 2.057 AjaxDashboard
Mar 20 02:31:38  [info] 2.163 AjaxDashboard
Mar 20 02:41:39  [info] 2.133 AjaxDashboard
Mar 20 02:51:40  [info] 2.097 AjaxDashboard
Mar 20 03:01:41  [info] 2.063 AjaxDashboard
Mar 20 03:11:42  [info] 2.07 AjaxDashboard
Mar 20 03:21:43  [info] 2.027 AjaxDashboard
Mar 20 03:31:44  [info] 2.068 AjaxDashboard
Mar 20 03:41:45  [info] 2.033 AjaxDashboard
Mar 20 03:51:46  [info] 2.056 AjaxDashboard
Mar 20 04:01:46  [info] 1.96 AjaxDashboard
Mar 20 04:11:48  [info] 2.04 AjaxDashboard
Mar 20 04:21:49  [info] 2.056 AjaxDashboard
Mar 20 04:31:50  [info] 2.143 AjaxDashboard
Mar 20 04:34:44  [info] 6.949 FilterList
Mar 20 04:34:52  [info] 6.788 AjaxFilterBuilder
Mar 20 04:34:58  [info] 5.955 AjaxFilterBuilder
Mar 20 04:36:28  [info] 5.01 Home
Mar 20 04:36:39  [info] 5.323 DashboardFrame
Mar 20 04:36:41  [info] 1.985 AjaxDashboard
Mar 20 04:36:42  [info] 0.917 AjaxScoreboard
Mar 20 04:37:00  [info] 17.137 Dashboard
Mar 20 04:37:05  [info] 5.04 ActionsFrame
Mar 20 04:37:14  [info] 9.557 NbmMonthlyPlanner
Mar 20 04:37:18  [info] 4 Communication
Mar 20 04:37:30  [info] 5.511 Calendar
Mar 20 04:37:34  [info] 4.443 NbmMonthlyPlannerGraph4
Mar 20 04:37:41  [info] 6.829 FilterList
Mar 20 04:37:46  [info] 4.911 CalendarDay
Mar 20 04:37:53  [info] 6.359 AjaxFilterBuilder
Mar 20 04:37:58  [info] 5.584 AjaxFilterBuilder
Mar 20 04:38:05  [info] 6.967 FilterExport
Mar 20 04:40:46  [info] 161.013 FilterResults
Mar 20 04:40:52  [info] 5.166 Home
Mar 20 04:41:02  [info] 3.978 DashboardFrame
Mar 20 04:41:04  [info] 1.284 AjaxScoreboard
Mar 20 04:41:05  [info] 1.93 AjaxDashboard
Mar 20 04:41:24  [info] 18.001 Dashboard
Mar 20 04:41:29  [info] 5.519 ActionsFrame
Mar 20 04:41:39  [info] 9.73 NbmMonthlyPlanner
Mar 20 04:41:43  [info] 4.075 Communication
Mar 20 04:41:55  [info] 5.871 Calendar
Mar 20 04:42:00  [info] 4.413 NbmMonthlyPlannerGraph4
Mar 20 04:42:06  [info] 6.34 FilterList
Mar 20 04:42:11  [info] 4.891 CalendarDay
Mar 20 04:42:18  [info] 6.375 AjaxFilterBuilder
Mar 20 04:42:23  [info] 5.575 AjaxFilterBuilder
Mar 20 04:42:47  [info] 7.245 FilterExport
Mar 20 04:43:02  [info] 6.968 FilterExport
Mar 20 04:45:38  [info] 156.63 AjaxFilterBuilder
Mar 20 04:45:43  [info] 4.961 Home
Mar 20 04:45:49  [info] 5.039 Home
Mar 20 04:45:56  [info] 6.926 FilterExport
Mar 20 04:45:57  [info] 1.227 AjaxScoreboard
Mar 20 04:45:59  [info] 2.111 AjaxDashboard
Mar 20 04:46:04  [info] 5.034 DashboardFrame
Mar 20 04:46:10  [info] 5.466 ActionsFrame
Mar 20 04:46:21  [info] 10.471 NbmMonthlyPlanner
Mar 20 04:46:39  [info] 18.667 Dashboard
Mar 20 04:46:44  [info] 4.33 Communication
Mar 20 04:46:49  [info] 5.422 Calendar
Mar 20 04:46:54  [info] 4.45 NbmMonthlyPlannerGraph4
Mar 20 04:47:07  [info] 7.092 FilterList
Mar 20 04:47:12  [info] 5.05 CalendarDay
Mar 20 04:47:19  [info] 6.337 AjaxFilterBuilder
Mar 20 04:47:24  [info] 5.763 AjaxFilterBuilder
Mar 20 04:51:31  [info] 160.405 FilterResults
Mar 20 04:51:49  [info] 8.091 FilterBuilder
Mar 20 04:52:22  [info] 6.927 FilterResults
Mar 20 04:55:59  [info] 3.128 AjaxDashboard
Mar 20 05:05:59  [info] 2.132 AjaxDashboard
Mar 20 05:09:11  [info] 4.987 Home
Mar 20 05:09:23  [info] 5.048 DashboardFrame
Mar 20 05:09:24  [info] 1.135 AjaxScoreboard
Mar 20 05:09:26  [info] 1.984 AjaxDashboard
Mar 20 05:09:44  [info] 18.015 Dashboard
Mar 20 05:09:49  [info] 5.114 ActionsFrame
Mar 20 05:09:59  [info] 9.353 NbmMonthlyPlanner
Mar 20 05:10:03  [info] 3.865 Communication
Mar 20 05:10:14  [info] 5.298 Calendar
Mar 20 05:10:19  [info] 4.701 NbmMonthlyPlannerGraph4
Mar 20 05:10:23  [info] 4.627 CalendarDay
Mar 20 05:10:40  [info] 6.839 FilterList
Mar 20 05:10:47  [info] 6.636 AjaxFilterBuilder
Mar 20 05:10:54  [info] 6.489 AjaxFilterBuilder
Mar 20 05:11:09  [info] 6.882 FilterExport
Mar 20 05:13:55  [info] 159.167 AjaxFilterBuilder
Mar 20 05:14:00  [info] 4.91 Search
Mar 20 05:14:05  [info] 5.032 Home
Mar 20 05:14:11  [info] 5.628 ParentCompany
Mar 20 05:14:17  [info] 6.256 CompanyCreate
Mar 20 05:14:19  [info] 2.133 AjaxDashboard
Mar 20 05:14:24  [info] 4.705 DashboardFrame
Mar 20 05:14:28  [info] 4.099 AjaxScoreboard
Mar 20 05:14:34  [info] 5.496 ActionsFrame
Mar 20 05:14:44  [info] 10.111 NbmMonthlyPlanner
Mar 20 05:14:50  [info] 6.051 Home
Mar 20 05:15:08  [info] 17.808 Dashboard
Mar 20 05:15:12  [info] 3.785 Communication
Mar 20 05:15:18  [info] 6.301 Calendar
Mar 20 05:15:23  [info] 4.511 NbmMonthlyPlannerGraph4
Mar 20 05:15:27  [info] 4.013 DashboardFrame
Mar 20 05:15:29  [info] 1.985 AjaxDashboard
Mar 20 05:15:30  [info] 1.005 AjaxScoreboard
Mar 20 05:15:35  [info] 5.088 ActionsFrame
Mar 20 05:15:45  [info] 9.693 NbmMonthlyPlanner
Mar 20 05:15:49  [info] 4.024 Communication
Mar 20 05:16:07  [info] 17.847 Dashboard
Mar 20 05:16:12  [info] 5.188 Calendar
Mar 20 05:16:17  [info] 4.262 NbmMonthlyPlannerGraph4
Mar 20 05:16:21  [info] 4.623 Home
Mar 20 05:16:30  [info] 8.697 FilterList
Mar 20 05:16:43  [info] 4.624 CalendarDay
Mar 20 05:16:45  [info] 1.105 AjaxScoreboard
Mar 20 05:16:49  [info] 4.052 DashboardFrame
Mar 20 05:16:51  [info] 1.943 AjaxDashboard
Mar 20 05:16:56  [info] 5.449 ActionsFrame
Mar 20 05:17:06  [info] 9.914 NbmMonthlyPlanner
Mar 20 05:17:25  [info] 18.672 Dashboard
Mar 20 05:17:29  [info] 4.304 Communication
Mar 20 05:17:35  [info] 5.641 Calendar
Mar 20 05:17:40  [info] 4.299 NbmMonthlyPlannerGraph4
Mar 20 05:17:50  [info] 4.81 CalendarDay
Mar 20 05:26:36  [info] 2.049 AjaxDashboard
Mar 20 05:36:37  [info] 2.063 AjaxDashboard
Mar 20 05:46:38  [info] 2.325 AjaxDashboard
Mar 20 05:56:39  [info] 2.02 AjaxDashboard
Mar 20 06:06:40  [info] 2.155 AjaxDashboard
Mar 20 06:16:41  [info] 2.03 AjaxDashboard
Mar 20 06:26:42  [info] 2.343 AjaxDashboard
Mar 20 06:36:45  [info] 4.179 AjaxDashboard
Mar 20 06:46:44  [info] 2.168 AjaxDashboard
Mar 20 06:56:45  [info] 2.094 AjaxDashboard
Mar 20 07:06:46  [info] 2.065 AjaxDashboard
Mar 20 07:16:47  [info] 2.359 AjaxDashboard
Mar 20 07:26:48  [info] 2.102 AjaxDashboard
Mar 20 07:36:49  [info] 2.05 AjaxDashboard
Mar 20 07:46:50  [info] 2.144 AjaxDashboard
Mar 20 07:56:51  [info] 2.022 AjaxDashboard
Mar 20 08:06:52  [info] 2.177 AjaxDashboard
Mar 20 08:16:53  [info] 2.088 AjaxDashboard
Mar 20 08:26:55  [info] 3.264 AjaxDashboard
Mar 20 08:36:55  [info] 2.243 AjaxDashboard
Mar 20 08:46:56  [info] 2.162 AjaxDashboard
Mar 20 08:56:57  [info] 2.232 AjaxDashboard
Mar 20 09:06:57  [info] 1.992 AjaxDashboard
Mar 20 09:16:59  [info] 2.1 AjaxDashboard
Mar 20 09:27:00  [info] 2.283 AjaxDashboard
Mar 20 09:37:01  [info] 2.008 AjaxDashboard
Mar 20 09:47:02  [info] 2.383 AjaxDashboard
Mar 20 09:57:03  [info] 2.143 AjaxDashboard
Mar 20 10:07:04  [info] 2.035 AjaxDashboard
Mar 20 10:17:05  [info] 2.176 AjaxDashboard
Mar 20 10:27:07  [info] 3.058 AjaxDashboard
Mar 20 10:37:07  [info] 2.081 AjaxDashboard
Mar 20 10:47:08  [info] 2.215 AjaxDashboard
Mar 20 10:57:09  [info] 2.068 AjaxDashboard
Mar 20 11:07:09  [info] 1.995 AjaxDashboard
Mar 20 11:17:11  [info] 2.225 AjaxDashboard
Mar 20 11:27:12  [info] 2.227 AjaxDashboard
Mar 20 11:37:13  [info] 2.112 AjaxDashboard
Mar 20 11:47:14  [info] 2.294 AjaxDashboard
Mar 20 11:57:15  [info] 2.186 AjaxDashboard
Mar 20 12:07:16  [info] 2.165 AjaxDashboard
Mar 20 12:17:17  [info] 2.061 AjaxDashboard
Mar 20 12:27:18  [info] 2.046 AjaxDashboard
Mar 20 12:37:19  [info] 2.149 AjaxDashboard
Mar 20 12:47:20  [info] 2.573 AjaxDashboard
Mar 20 12:57:21  [info] 2.177 AjaxDashboard
Mar 20 13:07:22  [info] 2.154 AjaxDashboard
Mar 20 13:17:23  [info] 2.163 AjaxDashboard
Mar 20 13:27:24  [info] 2.302 AjaxDashboard
Mar 20 13:37:25  [info] 2.18 AjaxDashboard
Mar 20 13:47:26  [info] 2.215 AjaxDashboard
Mar 20 13:57:27  [info] 2.174 AjaxDashboard
Mar 20 14:07:28  [info] 2.039 AjaxDashboard
Mar 20 14:17:29  [info] 2.157 AjaxDashboard
Mar 20 14:27:30  [info] 2.167 AjaxDashboard
Mar 20 14:37:31  [info] 2.177 AjaxDashboard
Mar 20 14:47:32  [info] 2.488 AjaxDashboard
Mar 20 14:57:33  [info] 2.166 AjaxDashboard
Mar 20 15:07:34  [info] 2.382 AjaxDashboard
Mar 20 15:17:35  [info] 2.526 AjaxDashboard
Mar 20 15:27:36  [info] 2.105 AjaxDashboard
Mar 20 15:37:37  [info] 2.353 AjaxDashboard
Mar 20 15:47:38  [info] 2.29 AjaxDashboard
Mar 20 15:57:39  [info] 2.075 AjaxDashboard
Mar 20 16:07:40  [info] 2.192 AjaxDashboard
Mar 20 16:17:41  [info] 2.186 AjaxDashboard
Mar 20 16:27:42  [info] 2.115 AjaxDashboard
Mar 20 16:37:43  [info] 2.074 AjaxDashboard
Mar 20 16:47:44  [info] 2.327 AjaxDashboard
Mar 20 16:57:45  [info] 2.153 AjaxDashboard
Mar 20 17:07:46  [info] 2.151 AjaxDashboard
Mar 20 17:17:47  [info] 2.088 AjaxDashboard
Mar 20 17:27:48  [info] 2.217 AjaxDashboard
Mar 20 17:37:49  [info] 2.072 AjaxDashboard
Mar 20 17:47:50  [info] 2.614 AjaxDashboard
Mar 20 17:57:51  [info] 2.11 AjaxDashboard
Mar 20 18:07:52  [info] 2.064 AjaxDashboard
Mar 20 18:17:52  [info] 2.008 AjaxDashboard
Mar 20 18:27:54  [info] 2.179 AjaxDashboard
Mar 20 18:37:55  [info] 2.116 AjaxDashboard
Mar 20 18:47:56  [info] 2.452 AjaxDashboard
Mar 20 18:57:57  [info] 2.077 AjaxDashboard
Mar 20 19:07:58  [info] 2.017 AjaxDashboard
Mar 20 19:17:58  [info] 1.931 AjaxDashboard
Mar 20 19:28:00  [info] 2.04 AjaxDashboard
Mar 20 19:38:01  [info] 2.096 AjaxDashboard
Mar 20 19:48:02  [info] 2.302 AjaxDashboard
Mar 20 19:58:03  [info] 2.299 AjaxDashboard
Mar 20 20:08:04  [info] 2.306 AjaxDashboard
Mar 20 20:18:05  [info] 2.081 AjaxDashboard
Mar 20 20:28:06  [info] 2.065 AjaxDashboard
Mar 20 20:38:07  [info] 2.067 AjaxDashboard
Mar 20 20:48:08  [info] 2.04 AjaxDashboard
Mar 20 20:58:08  [info] 1.986 AjaxDashboard
Mar 20 21:08:10  [info] 2.423 AjaxDashboard
Mar 20 21:18:11  [info] 2.149 AjaxDashboard
Mar 20 21:28:12  [info] 2.096 AjaxDashboard
Mar 20 21:38:13  [info] 2.392 AjaxDashboard
Mar 20 21:48:14  [info] 2.08 AjaxDashboard
Mar 20 21:58:15  [info] 2.011 AjaxDashboard
Mar 20 22:08:16  [info] 2.426 AjaxDashboard
Mar 20 22:18:17  [info] 2.062 AjaxDashboard
Mar 20 22:28:17  [info] 1.956 AjaxDashboard
Mar 20 22:38:19  [info] 2.105 AjaxDashboard
Mar 20 22:48:20  [info] 2.078 AjaxDashboard
Mar 20 22:58:21  [info] 2.156 AjaxDashboard
Mar 20 23:08:22  [info] 2.328 AjaxDashboard
Mar 20 23:18:23  [info] 2.088 AjaxDashboard
Mar 20 23:28:24  [info] 2.129 AjaxDashboard
Mar 20 23:38:25  [info] 2.096 AjaxDashboard
Mar 20 23:48:26  [info] 2.114 AjaxDashboard
Mar 20 23:58:27  [info] 2.121 AjaxDashboard
Mar 21 00:08:28  [info] 2.553 AjaxDashboard
Mar 21 00:18:29  [info] 2.122 AjaxDashboard
Mar 21 00:28:30  [info] 2.186 AjaxDashboard
Mar 21 00:38:31  [info] 2.18 AjaxDashboard
Mar 21 00:48:32  [info] 2.025 AjaxDashboard
Mar 21 00:58:37  [info] 2.03 AjaxDashboard
Mar 21 01:08:39  [info] 2.368 AjaxDashboard
Mar 21 01:18:39  [info] 2.035 AjaxDashboard
Mar 21 01:28:40  [info] 2.081 AjaxDashboard
Mar 21 01:38:41  [info] 2.08 AjaxDashboard
Mar 21 01:48:42  [info] 2.051 AjaxDashboard
Mar 21 01:58:43  [info] 2.122 AjaxDashboard
Mar 21 02:08:45  [info] 2.372 AjaxDashboard
Mar 21 02:18:45  [info] 2.112 AjaxDashboard
Mar 21 02:28:46  [info] 1.956 AjaxDashboard
Mar 21 02:38:47  [info] 2.117 AjaxDashboard
Mar 21 02:48:48  [info] 1.959 AjaxDashboard
Mar 21 02:58:49  [info] 2.136 AjaxDashboard
Mar 21 03:08:50  [info] 2.161 AjaxDashboard
Mar 21 03:18:51  [info] 2.154 AjaxDashboard
Mar 21 03:28:52  [info] 2.205 AjaxDashboard
Mar 21 03:38:53  [info] 2.224 AjaxDashboard
Mar 21 03:48:54  [info] 2.082 AjaxDashboard
Mar 21 03:58:55  [info] 2.03 AjaxDashboard
Mar 21 04:08:56  [info] 2.178 AjaxDashboard
Mar 21 04:18:57  [info] 2.042 AjaxDashboard
Mar 21 04:28:58  [info] 2.012 AjaxDashboard
Mar 21 04:38:59  [info] 2.135 AjaxDashboard
Mar 21 04:49:01  [info] 2.297 AjaxDashboard
Mar 21 04:59:01  [info] 1.993 AjaxDashboard
Mar 21 05:09:03  [info] 2.46 AjaxDashboard
Mar 21 05:19:03  [info] 2.201 AjaxDashboard
Mar 21 05:29:04  [info] 2.073 AjaxDashboard
Mar 21 05:39:05  [info] 2.165 AjaxDashboard
Mar 21 05:49:06  [info] 1.989 AjaxDashboard
Mar 23 06:59:37  [info] 5.09 Home
Mar 23 06:59:44  [info] 4.864 DashboardFrame
Mar 23 06:59:45  [info] 1.123 AjaxScoreboard
Mar 23 06:59:47  [info] 1.989 AjaxDashboard
Mar 23 07:00:05  [info] 17.94 Dashboard
Mar 23 07:00:11  [info] 5.517 ActionsFrame
Mar 23 07:00:21  [info] 9.741 NbmMonthlyPlanner
Mar 23 07:00:25  [info] 3.996 Communication
Mar 23 07:00:30  [info] 5.183 Home
Mar 23 07:00:42  [info] 5.805 Calendar
Mar 23 07:00:46  [info] 4.387 NbmMonthlyPlannerGraph4
Mar 23 07:00:48  [info] 1.912 AjaxDashboard
Mar 23 07:00:49  [info] 0.989 AjaxScoreboard
Mar 23 07:00:53  [info] 3.944 DashboardFrame
Mar 23 07:00:59  [info] 5.396 ActionsFrame
Mar 23 07:01:09  [info] 9.767 NbmMonthlyPlanner
Mar 23 07:01:13  [info] 4.166 Communication
Mar 23 07:01:32  [info] 18.899 Dashboard
Mar 23 07:01:38  [info] 5.802 Calendar
Mar 23 07:01:43  [info] 4.736 NbmMonthlyPlannerGraph4
Mar 23 07:01:54  [info] 4.848 CalendarDay
Mar 23 07:02:09  [info] 5.477 Calendar
Mar 23 07:02:14  [info] 5.076 CalendarDay
Mar 23 07:02:21  [info] 4.475 ActionCreate
Mar 23 07:08:10  [info] 4.429 ActionCreate
Mar 23 07:09:45  [info] 4.261 ActionCreate
Mar 23 07:10:34  [info] 2.054 AjaxDashboard
Mar 23 07:10:51  [info] 4.872 Home
Mar 23 07:10:54  [info] 1.12 AjaxScoreboard
Mar 23 07:10:59  [info] 4.985 DashboardFrame
Mar 23 07:11:01  [info] 2.077 AjaxDashboard
Mar 23 07:11:07  [info] 5.786 ActionsFrame
Mar 23 07:11:25  [info] 18.08 Dashboard
Mar 23 07:11:35  [info] 10.353 NbmMonthlyPlanner
Mar 23 07:11:40  [info] 4.783 Communication
Mar 23 07:11:46  [info] 5.606 Calendar
Mar 23 07:11:57  [info] 4.684 NbmMonthlyPlannerGraph4
Mar 23 07:12:01  [info] 4.523 CalendarDay
Mar 23 07:12:08  [info] 6.416 Calendar
Mar 23 07:12:12  [info] 3.949 ActionCreate
Mar 23 07:12:17  [info] 4.939 CalendarDay
Mar 23 07:12:25  [info] 5.117 ActionCreate
Mar 23 07:13:29  [info] 4.176 ActionCreate
Mar 23 07:13:33  [info] 3.799 ActionCreate
Mar 23 07:14:12  [info] 3.947 ActionCreate
Mar 23 07:14:23  [info] 5.373 Home
Mar 23 07:14:31  [info] 5.038 Home
Mar 23 07:14:41  [info] 3.896 DashboardFrame
Mar 23 07:14:42  [info] 0.982 AjaxScoreboard
Mar 23 07:14:44  [info] 2.174 AjaxDashboard
Mar 23 07:15:02  [info] 18.026 Dashboard
Mar 23 07:15:07  [info] 4.981 ActionsFrame
Mar 23 07:15:17  [info] 9.679 NbmMonthlyPlanner
Mar 23 07:15:21  [info] 4.037 Communication
Mar 23 07:15:32  [info] 5.633 Calendar
Mar 23 07:15:36  [info] 4.362 NbmMonthlyPlannerGraph4
Mar 23 07:15:41  [info] 4.618 CalendarDay
Mar 23 07:15:47  [info] 5.626 Calendar
Mar 23 07:15:51  [info] 3.948 ActionCreate
Mar 23 07:15:56  [info] 4.717 CalendarDay
Mar 23 07:16:01  [info] 5.368 Calendar
Mar 23 07:16:05  [info] 3.726 ActionCreate
Mar 23 07:16:10  [info] 4.649 CalendarDay
Mar 23 07:16:20  [info] 3.726 ActionCreate
Mar 23 07:16:27  [info] 4.447 ActionCreate
Mar 23 07:16:33  [info] 5.684 Calendar
Mar 23 07:16:39  [info] 4.459 CalendarDay
Mar 23 07:18:19  [info] 4.914 Home
Mar 23 07:18:30  [info] 5.076 DashboardFrame
Mar 23 07:18:32  [info] 1.06 AjaxScoreboard
Mar 23 07:18:34  [info] 2.045 AjaxDashboard
Mar 23 07:18:52  [info] 18.675 Dashboard
Mar 23 07:18:58  [info] 5.309 ActionsFrame
Mar 23 07:19:07  [info] 9.325 NbmMonthlyPlanner
Mar 23 07:19:11  [info] 4.007 Communication
Mar 23 07:19:22  [info] 5.622 Calendar
Mar 23 07:19:27  [info] 4.307 NbmMonthlyPlannerGraph4
Mar 23 07:19:31  [info] 4.437 CalendarDay
Mar 23 07:19:40  [info] 5.235 Calendar
Mar 23 07:19:46  [info] 5.146 CalendarDay
Mar 23 07:19:53  [info] 3.821 ActionCreate
Mar 23 07:20:00  [info] 4.441 ActionCreate
Mar 23 07:20:05  [info] 5.34 Calendar
Mar 23 07:20:11  [info] 4.803 CalendarDay
Mar 23 07:20:33  [info] 5.449 ActionCreate
Mar 23 07:20:42  [info] 4.691 ActionCreate
Mar 23 07:20:47  [info] 4.682 Calendar
Mar 23 07:20:53  [info] 4.866 CalendarDay
Mar 23 07:20:59  [info] 5.462 Calendar
Mar 23 07:21:03  [info] 4.643 ActionCreate
Mar 23 07:21:08  [info] 4.743 CalendarDay
Mar 23 07:21:20  [info] 5.557 Calendar
Mar 23 07:21:26  [info] 4.763 CalendarDay
Mar 23 07:21:54  [info] 5.85 Calendar
Mar 23 07:22:00  [info] 4.834 CalendarDay
Mar 23 07:22:08  [info] 4.18 EventCreate
Mar 23 07:24:06  [info] 4.605 EventCreate
Mar 23 07:24:13  [info] 3.878 EventCreate
Mar 23 07:24:19  [info] 4.205 EventCreate
Mar 23 07:24:31  [info] 6.625 Calendar
Mar 23 07:24:37  [info] 4.79 CalendarDay
Mar 23 07:24:48  [info] 3.96 EventCreate
Mar 23 07:25:26  [info] 6.113 Calendar
Mar 23 07:25:34  [info] 4.874 CalendarDay
Mar 23 07:28:28  [info] 2.358 AjaxDashboard
Mar 23 07:29:12  [info] 5.021 Home
Mar 23 07:29:24  [info] 4.638 DashboardFrame
Mar 23 07:29:25  [info] 1.039 AjaxScoreboard
Mar 23 07:29:27  [info] 1.918 AjaxDashboard
Mar 23 07:29:47  [info] 19.94 Dashboard
Mar 23 07:29:52  [info] 5.253 ActionsFrame
Mar 23 07:30:02  [info] 9.889 NbmMonthlyPlanner
Mar 23 07:30:06  [info] 3.848 Communication
Mar 23 07:30:17  [info] 5.545 Calendar
Mar 23 07:30:22  [info] 4.614 NbmMonthlyPlannerGraph4
Mar 23 07:30:27  [info] 4.851 CalendarDay
Mar 23 07:39:22  [info] 2.153 AjaxDashboard
Mar 23 07:49:23  [info] 2.146 AjaxDashboard
Mar 23 07:59:24  [info] 2.182 AjaxDashboard
Mar 23 08:09:26  [info] 2.589 AjaxDashboard
Mar 23 08:19:26  [info] 2.117 AjaxDashboard
Mar 23 08:27:08  [info] 4.878 Home
Mar 23 08:27:15  [info] 1.099 AjaxScoreboard
Mar 23 08:27:20  [info] 4.828 DashboardFrame
Mar 23 08:27:22  [info] 2.158 AjaxDashboard
Mar 23 08:27:28  [info] 5.476 ActionsFrame
Mar 23 08:27:48  [info] 20.274 Dashboard
Mar 23 08:27:58  [info] 9.771 NbmMonthlyPlanner
Mar 23 08:28:04  [info] 5.968 Calendar
Mar 23 08:28:08  [info] 3.799 Communication
Mar 23 08:28:18  [info] 4.578 NbmMonthlyPlannerGraph4
Mar 23 08:28:24  [info] 5.014 CalendarDay
Mar 23 08:30:04  [info] 4.44 ActionCreate
Mar 23 08:30:13  [info] 5.295 Home
Mar 23 08:30:22  [info] 4.164 DashboardFrame
Mar 23 08:30:23  [info] 1.027 AjaxScoreboard
Mar 23 08:30:25  [info] 2.091 AjaxDashboard
Mar 23 08:30:46  [info] 20.228 Dashboard
Mar 23 08:30:51  [info] 5.454 ActionsFrame
Mar 23 08:31:02  [info] 10.577 NbmMonthlyPlanner
Mar 23 08:31:06  [info] 4.291 Communication
Mar 23 08:31:18  [info] 5.713 Calendar
Mar 23 08:31:23  [info] 4.901 NbmMonthlyPlannerGraph4
Mar 23 08:31:28  [info] 5.085 CalendarDay
Mar 23 08:34:35  [info] 5.046 Home
Mar 23 08:34:46  [info] 5.106 DashboardFrame
Mar 23 08:34:47  [info] 1.11 AjaxScoreboard
Mar 23 08:34:49  [info] 2.036 AjaxDashboard
Mar 23 08:35:10  [info] 20.627 Dashboard
Mar 23 08:35:15  [info] 5.546 ActionsFrame
Mar 23 08:35:26  [info] 10.223 NbmMonthlyPlanner
Mar 23 08:35:30  [info] 4.058 Communication
Mar 23 08:35:41  [info] 5.673 Calendar
Mar 23 08:35:46  [info] 4.855 NbmMonthlyPlannerGraph4
Mar 23 08:35:51  [info] 4.963 CalendarDay
Mar 23 08:44:43  [info] 2.158 AjaxDashboard
Mar 23 08:46:05  [info] 5.354 Home
Mar 23 08:46:15  [info] 1.208 AjaxScoreboard
Mar 23 08:46:21  [info] 5.177 DashboardFrame
Mar 23 08:46:23  [info] 2.082 AjaxDashboard
Mar 23 08:46:29  [info] 5.774 ActionsFrame
Mar 23 08:46:48  [info] 19.901 Dashboard
Mar 23 08:46:59  [info] 10.389 NbmMonthlyPlanner
Mar 23 08:47:05  [info] 5.675 Calendar
Mar 23 08:47:09  [info] 4.154 Communication
Mar 23 08:47:20  [info] 4.508 NbmMonthlyPlannerGraph4
Mar 23 08:47:25  [info] 5.112 CalendarDay
Mar 23 08:56:17  [info] 2.146 AjaxDashboard
Mar 23 08:56:48  [info] 5.265 Home
Mar 23 08:57:00  [info] 5.068 DashboardFrame
Mar 23 08:57:01  [info] 1.119 AjaxScoreboard
Mar 23 08:57:03  [info] 2.068 AjaxDashboard
Mar 23 08:57:23  [info] 19.906 Dashboard
Mar 23 08:57:29  [info] 5.553 ActionsFrame
Mar 23 08:57:39  [info] 10.134 NbmMonthlyPlanner
Mar 23 08:57:43  [info] 4.057 Communication
Mar 23 08:57:54  [info] 5.186 Calendar
Mar 23 08:57:59  [info] 4.94 NbmMonthlyPlannerGraph4
Mar 23 08:58:04  [info] 4.425 CalendarDay
Mar 23 09:01:12  [info] 4.921 Home
Mar 23 09:01:21  [info] 3.093 AjaxDashboard
Mar 23 09:01:22  [info] 1.035 AjaxScoreboard
Mar 23 09:01:26  [info] 4.038 DashboardFrame
Mar 23 09:01:32  [info] 5.452 ActionsFrame
Mar 23 09:01:50  [info] 18.633 Dashboard
Mar 23 09:02:01  [info] 10.383 NbmMonthlyPlanner
Mar 23 09:02:06  [info] 5.01 Calendar
Mar 23 09:02:10  [info] 4.05 Communication
Mar 23 09:02:21  [info] 4.337 NbmMonthlyPlannerGraph4
Mar 23 09:02:25  [info] 4.263 CalendarDay
Mar 23 09:09:01  [info] 5.768 Home
Mar 23 09:09:15  [info] 5.558 DashboardFrame
Mar 23 09:09:16  [info] 1.141 AjaxScoreboard
Mar 23 09:09:18  [info] 1.981 AjaxDashboard
Mar 23 09:09:37  [info] 17.977 Dashboard
Mar 23 09:09:42  [info] 5.248 ActionsFrame
Mar 23 09:09:53  [info] 11.183 NbmMonthlyPlanner
Mar 23 09:09:58  [info] 4.436 Communication
Mar 23 09:10:09  [info] 5.399 Calendar
Mar 23 09:10:15  [info] 4.777 NbmMonthlyPlannerGraph4
Mar 23 09:10:19  [info] 4.363 CalendarDay
Mar 23 09:12:14  [info] 4.908 Home
Mar 23 09:12:26  [info] 4.691 DashboardFrame
Mar 23 09:12:27  [info] 1.1 AjaxScoreboard
Mar 23 09:12:29  [info] 1.926 AjaxDashboard
Mar 23 09:12:47  [info] 18.32 Dashboard
Mar 23 09:12:53  [info] 5.516 ActionsFrame
Mar 23 09:13:00  [info] 5.734 Home
Mar 23 09:13:09  [info] 9.559 NbmMonthlyPlanner
Mar 23 09:13:13  [info] 3.605 Communication
Mar 23 09:13:23  [info] 4.75 Calendar
Mar 23 09:13:24  [info] 1.118 AjaxScoreboard
Mar 23 09:13:26  [info] 1.995 AjaxDashboard
Mar 23 09:13:30  [info] 3.933 DashboardFrame
Mar 23 09:13:36  [info] 5.183 ActionsFrame
Mar 23 09:13:45  [info] 9.313 NbmMonthlyPlanner
Mar 23 09:13:49  [info] 3.76 Communication
Mar 23 09:14:06  [info] 16.99 Dashboard
Mar 23 09:14:11  [info] 5.149 Calendar
Mar 23 09:14:16  [info] 4.39 NbmMonthlyPlannerGraph4
Mar 23 09:14:25  [info] 4.168 CalendarDay
Mar 23 09:23:10  [info] 2.124 AjaxDashboard
Mar 23 09:33:11  [info] 1.995 AjaxDashboard
Mar 23 09:41:54  [info] 4.93 Home
Mar 23 09:42:05  [info] 4.7 DashboardFrame
Mar 23 09:42:06  [info] 1.174 AjaxScoreboard
Mar 23 09:42:08  [info] 1.978 AjaxDashboard
Mar 23 09:42:25  [info] 17.445 Dashboard
Mar 23 09:42:30  [info] 4.866 ActionsFrame
Mar 23 09:42:40  [info] 9.261 NbmMonthlyPlanner
Mar 23 09:42:44  [info] 3.819 Communication
Mar 23 09:42:54  [info] 4.75 Calendar
Mar 23 09:42:59  [info] 4.728 NbmMonthlyPlannerGraph4
Mar 23 09:43:03  [info] 4.153 CalendarDay
Mar 23 09:43:16  [info] 4.874 Home
Mar 23 09:43:27  [info] 4.032 DashboardFrame
Mar 23 09:43:29  [info] 2.011 AjaxDashboard
Mar 23 09:43:30  [info] 0.999 AjaxScoreboard
Mar 23 09:43:48  [info] 18.594 Dashboard
Mar 23 09:43:54  [info] 5.269 ActionsFrame
Mar 23 09:44:03  [info] 9.517 NbmMonthlyPlanner
Mar 23 09:44:08  [info] 4.077 Communication
Mar 23 09:44:18  [info] 5.163 Calendar
Mar 23 09:44:23  [info] 4.73 NbmMonthlyPlannerGraph4
Mar 23 09:44:27  [info] 4.128 CalendarDay
Mar 23 09:53:25  [info] 2.07 AjaxDashboard
Mar 23 10:00:50  [info] 5.192 Home
Mar 23 10:00:59  [info] 4.446 WorkspaceSearch
Mar 23 10:01:05  [info] 5.064 DashboardFrame
Mar 23 10:01:07  [info] 1.999 AjaxDashboard
Mar 23 10:01:08  [info] 1.051 AjaxScoreboard
Mar 23 10:01:26  [info] 17.657 Dashboard
Mar 23 10:01:31  [info] 4.877 ActionsFrame
Mar 23 10:01:41  [info] 9.689 NbmMonthlyPlanner
Mar 23 10:01:45  [info] 4.07 Communication
Mar 23 10:01:56  [info] 5.031 Calendar
Mar 23 10:02:00  [info] 4.428 NbmMonthlyPlannerGraph4
Mar 23 10:02:05  [info] 4.191 CalendarDay
Mar 23 10:03:32  [info] 3.842 WorkspaceSearch
Mar 23 10:03:41  [info] 4.675 Search
Mar 23 10:03:48  [info] 6.477 CompanyCreate
Mar 23 10:03:54  [info] 5.828 ParentCompany
Mar 23 10:03:59  [info] 5.12 Category
Mar 23 10:04:05  [info] 5.223 Category
Mar 23 10:04:56  [info] 5.318 ParentCompany
Mar 23 10:05:01  [info] 5.405 ParentCompany
Mar 23 10:05:06  [info] 5.128 ParentCompany
Mar 23 10:05:11  [info] 5.114 ParentCompany
Mar 23 10:05:17  [info] 5.022 ParentCompany
Mar 23 10:05:22  [info] 5.329 Category
Mar 23 10:05:27  [info] 5.509 ParentCompany
Mar 23 10:05:33  [info] 5.642 ParentCompany
Mar 23 10:05:38  [info] 5.193 ParentCompany
Mar 23 10:05:44  [info] 5.703 ParentCompany
Mar 23 10:11:02  [info] 2.17 AjaxDashboard
Mar 23 10:13:28  [info] 4.765 Home
Mar 23 10:13:35  [info] 1.149 AjaxScoreboard
Mar 23 10:13:40  [info] 4.95 DashboardFrame
Mar 23 10:13:42  [info] 2.091 AjaxDashboard
Mar 23 10:13:48  [info] 5.351 ActionsFrame
Mar 23 10:14:06  [info] 18.067 Dashboard
Mar 23 10:14:15  [info] 9.26 NbmMonthlyPlanner
Mar 23 10:14:20  [info] 4.36 Communication
Mar 23 10:14:24  [info] 4.771 Calendar
Mar 23 10:14:34  [info] 4.475 NbmMonthlyPlannerGraph4
Mar 23 10:14:38  [info] 4.017 CalendarDay
Mar 23 10:17:15  [info] 3.9 WorkspaceFilter
Mar 23 10:17:26  [info] 6.491 FilterList
Mar 23 10:17:33  [info] 6.478 AjaxFilterBuilder
Mar 23 10:17:39  [info] 5.974 AjaxFilterBuilder
Mar 23 10:17:47  [info] 7.638 FilterExport
Mar 23 10:21:04  [info] 165.031 FilterResults
Mar 23 10:23:36  [info] 2.513 AjaxDashboard
Mar 23 10:24:19  [info] 5.146 Home
Mar 23 10:24:28  [info] 2.158 AjaxDashboard
Mar 23 10:24:29  [info] 0.94 AjaxScoreboard
Mar 23 10:24:33  [info] 4.695 DashboardFrame
Mar 23 10:24:39  [info] 5.385 ActionsFrame
Mar 23 10:24:57  [info] 17.875 Dashboard
Mar 23 10:25:06  [info] 9.37 NbmMonthlyPlanner
Mar 23 10:25:11  [info] 4.923 Calendar
Mar 23 10:25:16  [info] 4.262 Communication
Mar 23 10:25:26  [info] 4.534 NbmMonthlyPlannerGraph4
Mar 23 10:25:30  [info] 4.135 CalendarDay
Mar 23 10:25:45  [info] 6.233 FilterList
Mar 23 10:25:52  [info] 6.354 AjaxFilterBuilder
Mar 23 10:25:58  [info] 5.784 AjaxFilterBuilder
Mar 23 10:28:55  [info] 161.029 AjaxFilterBuilder
Mar 23 10:34:28  [info] 1.987 AjaxDashboard
Mar 23 10:44:29  [info] 2.052 AjaxDashboard
Mar 23 10:54:30  [info] 2.248 AjaxDashboard
Mar 23 11:04:31  [info] 2.047 AjaxDashboard
Mar 23 11:14:32  [info] 2.022 AjaxDashboard
Mar 23 11:24:33  [info] 2.092 AjaxDashboard
Mar 23 11:34:34  [info] 2.179 AjaxDashboard
Mar 23 11:44:36  [info] 2.435 AjaxDashboard
Mar 23 11:54:36  [info] 2.185 AjaxDashboard
Mar 23 12:04:37  [info] 2.083 AjaxDashboard
Mar 23 12:12:16  [info] 5.454 Search
Mar 23 12:12:24  [info] 7.155 CompanyCreate
Mar 23 12:12:30  [info] 5.806 ParentCompany
Mar 23 12:12:36  [info] 5.971 Category
Mar 23 12:12:52  [info] 4.338 SearchResults
Mar 23 12:12:58  [info] 6.533 Category
Mar 23 12:14:50  [info] 2.123 AjaxDashboard
Mar 23 12:17:52  [info] 4.678 Home
Mar 23 12:18:05  [info] 5.082 DashboardFrame
Mar 23 12:18:07  [info] 1.053 AjaxScoreboard
Mar 23 12:18:08  [info] 1.954 AjaxDashboard
Mar 23 12:18:30  [info] 21.286 Dashboard
Mar 23 12:18:35  [info] 5.05 ActionsFrame
Mar 23 12:18:45  [info] 9.635 NbmMonthlyPlanner
Mar 23 12:18:49  [info] 3.858 Communication
Mar 23 12:18:59  [info] 5.05 Calendar
Mar 23 12:19:04  [info] 4.472 NbmMonthlyPlannerGraph4
Mar 23 12:19:08  [info] 4.237 CalendarDay
Mar 23 12:19:57  [info] 5.066 Search
Mar 23 12:20:04  [info] 6.513 CompanyCreate
Mar 23 12:20:10  [info] 5.586 ParentCompany
Mar 23 12:20:15  [info] 5.254 Category
Mar 23 12:20:19  [info] 4.019 SearchResults
Mar 23 12:20:36  [info] 5.323 Category
Mar 23 12:23:44  [info] 4.624 Home
Mar 23 12:23:57  [info] 5.2 Search
Mar 23 12:24:05  [info] 6.384 CompanyCreate
Mar 23 12:24:11  [info] 5.3 ParentCompany
Mar 23 12:24:16  [info] 5.299 Category
Mar 23 12:24:21  [info] 5.004 DashboardFrame
Mar 23 12:24:22  [info] 1.099 AjaxScoreboard
Mar 23 12:24:24  [info] 2.018 AjaxDashboard
Mar 23 12:24:30  [info] 5.32 Category
Mar 23 12:24:35  [info] 5.076 ActionsFrame
Mar 23 12:24:54  [info] 18.839 Dashboard
Mar 23 12:25:03  [info] 9.168 NbmMonthlyPlanner
Mar 23 12:25:08  [info] 4.22 Communication
Mar 23 12:25:13  [info] 5.542 Calendar
Mar 23 12:25:24  [info] 4.536 NbmMonthlyPlannerGraph4
Mar 23 12:25:28  [info] 4.168 CalendarDay
Mar 23 12:29:23  [info] 208.209 SearchResults
Mar 23 12:30:26  [info] 4.839 Home
Mar 23 12:30:35  [info] 2.091 AjaxDashboard
Mar 23 12:30:36  [info] 1.039 AjaxScoreboard
Mar 23 12:30:41  [info] 5.046 DashboardFrame
Mar 23 12:30:46  [info] 5.348 ActionsFrame
Mar 23 12:31:07  [info] 20.722 Dashboard
Mar 23 12:31:19  [info] 11.313 NbmMonthlyPlanner
Mar 23 12:31:23  [info] 4.093 Communication
Mar 23 12:31:28  [info] 5.222 Calendar
Mar 23 12:31:39  [info] 5.301 NbmMonthlyPlannerGraph4
Mar 23 12:31:44  [info] 4.422 CalendarDay
Mar 23 12:32:33  [info] 4.841 Home
Mar 23 12:32:43  [info] 4.039 DashboardFrame
Mar 23 12:32:45  [info] 1.061 AjaxScoreboard
Mar 23 12:32:47  [info] 2.06 AjaxDashboard
Mar 23 12:33:07  [info] 20.735 Dashboard
Mar 23 12:33:13  [info] 5.227 ActionsFrame
Mar 23 12:33:22  [info] 9.53 NbmMonthlyPlanner
Mar 23 12:33:27  [info] 4.148 Communication
Mar 23 12:33:38  [info] 4.971 Calendar
Mar 23 12:33:42  [info] 4.479 NbmMonthlyPlannerGraph4
Mar 23 12:33:47  [info] 4.851 Search
Mar 23 12:33:51  [info] 4.004 CalendarDay
Mar 23 12:33:59  [info] 7.161 CompanyCreate
Mar 23 12:34:04  [info] 5.458 ParentCompany
Mar 23 12:34:08  [info] 4.122 SearchResults
Mar 23 12:34:14  [info] 5.708 Category
Mar 23 12:36:55  [info] 160.448 SearchResults
Mar 23 12:37:00  [info] 5.337 Category
Mar 23 12:39:30  [info] 4.828 Home
Mar 23 12:39:47  [info] 4.594 Home
Mar 23 12:39:52  [info] 5.221 Home
Mar 23 12:40:04  [info] 5.036 DashboardFrame
Mar 23 12:40:05  [info] 0.996 AjaxScoreboard
Mar 23 12:40:07  [info] 2.044 AjaxDashboard
Mar 23 12:40:27  [info] 20.295 Dashboard
Mar 23 12:40:33  [info] 5.486 ActionsFrame
Mar 23 12:40:43  [info] 9.739 NbmMonthlyPlanner
Mar 23 12:40:47  [info] 3.945 Communication
Mar 23 12:40:57  [info] 4.923 Calendar
Mar 23 12:41:02  [info] 4.646 NbmMonthlyPlannerGraph4
Mar 23 12:41:06  [info] 4.475 CalendarDay
Mar 23 12:41:13  [info] 5.094 Search
Mar 23 12:41:21  [info] 6.625 CompanyCreate
Mar 23 12:41:26  [info] 5.56 ParentCompany
Mar 23 12:41:32  [info] 5.479 Category
Mar 23 12:41:36  [info] 3.875 SearchResults
Mar 23 12:41:41  [info] 5.139 Category
Mar 23 12:41:45  [info] 3.78 SearchResults
Mar 23 12:43:37  [info] 5.146 Home
Mar 23 12:43:46  [info] 3.803 DashboardFrame
Mar 23 12:43:47  [info] 0.993 AjaxScoreboard
Mar 23 12:43:50  [info] 2.076 AjaxDashboard
Mar 23 12:44:11  [info] 21.077 Dashboard
Mar 23 12:44:16  [info] 5.326 ActionsFrame
Mar 23 12:44:26  [info] 9.971 NbmMonthlyPlanner
Mar 23 12:44:30  [info] 3.884 Communication
Mar 23 12:44:41  [info] 4.882 Calendar
Mar 23 12:44:45  [info] 4.317 NbmMonthlyPlannerGraph4
Mar 23 12:44:50  [info] 4.853 Search
Mar 23 12:44:54  [info] 3.841 CalendarDay
Mar 23 12:45:00  [info] 5.671 ParentCompany
Mar 23 12:45:07  [info] 6.7 CompanyCreate
Mar 23 12:45:11  [info] 3.973 SearchResults
Mar 23 12:45:16  [info] 5.222 Category
Mar 23 12:47:58  [info] 161.751 SearchResults
Mar 23 12:48:03  [info] 5.134 Category
Mar 23 12:49:02  [info] 3.798 SearchResults
Mar 23 12:53:45  [info] 2.044 AjaxDashboard
Mar 23 12:55:13  [info] 5.015 Home
Mar 23 12:55:20  [info] 1.131 AjaxScoreboard
Mar 23 12:55:25  [info] 4.888 DashboardFrame
Mar 23 12:55:27  [info] 2.08 AjaxDashboard
Mar 23 12:55:32  [info] 4.936 ActionsFrame
Mar 23 12:55:53  [info] 20.35 Dashboard
Mar 23 12:56:02  [info] 9.636 NbmMonthlyPlanner
Mar 23 12:56:07  [info] 4.821 Calendar
Mar 23 12:56:11  [info] 4.061 Communication
Mar 23 12:56:21  [info] 4.474 NbmMonthlyPlannerGraph4
Mar 23 12:56:26  [info] 4.036 CalendarDay
Mar 23 12:56:31  [info] 4.985 Search
Mar 23 12:56:38  [info] 6.714 CompanyCreate
Mar 23 12:56:44  [info] 5.697 ParentCompany
Mar 23 12:56:49  [info] 5.178 Category
Mar 23 12:56:55  [info] 5.142 Category
Mar 23 12:57:12  [info] 17.393 SearchResults
Mar 23 12:58:10  [info] 4.739 Home
Mar 23 12:58:23  [info] 4.168 DashboardFrame
Mar 23 12:58:24  [info] 0.972 AjaxScoreboard
Mar 23 12:58:26  [info] 2.039 AjaxDashboard
Mar 23 12:58:47  [info] 20.558 Dashboard
Mar 23 12:58:52  [info] 4.979 ActionsFrame
Mar 23 12:59:02  [info] 9.46 NbmMonthlyPlanner
Mar 23 12:59:06  [info] 4.213 Communication
Mar 23 12:59:16  [info] 4.716 Calendar
Mar 23 12:59:21  [info] 4.617 NbmMonthlyPlannerGraph4
Mar 23 12:59:26  [info] 4.431 CalendarDay
Mar 23 13:08:22  [info] 2.157 AjaxDashboard
Mar 23 13:18:23  [info] 2.125 AjaxDashboard
Mar 23 13:20:13  [info] 4.928 Search
Mar 23 13:20:22  [info] 6.788 CompanyCreate
Mar 23 13:20:27  [info] 5.479 ParentCompany
Mar 23 13:20:33  [info] 5.105 Category
Mar 23 13:20:38  [info] 5.495 Category
Mar 23 13:28:24  [info] 2.124 AjaxDashboard
Mar 23 13:38:25  [info] 2.015 AjaxDashboard
Mar 23 13:48:26  [info] 2.131 AjaxDashboard
Mar 23 13:58:27  [info] 2.041 AjaxDashboard
Mar 23 14:08:28  [info] 2.157 AjaxDashboard
Mar 23 14:18:29  [info] 2.028 AjaxDashboard
Mar 23 14:18:50  [info] 3.918 Administration
Mar 23 14:19:00  [info] 5.614 CampaignView
Mar 23 14:19:46  [info] 5.424 MailerList
Mar 23 14:20:43  [info] 5.457 Reporting
Mar 23 14:20:55  [info] 8.284 ReportParams
Mar 23 14:28:34  [info] 2.153 AjaxDashboard
Mar 23 14:38:35  [info] 2.082 AjaxDashboard
Mar 23 14:48:36  [info] 2.127 AjaxDashboard
Mar 23 14:58:37  [info] 2.306 AjaxDashboard
Mar 23 15:08:39  [info] 2.595 AjaxDashboard
Mar 23 15:18:39  [info] 2.128 AjaxDashboard
Mar 23 15:28:40  [info] 2.113 AjaxDashboard
Mar 23 15:38:41  [info] 2.084 AjaxDashboard
Mar 23 15:48:42  [info] 2.209 AjaxDashboard
Mar 23 15:58:43  [info] 2.109 AjaxDashboard
Mar 23 16:08:44  [info] 2.424 AjaxDashboard
Mar 23 16:18:46  [info] 2.963 AjaxDashboard
Mar 23 16:28:46  [info] 2.22 AjaxDashboard
Mar 23 16:38:47  [info] 2.171 AjaxDashboard
Mar 23 16:48:48  [info] 2.228 AjaxDashboard
Mar 23 16:58:49  [info] 2.254 AjaxDashboard
Mar 23 17:08:50  [info] 2.522 AjaxDashboard
Mar 23 17:18:51  [info] 2.093 AjaxDashboard
Mar 23 17:28:52  [info] 2.174 AjaxDashboard
Mar 23 17:38:53  [info] 2.146 AjaxDashboard
Mar 23 17:48:54  [info] 2.041 AjaxDashboard
Mar 23 17:58:55  [info] 2.14 AjaxDashboard
Mar 23 18:08:56  [info] 2.407 AjaxDashboard
Mar 23 18:18:57  [info] 2.286 AjaxDashboard
Mar 23 18:28:58  [info] 2.123 AjaxDashboard
Mar 23 18:38:59  [info] 2.249 AjaxDashboard
Mar 23 18:49:00  [info] 2.196 AjaxDashboard
Mar 23 18:59:01  [info] 2.059 AjaxDashboard
Mar 23 19:09:02  [info] 2.527 AjaxDashboard
Mar 23 19:19:04  [info] 2.637 AjaxDashboard
Mar 23 19:29:04  [info] 2.151 AjaxDashboard
Mar 23 19:39:05  [info] 2.249 AjaxDashboard
Mar 23 19:49:06  [info] 2.273 AjaxDashboard
Mar 23 19:59:07  [info] 2.243 AjaxDashboard
Mar 23 20:09:08  [info] 2.511 AjaxDashboard
Mar 23 20:19:09  [info] 2.154 AjaxDashboard
Mar 23 20:29:10  [info] 2.164 AjaxDashboard
Mar 23 20:39:11  [info] 2.174 AjaxDashboard
Mar 23 20:49:12  [info] 2.242 AjaxDashboard
Mar 23 20:59:13  [info] 2.238 AjaxDashboard
Mar 23 21:09:14  [info] 2.344 AjaxDashboard
Mar 23 21:19:15  [info] 1.968 AjaxDashboard
Mar 23 21:29:16  [info] 2.062 AjaxDashboard
Mar 23 21:39:17  [info] 2.088 AjaxDashboard
Mar 23 21:49:18  [info] 2.349 AjaxDashboard
Mar 23 21:59:19  [info] 2.195 AjaxDashboard
Mar 23 22:09:20  [info] 2.065 AjaxDashboard
Mar 23 22:19:21  [info] 2.312 AjaxDashboard
Mar 23 22:29:22  [info] 1.988 AjaxDashboard
Mar 23 22:39:23  [info] 2.118 AjaxDashboard
Mar 23 22:49:24  [info] 2.118 AjaxDashboard
Mar 23 22:59:25  [info] 2.018 AjaxDashboard
Mar 23 23:09:26  [info] 2.046 AjaxDashboard
Mar 23 23:19:27  [info] 2.036 AjaxDashboard
Mar 23 23:29:28  [info] 2.079 AjaxDashboard
Mar 23 23:39:29  [info] 1.997 AjaxDashboard
Mar 23 23:49:30  [info] 2.114 AjaxDashboard
Mar 23 23:59:31  [info] 2.126 AjaxDashboard
Mar 24 00:09:32  [info] 2.123 AjaxDashboard
Mar 24 00:19:35  [info] 2.051 AjaxDashboard
Mar 24 00:29:36  [info] 2.613 AjaxDashboard
Mar 24 00:39:37  [info] 2.049 AjaxDashboard
Mar 24 00:49:38  [info] 2.171 AjaxDashboard
Mar 24 00:59:39  [info] 2.096 AjaxDashboard
Mar 24 01:09:40  [info] 2.142 AjaxDashboard
Mar 24 01:19:41  [info] 2.108 AjaxDashboard
Mar 24 01:29:42  [info] 2.042 AjaxDashboard
Mar 24 01:39:42  [info] 2.039 AjaxDashboard
Mar 24 01:49:44  [info] 2.121 AjaxDashboard
Mar 24 01:59:45  [info] 2.214 AjaxDashboard
Mar 24 02:09:47  [info] 2.713 AjaxDashboard
Mar 24 02:19:47  [info] 2.124 AjaxDashboard
Mar 24 02:29:48  [info] 2.183 AjaxDashboard
Mar 24 02:39:48  [info] 2.039 AjaxDashboard
Mar 24 02:49:50  [info] 2.137 AjaxDashboard
Mar 24 02:59:51  [info] 2.047 AjaxDashboard
Mar 24 03:09:52  [info] 2.294 AjaxDashboard
Mar 24 03:19:53  [info] 2.124 AjaxDashboard
Mar 24 03:29:53  [info] 2.011 AjaxDashboard
Mar 24 03:39:55  [info] 2.046 AjaxDashboard
Mar 24 03:49:56  [info] 2.087 AjaxDashboard
Mar 24 03:59:56  [info] 2.003 AjaxDashboard
Mar 24 04:09:59  [info] 3.171 AjaxDashboard
Mar 24 04:19:59  [info] 2.131 AjaxDashboard
Mar 24 04:30:00  [info] 2.115 AjaxDashboard
Mar 24 04:40:01  [info] 2.108 AjaxDashboard
Mar 24 04:41:46  [info] 5.352 Home
Mar 24 04:42:01  [info] 1.044 AjaxScoreboard
Mar 24 04:42:06  [info] 4.727 DashboardFrame
Mar 24 04:42:08  [info] 2.002 AjaxDashboard
Mar 24 04:42:13  [info] 5.363 ActionsFrame
Mar 24 04:42:33  [info] 19.109 Dashboard
Mar 24 04:42:43  [info] 10.647 NbmMonthlyPlanner
Mar 24 04:42:48  [info] 4.959 Calendar
Mar 24 04:42:53  [info] 4.144 Communication
Mar 24 04:43:03  [info] 4.634 NbmMonthlyPlannerGraph4
Mar 24 04:43:07  [info] 4.119 CalendarDay
Mar 24 04:51:21  [info] 5.893 Reporting
Mar 24 04:51:26  [info] 4.929 Home
Mar 24 04:51:35  [info] 9.147 ReportParams
Mar 24 04:51:36  [info] 1.041 AjaxScoreboard
Mar 24 04:51:41  [info] 4.734 DashboardFrame
Mar 24 04:51:43  [info] 2.292 AjaxDashboard
Mar 24 04:51:48  [info] 5.133 ActionsFrame
Mar 24 04:51:59  [info] 10.523 NbmMonthlyPlanner
Mar 24 04:52:21  [info] 22.22 Dashboard
Mar 24 04:52:26  [info] 4.374 Communication
Mar 24 04:52:31  [info] 5.613 Calendar
Mar 24 04:52:36  [info] 4.414 NbmMonthlyPlannerGraph4
Mar 24 04:52:41  [info] 4.68 Home
Mar 24 04:52:51  [info] 5.09 Home
Mar 24 04:52:57  [info] 5.08 Home
Mar 24 04:53:01  [info] 4.067 CalendarDay
Mar 24 04:53:06  [info] 5.474 Home
Mar 24 04:53:12  [info] 5.169 Home
Mar 24 04:53:17  [info] 5.138 Home
Mar 24 04:53:23  [info] 5.659 Home
Mar 24 04:53:28  [info] 5.083 Home
Mar 24 04:53:33  [info] 5.346 Home
Mar 24 04:53:45  [info] 3.789 DashboardFrame
Mar 24 04:53:46  [info] 1.088 AjaxScoreboard
Mar 24 04:53:48  [info] 2.083 AjaxDashboard
Mar 24 04:54:08  [info] 20.508 Dashboard
Mar 24 04:54:14  [info] 5.326 ActionsFrame
Mar 24 04:54:23  [info] 9.52 NbmMonthlyPlanner
Mar 24 04:54:28  [info] 4.101 Communication
Mar 24 04:54:38  [info] 4.832 Calendar
Mar 24 04:54:43  [info] 4.532 NbmMonthlyPlannerGraph4
Mar 24 04:54:47  [info] 4.001 CalendarDay
Mar 24 04:55:18  [info] 5.041 Reporting
Mar 24 04:55:32  [info] 8.908 ReportParams
Mar 24 04:56:51  [info] 4.16 WorkspaceSearch
Mar 24 04:56:59  [info] 4.597 Search
Mar 24 04:57:07  [info] 6.47 CompanyCreate
Mar 24 04:57:12  [info] 5.707 ParentCompany
Mar 24 04:57:18  [info] 5.29 Company
Mar 24 04:57:23  [info] 5.357 Company
Mar 24 04:57:29  [info] 5.342 Company
Mar 24 04:57:34  [info] 5.305 Company
Mar 24 04:57:39  [info] 5.101 Category
Mar 24 04:57:44  [info] 5.168 SearchResults
Mar 24 04:57:49  [info] 5.024 Category
Mar 24 04:58:08  [info] 17.97 WorkspaceSearch
Mar 24 04:58:31  [info] 17.785 WorkspaceSearch
Mar 24 05:03:43  [info] 1.995 AjaxDashboard
Mar 24 05:13:48  [info] 5.217 AjaxDashboard
Mar 24 05:23:46  [info] 2.132 AjaxDashboard
Mar 24 05:33:47  [info] 2.16 AjaxDashboard
Mar 24 05:43:48  [info] 2.561 AjaxDashboard
Mar 24 05:44:13  [info] 3.697 DefaultCommand
Mar 24 05:44:19  [info] 6.326 Home
Mar 24 05:44:29  [info] 5.046 DashboardFrame
Mar 24 05:44:30  [info] 1.435 AjaxScoreboard
Mar 24 05:44:32  [info] 1.987 AjaxDashboard
Mar 24 05:44:38  [info] 5.27 Home
Mar 24 05:44:57  [info] 19.351 Dashboard
Mar 24 05:45:03  [info] 5.844 ActionsFrame
Mar 24 05:45:15  [info] 11.843 NbmMonthlyPlanner
Mar 24 05:45:19  [info] 3.741 DefaultCommand
Mar 24 05:45:23  [info] 3.842 Communication
Mar 24 05:45:33  [info] 4.236 DefaultCommand
Mar 24 05:45:39  [info] 5.889 Calendar
Mar 24 05:45:45  [info] 5.219 NbmMonthlyPlannerGraph4
Mar 24 05:45:50  [info] 4.855 Home
Mar 24 05:45:54  [info] 4.26 CalendarDay
Mar 24 05:49:35  [info] 4.268 DefaultCommand
Mar 24 05:49:40  [info] 4.964 Home
Mar 24 05:49:45  [info] 4.854 DefaultCommand
Mar 24 05:49:51  [info] 5.049 Home
Mar 24 05:49:58  [info] 5.119 DashboardFrame
Mar 24 05:49:59  [info] 1.04 AjaxScoreboard
Mar 24 05:50:01  [info] 2.114 AjaxDashboard
Mar 24 05:50:20  [info] 18.222 WorkspaceSearch
Mar 24 05:50:43  [info] 22.798 Dashboard
Mar 24 05:50:48  [info] 5.165 ActionsFrame
Mar 24 05:50:58  [info] 9.998 NbmMonthlyPlanner
Mar 24 05:51:02  [info] 3.792 Communication
Mar 24 05:51:20  [info] 18.263 WorkspaceSearch
Mar 24 05:51:36  [info] 5.027 Calendar
Mar 24 05:51:40  [info] 4.306 NbmMonthlyPlannerGraph4
Mar 24 05:51:49  [info] 4.389 CalendarDay
Mar 24 05:55:22  [info] 18.685 WorkspaceSearch
Mar 24 05:56:15  [info] 17.523 WorkspaceSearch
Mar 24 05:59:56  [info] 2.124 AjaxDashboard
Mar 24 06:03:52  [info] 4.73 Home
Mar 24 06:04:10  [info] 18.137 WorkspaceSearch
Mar 24 06:04:11  [info] 1.093 AjaxScoreboard
Mar 24 06:04:16  [info] 4.833 DashboardFrame
Mar 24 06:04:18  [info] 2.138 AjaxDashboard
Mar 24 06:04:23  [info] 5.078 ActionsFrame
Mar 24 06:04:33  [info] 9.647 NbmMonthlyPlanner
Mar 24 06:04:38  [info] 4.883 Home
Mar 24 06:04:42  [info] 3.919 Communication
Mar 24 06:05:02  [info] 20.235 Dashboard
Mar 24 06:05:07  [info] 5.024 Calendar
Mar 24 06:05:12  [info] 4.178 NbmMonthlyPlannerGraph4
Mar 24 06:05:14  [info] 2.129 AjaxDashboard
Mar 24 06:05:15  [info] 1.098 AjaxScoreboard
Mar 24 06:05:19  [info] 4.053 DashboardFrame
Mar 24 06:05:24  [info] 5.341 ActionsFrame
Mar 24 06:05:35  [info] 10.132 NbmMonthlyPlanner
Mar 24 06:05:39  [info] 3.905 Communication
Mar 24 06:06:00  [info] 21.283 Dashboard
Mar 24 06:06:05  [info] 4.607 Calendar
Mar 24 06:06:10  [info] 4.61 NbmMonthlyPlannerGraph4
Mar 24 06:06:19  [info] 4.305 CalendarDay
Mar 24 06:06:28  [info] 4.787 Search
Mar 24 06:06:37  [info] 7.364 CompanyCreate
Mar 24 06:06:42  [info] 5.545 ParentCompany
Mar 24 06:06:48  [info] 5.402 Company
Mar 24 06:06:53  [info] 4.971 Category
Mar 24 06:06:58  [info] 5.058 SearchResults
Mar 24 06:07:03  [info] 5.116 Category
Mar 24 06:07:20  [info] 16.635 WorkspaceSearch
Mar 24 06:07:38  [info] 17.602 WorkspaceSearch
Mar 24 06:07:43  [info] 4.949 Home
Mar 24 06:07:52  [info] 3.669 DashboardFrame
Mar 24 06:07:54  [info] 1.933 AjaxDashboard
Mar 24 06:07:55  [info] 0.988 AjaxScoreboard
Mar 24 06:08:17  [info] 21.597 Dashboard
Mar 24 06:08:22  [info] 5.22 ActionsFrame
Mar 24 06:08:32  [info] 9.523 NbmMonthlyPlanner
Mar 24 06:08:36  [info] 3.971 Communication
Mar 24 06:08:46  [info] 5.023 Calendar
Mar 24 06:08:51  [info] 4.601 NbmMonthlyPlannerGraph4
Mar 24 06:08:55  [info] 4.062 WorkspaceFilter
Mar 24 06:08:59  [info] 4.02 CalendarDay
Mar 24 06:09:04  [info] 5.088 Search
Mar 24 06:09:11  [info] 5.535 ParentCompany
Mar 24 06:09:18  [info] 6.431 CompanyCreate
Mar 24 06:09:23  [info] 5.191 Company
Mar 24 06:09:28  [info] 4.993 Category
Mar 24 06:09:33  [info] 4.958 SearchResults
Mar 24 06:09:38  [info] 5.078 Category
Mar 24 06:09:56  [info] 17.621 WorkspaceSearch
Mar 24 06:09:59  [info] 2.393 AjaxDashboard
Mar 24 06:14:40  [info] 5.777 Home
Mar 24 06:14:47  [info] 1.159 AjaxScoreboard
Mar 24 06:14:53  [info] 5.377 DashboardFrame
Mar 24 06:14:55  [info] 1.964 AjaxDashboard
Mar 24 06:15:01  [info] 5.642 ActionsFrame
Mar 24 06:15:20  [info] 19.322 Dashboard
Mar 24 06:15:30  [info] 10.081 NbmMonthlyPlanner
Mar 24 06:15:35  [info] 4.26 Communication
Mar 24 06:15:41  [info] 6.307 Calendar
Mar 24 06:15:51  [info] 4.591 NbmMonthlyPlannerGraph4
Mar 24 06:15:56  [info] 4.482 CalendarDay
Mar 24 06:16:02  [info] 5.315 Search
Mar 24 06:16:09  [info] 6.938 CompanyCreate
Mar 24 06:16:15  [info] 6.06 ParentCompany
Mar 24 06:16:21  [info] 5.283 Company
Mar 24 06:16:26  [info] 4.844 SearchResults
Mar 24 06:16:32  [info] 5.708 Category
Mar 24 06:16:37  [info] 5.223 SearchResults
Mar 24 06:16:42  [info] 5.135 Category
Mar 24 06:16:59  [info] 16.72 WorkspaceSearch
Mar 24 06:17:17  [info] 17.705 WorkspaceSearch
Mar 24 06:22:49  [info] 0.132 Login
Mar 24 06:22:59  [info] 5.177 Home
Mar 24 06:23:06  [info] 1.134 AjaxScoreboard
Mar 24 06:23:08  [info] 2.073 AjaxDashboard
Mar 24 06:23:12  [info] 4.787 DashboardFrame
Mar 24 06:23:18  [info] 5.478 ActionsFrame
Mar 24 06:23:39  [info] 20.995 Dashboard
Mar 24 06:23:49  [info] 9.901 NbmMonthlyPlanner
Mar 24 06:23:54  [info] 5.005 Calendar
Mar 24 06:23:58  [info] 3.984 Communication
Mar 24 06:24:08  [info] 4.391 NbmMonthlyPlannerGraph4
Mar 24 06:24:13  [info] 4.037 CalendarDay
Mar 24 06:24:18  [info] 5.027 Search
Mar 24 06:24:25  [info] 6.331 CompanyCreate
Mar 24 06:24:31  [info] 5.791 ParentCompany
Mar 24 06:24:36  [info] 5.11 Company
Mar 24 06:24:40  [info] 4.526 SearchResults
Mar 24 06:24:46  [info] 5.21 Category
Mar 24 06:24:50  [info] 4.767 SearchResults
Mar 24 06:24:55  [info] 4.885 SearchResults
Mar 24 06:25:01  [info] 5.217 Category
Mar 24 06:25:19  [info] 17.784 WorkspaceSearch
Mar 24 06:25:38  [info] 18.906 WorkspaceSearch
Mar 24 06:31:10  [info] 330.255 ObjectCharacteristics
Mar 24 06:31:14  [info] 3.99 FilterResults
Mar 24 06:31:21  [info] 6.406 CampaignCharacteristics
Mar 24 06:32:41  [info] 4.824 Home
Mar 24 06:32:46  [info] 4.657 Home
Mar 24 06:32:57  [info] 5.059 DashboardFrame
Mar 24 06:32:58  [info] 1.052 AjaxScoreboard
Mar 24 06:33:00  [info] 2.027 AjaxDashboard
Mar 24 06:33:21  [info] 21.346 Dashboard
Mar 24 06:33:26  [info] 5.117 ActionsFrame
Mar 24 06:33:36  [info] 9.669 NbmMonthlyPlanner
Mar 24 06:33:40  [info] 3.966 Communication
Mar 24 06:33:51  [info] 5.278 Calendar
Mar 24 06:33:56  [info] 4.484 NbmMonthlyPlannerGraph4
Mar 24 06:34:01  [info] 4.813 Search
Mar 24 06:34:05  [info] 4.355 CalendarDay
Mar 24 06:34:12  [info] 6.631 CompanyCreate
Mar 24 06:34:18  [info] 5.906 ParentCompany
Mar 24 06:34:23  [info] 5.047 Company
Mar 24 06:34:28  [info] 4.847 SearchResults
Mar 24 06:34:33  [info] 5.373 Category
Mar 24 06:34:39  [info] 5.061 SearchResults
Mar 24 06:34:44  [info] 5.127 Company
Mar 24 06:34:49  [info] 5.265 Company
Mar 24 06:34:54  [info] 4.837 SearchResults
Mar 24 06:34:59  [info] 5.29 Category
Mar 24 06:35:18  [info] 18.736 WorkspaceSearch
Mar 24 06:35:35  [info] 16.605 WorkspaceSearch
Mar 24 06:41:17  [info] 340.985 ObjectCharacteristics
Mar 24 06:41:24  [info] 6.829 CampaignCharacteristics
Mar 24 06:42:54  [info] 2.095 AjaxDashboard
Mar 24 06:44:36  [info] 5.039 Home
Mar 24 06:44:50  [info] 4.865 DashboardFrame
Mar 24 06:44:52  [info] 1.042 AjaxScoreboard
Mar 24 06:44:53  [info] 1.853 AjaxDashboard
Mar 24 06:45:14  [info] 20.58 Dashboard
Mar 24 06:45:19  [info] 5.068 ActionsFrame
Mar 24 06:45:29  [info] 9.566 NbmMonthlyPlanner
Mar 24 06:45:33  [info] 3.975 Communication
Mar 24 06:45:43  [info] 4.768 Calendar
Mar 24 06:45:48  [info] 4.351 NbmMonthlyPlannerGraph4
Mar 24 06:45:52  [info] 4.35 CalendarDay
Mar 24 06:54:49  [info] 2.05 AjaxDashboard
Mar 24 07:00:56  [info] 4.739 Search
Mar 24 07:01:03  [info] 6.687 CompanyCreate
Mar 24 07:01:09  [info] 5.528 ParentCompany
Mar 24 07:01:14  [info] 5.349 Company
Mar 24 07:01:20  [info] 5.206 Category
Mar 24 07:01:25  [info] 5.391 SearchResults
Mar 24 07:01:30  [info] 5.135 SearchResults
Mar 24 07:01:36  [info] 5.341 Category
Mar 24 07:01:54  [info] 18.367 WorkspaceSearch
Mar 24 07:07:35  [info] 338.285 ObjectCharacteristics
Mar 24 07:07:52  [info] 17.099 WorkspaceSearch
Mar 24 07:07:54  [info] 2.057 AjaxDashboard
Mar 24 07:08:00  [info] 6.334 CampaignCharacteristics
Mar 24 07:13:46  [info] 345.65 ObjectCharacteristics
Mar 24 07:13:54  [info] 7.398 CampaignCharacteristics
Mar 24 07:14:51  [info] 2.684 AjaxDashboard
Mar 24 07:22:59  [info] 17.173 WorkspaceSearch
Mar 24 07:23:04  [info] 4.798 Home
Mar 24 07:29:10  [info] 365.343 ObjectCharacteristics
Mar 24 07:29:11  [info] 1.053 AjaxScoreboard
Mar 24 07:29:16  [info] 4.884 DashboardFrame
Mar 24 07:29:18  [info] 1.991 AjaxDashboard
Mar 24 07:29:23  [info] 5.286 ActionsFrame
Mar 24 07:29:33  [info] 9.634 NbmMonthlyPlanner
Mar 24 07:29:37  [info] 4.062 Communication
Mar 24 07:29:57  [info] 19.867 Dashboard
Mar 24 07:30:02  [info] 4.987 Calendar
Mar 24 07:30:07  [info] 4.578 NbmMonthlyPlannerGraph4
Mar 24 07:30:17  [info] 4.356 CalendarDay
Mar 24 07:33:13  [info] 2.056 AjaxDashboard
Mar 24 07:43:14  [info] 2.12 AjaxDashboard
Mar 24 07:53:15  [info] 2.081 AjaxDashboard
Mar 24 08:03:16  [info] 2.071 AjaxDashboard
Mar 24 08:13:17  [info] 2.173 AjaxDashboard
Mar 24 08:23:17  [info] 1.994 AjaxDashboard
Mar 24 08:33:19  [info] 2.069 AjaxDashboard
Mar 24 08:34:14  [info] 4.613 Search
Mar 24 08:34:21  [info] 6.438 CompanyCreate
Mar 24 08:34:27  [info] 5.77 ParentCompany
Mar 24 08:34:33  [info] 5.455 Company
Mar 24 08:34:38  [info] 5.119 Category
Mar 24 08:34:44  [info] 5.821 Company
Mar 24 08:34:49  [info] 5.026 Company
Mar 24 08:34:54  [info] 4.96 SearchResults
Mar 24 08:34:59  [info] 5.159 SearchResults
Mar 24 08:35:05  [info] 5.385 Category
Mar 24 08:35:22  [info] 17.756 WorkspaceSearch
Mar 24 08:40:48  [info] 324.487 ObjectCharacteristics
Mar 24 08:41:05  [info] 16.708 WorkspaceSearch
Mar 24 08:41:11  [info] 6.275 CampaignCharacteristics
Mar 24 08:46:10  [info] 0.208 Login
Mar 24 08:46:47  [info] 4.925 Home
Mar 24 08:46:53  [info] 5.055 Home
Mar 24 08:46:55  [info] 1.097 AjaxScoreboard
Mar 24 08:47:00  [info] 5.047 DashboardFrame
Mar 24 08:47:02  [info] 2.037 AjaxDashboard
Mar 24 08:47:07  [info] 5.187 ActionsFrame
Mar 24 08:47:17  [info] 10.169 NbmMonthlyPlanner
Mar 24 08:47:36  [info] 19.106 Dashboard
Mar 24 08:47:40  [info] 3.807 DashboardFrame
Mar 24 08:47:41  [info] 0.997 AjaxScoreboard
Mar 24 08:47:43  [info] 2.037 AjaxDashboard
Mar 24 08:47:47  [info] 3.788 Communication
Mar 24 08:47:52  [info] 4.903 Calendar
Mar 24 08:47:58  [info] 5.237 ActionsFrame
Mar 24 08:48:07  [info] 9.604 NbmMonthlyPlanner
Mar 24 08:48:11  [info] 3.874 Communication
Mar 24 08:48:31  [info] 20.023 Dashboard
Mar 24 08:48:36  [info] 4.506 NbmMonthlyPlannerGraph4
Mar 24 08:48:43  [info] 3.972 CalendarDay
Mar 24 08:48:49  [info] 5.181 Calendar
Mar 24 08:48:54  [info] 5.161 Search
Mar 24 08:49:01  [info] 4.431 NbmMonthlyPlannerGraph4
Mar 24 08:49:08  [info] 4.035 CalendarDay
Mar 24 08:49:18  [info] 6.923 CompanyCreate
Mar 24 08:49:23  [info] 5.266 ParentCompany
Mar 24 08:49:28  [info] 5.302 Company
Mar 24 08:49:33  [info] 4.65 SearchResults
Mar 24 08:49:38  [info] 5.16 Category
Mar 24 08:49:55  [info] 17.16 WorkspaceSearch
Mar 24 08:50:01  [info] 5.073 Category
Mar 24 08:56:05  [info] 364.162 ObjectCharacteristics
Mar 24 08:56:10  [info] 4.909 Search
Mar 24 08:56:16  [info] 5.264 Home
Mar 24 08:56:24  [info] 8.023 CampaignCharacteristics
Mar 24 08:56:32  [info] 7.727 CompanyCreate
Mar 24 08:56:38  [info] 5.496 ParentCompany
Mar 24 08:56:42  [info] 4.777 DashboardFrame
Mar 24 08:56:43  [info] 1.019 AjaxScoreboard
Mar 24 08:56:46  [info] 2.004 AjaxDashboard
Mar 24 08:56:51  [info] 5.227 ActionsFrame
Mar 24 08:57:01  [info] 10.137 NbmMonthlyPlanner
Mar 24 08:57:22  [info] 20.475 Dashboard
Mar 24 08:57:26  [info] 3.857 Communication
Mar 24 08:57:28  [info] 2.139 AjaxDashboard
Mar 24 08:57:33  [info] 4.819 Calendar
Mar 24 08:57:38  [info] 5.014 NbmMonthlyPlannerGraph4
Mar 24 08:57:48  [info] 4.193 CalendarDay
Mar 24 09:06:32  [info] 2.079 AjaxDashboard
Mar 24 09:06:53  [info] 2.036 AjaxDashboard
Mar 24 09:12:35  [info] 5.281 Home
Mar 24 09:12:40  [info] 5.039 Search
Mar 24 09:12:45  [info] 5.228 DashboardFrame
Mar 24 09:12:46  [info] 1.178 AjaxScoreboard
Mar 24 09:12:48  [info] 1.999 AjaxDashboard
Mar 24 09:12:56  [info] 7.262 CompanyCreate
Mar 24 09:13:02  [info] 5.901 ParentCompany
Mar 24 09:13:08  [info] 5.76 ActionsFrame
Mar 24 09:13:29  [info] 20.833 Dashboard
Mar 24 09:13:39  [info] 9.79 NbmMonthlyPlanner
Mar 24 09:13:43  [info] 4.21 Communication
Mar 24 09:13:48  [info] 5.273 Category
Mar 24 09:13:54  [info] 5.144 Calendar
Mar 24 09:14:00  [info] 5.729 Category
Mar 24 09:14:11  [info] 4.676 NbmMonthlyPlannerGraph4
Mar 24 09:14:17  [info] 5.329 CalendarDay
Mar 24 09:14:42  [info] 5.29 Search
Mar 24 09:14:50  [info] 7.212 CompanyCreate
Mar 24 09:14:56  [info] 6.443 ParentCompany
Mar 24 09:15:02  [info] 5.746 Category
Mar 24 09:15:08  [info] 5.61 Category
Mar 24 09:15:59  [info] 5.87 Company
Mar 24 09:16:04  [info] 4.984 SearchResults
Mar 24 09:16:23  [info] 18.188 WorkspaceSearch
Mar 24 09:22:11  [info] 346.781 ObjectCharacteristics
Mar 24 09:22:14  [info] 2.584 AjaxDashboard
Mar 24 09:22:32  [info] 17.777 WorkspaceSearch
Mar 24 09:22:38  [info] 6.433 CampaignCharacteristics
Mar 24 09:28:26  [info] 347.402 ObjectCharacteristics
Mar 24 09:28:28  [info] 2.13 AjaxDashboard
Mar 24 09:28:33  [info] 5.002 Home
Mar 24 09:28:38  [info] 4.931 Home
Mar 24 09:28:40  [info] 2.083 AjaxDashboard
Mar 24 09:28:47  [info] 6.494 CampaignCharacteristics
Mar 24 09:28:51  [info] 4.445 AjaxObjectCharacteristic
Mar 24 09:28:56  [info] 4.975 DashboardFrame
Mar 24 09:28:58  [info] 1.964 AjaxDashboard
Mar 24 09:28:59  [info] 1.034 AjaxScoreboard
Mar 24 09:29:01  [info] 1.097 AjaxScoreboard
Mar 24 09:29:03  [info] 1.994 AjaxDashboard
Mar 24 09:29:08  [info] 5.21 ActionsFrame
Mar 24 09:29:18  [info] 9.995 NbmMonthlyPlanner
Mar 24 09:29:22  [info] 3.782 Communication
Mar 24 09:29:26  [info] 3.782 DashboardFrame
Mar 24 09:29:47  [info] 21.186 Dashboard
Mar 24 09:29:53  [info] 5.677 ActionsFrame
Mar 24 09:29:58  [info] 4.638 Calendar
Mar 24 09:30:07  [info] 9.471 NbmMonthlyPlanner
Mar 24 09:30:11  [info] 3.839 Communication
Mar 24 09:30:16  [info] 4.557 NbmMonthlyPlannerGraph4
Mar 24 09:30:35  [info] 19.608 Dashboard
Mar 24 09:30:44  [info] 5.01 Calendar
Mar 24 09:30:48  [info] 4.088 CalendarDay
Mar 24 09:30:55  [info] 4.568 NbmMonthlyPlannerGraph4
Mar 24 09:31:00  [info] 4.74 Search
Mar 24 09:31:08  [info] 3.85 CalendarDay
Mar 24 09:31:17  [info] 6.904 CompanyCreate
Mar 24 09:31:23  [info] 5.555 ParentCompany
Mar 24 09:31:28  [info] 5.257 Category
Mar 24 09:31:33  [info] 4.978 Category
Mar 24 09:31:44  [info] 4.662 Home
Mar 24 09:31:57  [info] 4.097 DashboardFrame
Mar 24 09:31:58  [info] 0.927 AjaxScoreboard
Mar 24 09:32:00  [info] 1.899 AjaxDashboard
Mar 24 09:32:21  [info] 20.523 Dashboard
Mar 24 09:32:26  [info] 5.114 ActionsFrame
Mar 24 09:32:36  [info] 9.795 NbmMonthlyPlanner
Mar 24 09:32:40  [info] 4.043 Communication
Mar 24 09:32:45  [info] 5.416 ParentCompany
Mar 24 09:32:50  [info] 5.054 ParentCompany
Mar 24 09:32:56  [info] 5.01 ParentCompany
Mar 24 09:33:01  [info] 5.291 ParentCompany
Mar 24 09:33:07  [info] 5.835 ParentCompany
Mar 24 09:33:12  [info] 5.146 ParentCompany
Mar 24 09:33:17  [info] 5.446 ParentCompany
Mar 24 09:33:23  [info] 5.397 ParentCompany
Mar 24 09:33:28  [info] 5.412 ParentCompany
Mar 24 09:33:33  [info] 5.014 ParentCompany
Mar 24 09:33:38  [info] 5.127 ParentCompany
Mar 24 09:33:44  [info] 5.469 ParentCompany
Mar 24 09:33:55  [info] 5.335 ParentCompany
Mar 24 09:34:00  [info] 5.245 ParentCompany
Mar 24 09:34:06  [info] 5.236 ParentCompany
Mar 24 09:34:11  [info] 5.418 ParentCompany
Mar 24 09:34:16  [info] 5.091 ParentCompany
Mar 24 09:34:21  [info] 5.075 ParentCompany
Mar 24 09:34:26  [info] 5.046 ParentCompany
Mar 24 09:34:32  [info] 5.28 ParentCompany
Mar 24 09:34:37  [info] 5.255 ParentCompany
Mar 24 09:34:42  [info] 4.992 ParentCompany
Mar 24 09:34:47  [info] 4.777 Calendar
Mar 24 09:34:51  [info] 4.493 NbmMonthlyPlannerGraph4
Mar 24 09:34:57  [info] 5.462 ParentCompany
Mar 24 09:35:03  [info] 5.787 ParentCompany
Mar 24 09:35:08  [info] 5.175 ParentCompany
Mar 24 09:35:13  [info] 5.059 ParentCompany
Mar 24 09:35:18  [info] 5.171 ParentCompany
Mar 24 09:35:26  [info] 8.001 ParentCompany
Mar 24 09:35:31  [info] 5.264 ParentCompany
Mar 24 09:35:37  [info] 5.158 ParentCompany
Mar 24 09:35:42  [info] 5.041 ParentCompany
Mar 24 09:35:47  [info] 5.378 ParentCompany
Mar 24 09:35:52  [info] 5.065 ParentCompany
Mar 24 09:35:57  [info] 4.985 ParentCompany
Mar 24 09:36:02  [info] 4.946 ParentCompany
Mar 24 09:36:08  [info] 5.362 ParentCompany
Mar 24 09:36:13  [info] 5.205 ParentCompany
Mar 24 09:36:18  [info] 5.151 ParentCompany
Mar 24 09:36:23  [info] 5.352 Company
Mar 24 09:36:29  [info] 5.193 Company
Mar 24 09:36:34  [info] 4.98 Company
Mar 24 09:36:39  [info] 4.95 Company
Mar 24 09:36:44  [info] 5.203 Company
Mar 24 09:36:49  [info] 4.999 Company
Mar 24 09:36:56  [info] 6.678 CompanyCreate
Mar 24 09:37:01  [info] 5.143 Category
Mar 24 09:37:07  [info] 5.661 Category
Mar 24 09:37:12  [info] 4.797 CalendarDay
Mar 24 09:37:17  [info] 4.787 Search
Mar 24 09:37:22  [info] 4.918 Home
Mar 24 09:37:27  [info] 5.238 Home
Mar 24 09:37:33  [info] 5.296 Category
Mar 24 09:37:38  [info] 4.816 Category
Mar 24 09:37:44  [info] 6.545 CompanyCreate
Mar 24 09:37:50  [info] 5.672 ParentCompany
Mar 24 09:37:55  [info] 4.578 DashboardFrame
Mar 24 09:37:56  [info] 1.035 AjaxScoreboard
Mar 24 09:37:58  [info] 2.05 AjaxDashboard
Mar 24 09:38:03  [info] 5.111 ActionsFrame
Mar 24 09:38:05  [info] 2.357 AjaxDashboard
Mar 24 09:38:06  [info] 0.977 AjaxScoreboard
Mar 24 09:38:17  [info] 10.056 NbmMonthlyPlanner
Mar 24 09:38:21  [info] 3.996 Communication
Mar 24 09:38:25  [info] 3.963 DashboardFrame
Mar 24 09:38:46  [info] 21.112 Dashboard
Mar 24 09:38:51  [info] 5.415 ActionsFrame
Mar 24 09:38:57  [info] 5.022 Calendar
Mar 24 09:39:06  [info] 9.559 NbmMonthlyPlanner
Mar 24 09:39:11  [info] 4.209 Communication
Mar 24 09:39:15  [info] 4.488 NbmMonthlyPlannerGraph4
Mar 24 09:39:37  [info] 21.903 Dashboard
Mar 24 09:39:45  [info] 4.708 Calendar
Mar 24 09:39:49  [info] 3.971 CalendarDay
Mar 24 09:39:56  [info] 4.409 NbmMonthlyPlannerGraph4
Mar 24 09:40:04  [info] 4.162 CalendarDay
Mar 24 09:40:12  [info] 4.655 Search
Mar 24 09:40:19  [info] 6.499 CompanyCreate
Mar 24 09:40:24  [info] 5.481 ParentCompany
Mar 24 09:40:30  [info] 5.331 Category
Mar 24 09:40:35  [info] 5.18 Category
Mar 24 09:42:00  [info] 5.219 ParentCompany
Mar 24 09:42:06  [info] 5.233 ParentCompany
Mar 24 09:42:11  [info] 5.14 ParentCompany
Mar 24 09:42:16  [info] 5.084 ParentCompany
Mar 24 09:42:21  [info] 4.994 ParentCompany
Mar 24 09:42:27  [info] 5.621 ParentCompany
Mar 24 09:42:32  [info] 5.252 ParentCompany
Mar 24 09:42:38  [info] 5.37 ParentCompany
Mar 24 09:42:43  [info] 5.397 ParentCompany
Mar 24 09:42:48  [info] 5.284 ParentCompany
Mar 24 09:42:54  [info] 5.338 ParentCompany
Mar 24 09:42:59  [info] 5.323 ParentCompany
Mar 24 09:43:06  [info] 6.385 ParentCompany
Mar 24 09:43:12  [info] 5.875 ParentCompany
Mar 24 09:43:17  [info] 5.206 ParentCompany
Mar 24 09:43:22  [info] 5.195 ParentCompany
Mar 24 09:43:27  [info] 5.347 ParentCompany
Mar 24 09:43:33  [info] 5.36 ParentCompany
Mar 24 09:43:38  [info] 5.398 ParentCompany
Mar 24 09:43:44  [info] 5.361 ParentCompany
Mar 24 09:43:49  [info] 5.549 ParentCompany
Mar 24 09:43:55  [info] 5.722 ParentCompany
Mar 24 09:44:01  [info] 5.207 ParentCompany
Mar 24 09:44:07  [info] 5.714 ParentCompany
Mar 24 09:44:12  [info] 5.335 Company
Mar 24 09:44:17  [info] 5.202 Company
Mar 24 09:44:22  [info] 5.077 Company
Mar 24 09:44:28  [info] 5.364 Company
Mar 24 09:44:33  [info] 5.102 Company
Mar 24 09:44:38  [info] 5.14 Company
Mar 24 09:44:44  [info] 5.437 Company
Mar 24 09:44:49  [info] 5.284 Company
Mar 24 09:44:54  [info] 4.93 Company
Mar 24 09:44:59  [info] 5.059 Company
Mar 24 09:45:04  [info] 4.965 Company
Mar 24 09:45:10  [info] 5.346 ParentCompany
Mar 24 09:45:15  [info] 5.176 Category
Mar 24 09:45:27  [info] 12.087 CompanyCreate
Mar 24 09:45:33  [info] 5.808 Category
Mar 24 09:45:38  [info] 4.87 Category
Mar 24 09:45:44  [info] 5.452 Category
Mar 24 09:47:28  [info] 0.173 Login
Mar 24 09:47:38  [info] 0.634 Login
Mar 24 09:47:53  [info] 0.094 Login
Mar 24 09:48:14  [info] 4.643 Home
Mar 24 09:48:20  [info] 1.133 AjaxScoreboard
Mar 24 09:48:26  [info] 5.168 DashboardFrame
Mar 24 09:48:28  [info] 2.198 AjaxDashboard
Mar 24 09:48:33  [info] 5.401 ActionsFrame
Mar 24 09:48:53  [info] 19.331 Dashboard
Mar 24 09:49:02  [info] 9.328 NbmMonthlyPlanner
Mar 24 09:49:07  [info] 4.882 Calendar
Mar 24 09:49:11  [info] 3.833 Communication
Mar 24 09:49:16  [info] 4.764 Home
Mar 24 09:49:26  [info] 4.46 NbmMonthlyPlannerGraph4
Mar 24 09:49:31  [info] 4.179 CalendarDay
Mar 24 09:49:36  [info] 5.184 Home
Mar 24 09:49:38  [info] 2.016 AjaxDashboard
Mar 24 09:49:42  [info] 4.148 DashboardFrame
Mar 24 09:49:44  [info] 1.239 AjaxScoreboard
Mar 24 09:49:49  [info] 5.328 ActionsFrame
Mar 24 09:49:59  [info] 9.665 NbmMonthlyPlanner
Mar 24 09:50:03  [info] 4.011 Communication
Mar 24 09:50:24  [info] 20.522 Dashboard
Mar 24 09:50:28  [info] 3.953 DashboardFrame
Mar 24 09:50:29  [info] 1.077 AjaxScoreboard
Mar 24 09:50:31  [info] 2.142 AjaxDashboard
Mar 24 09:50:36  [info] 4.85 Calendar
Mar 24 09:50:42  [info] 5.049 ActionsFrame
Mar 24 09:50:51  [info] 9.69 NbmMonthlyPlanner
Mar 24 09:50:55  [info] 3.898 Communication
Mar 24 09:51:00  [info] 4.404 NbmMonthlyPlannerGraph4
Mar 24 09:51:20  [info] 20.186 Dashboard
Mar 24 09:51:27  [info] 3.819 CalendarDay
Mar 24 09:51:33  [info] 5.27 Calendar
Mar 24 09:51:40  [info] 4.457 NbmMonthlyPlannerGraph4
Mar 24 09:51:49  [info] 4.094 CalendarDay
Mar 24 09:54:22  [info] 4.899 Home
Mar 24 09:54:28  [info] 4.969 DashboardFrame
Mar 24 09:54:30  [info] 1.182 AjaxScoreboard
Mar 24 09:54:32  [info] 2.016 AjaxDashboard
Mar 24 09:54:53  [info] 20.869 Dashboard
Mar 24 09:54:58  [info] 5.554 ActionsFrame
Mar 24 09:55:08  [info] 9.38 NbmMonthlyPlanner
Mar 24 09:55:13  [info] 5.225 Search
Mar 24 09:55:17  [info] 3.784 Communication
Mar 24 09:55:27  [info] 4.664 Calendar
Mar 24 09:55:33  [info] 5.123 Home
Mar 24 09:55:38  [info] 4.706 NbmMonthlyPlannerGraph4
Mar 24 09:55:44  [info] 6.511 CompanyCreate
Mar 24 09:55:50  [info] 5.538 ParentCompany
Mar 24 09:55:54  [info] 3.937 CalendarDay
Mar 24 09:55:58  [info] 4.182 DashboardFrame
Mar 24 09:55:59  [info] 1.048 AjaxScoreboard
Mar 24 09:56:02  [info] 2.159 AjaxDashboard
Mar 24 09:56:07  [info] 5.219 ActionsFrame
Mar 24 09:56:13  [info] 5.588 Category
Mar 24 09:56:23  [info] 9.891 NbmMonthlyPlanner
Mar 24 09:56:27  [info] 4.018 Communication
Mar 24 09:56:47  [info] 19.93 Dashboard
Mar 24 09:56:52  [info] 5.157 Calendar
Mar 24 09:56:57  [info] 5.156 Category
Mar 24 09:57:02  [info] 4.266 NbmMonthlyPlannerGraph4
Mar 24 09:57:12  [info] 4.163 CalendarDay
Mar 24 09:59:47  [info] 2.068 AjaxDashboard
Mar 24 10:00:37  [info] 4.777 Home
Mar 24 10:00:45  [info] 4.835 DashboardFrame
Mar 24 10:00:47  [info] 1.147 AjaxScoreboard
Mar 24 10:00:49  [info] 2.069 AjaxDashboard
Mar 24 10:01:08  [info] 19.574 Dashboard
Mar 24 10:01:14  [info] 5.358 ActionsFrame
Mar 24 10:01:24  [info] 9.782 NbmMonthlyPlanner
Mar 24 10:01:28  [info] 3.843 Communication
Mar 24 10:01:38  [info] 4.984 Calendar
Mar 24 10:01:43  [info] 4.783 NbmMonthlyPlannerGraph4
Mar 24 10:01:48  [info] 4.175 CalendarDay
Mar 24 10:09:48  [info] 2.223 AjaxDashboard
Mar 24 10:10:43  [info] 2.054 AjaxDashboard
Mar 24 10:19:49  [info] 2.059 AjaxDashboard
Mar 24 10:20:44  [info] 2.082 AjaxDashboard
Mar 24 10:29:50  [info] 2.027 AjaxDashboard
Mar 24 10:30:45  [info] 2.043 AjaxDashboard
Mar 24 10:33:41  [info] 5.446 ParentCompany
Mar 24 10:33:47  [info] 5.226 ParentCompany
Mar 24 10:33:52  [info] 5.313 ParentCompany
Mar 24 10:33:57  [info] 5.347 ParentCompany
Mar 24 10:34:03  [info] 5.395 ParentCompany
Mar 24 10:34:08  [info] 5.273 ParentCompany
Mar 24 10:34:14  [info] 5.481 ParentCompany
Mar 24 10:34:19  [info] 5.338 ParentCompany
Mar 24 10:34:24  [info] 5.058 Company
Mar 24 10:34:30  [info] 5.235 Company
Mar 24 10:34:35  [info] 5.059 Category
Mar 24 10:34:40  [info] 4.995 Home
Mar 24 10:34:51  [info] 5.294 DashboardFrame
Mar 24 10:34:53  [info] 2.094 AjaxDashboard
Mar 24 10:34:54  [info] 0.945 AjaxScoreboard
Mar 24 10:35:16  [info] 21.176 Dashboard
Mar 24 10:35:21  [info] 5.158 ActionsFrame
Mar 24 10:35:30  [info] 9.413 NbmMonthlyPlanner
Mar 24 10:35:34  [info] 3.954 Communication
Mar 24 10:35:45  [info] 4.631 Calendar
Mar 24 10:35:50  [info] 4.754 Home
Mar 24 10:35:54  [info] 4.526 NbmMonthlyPlannerGraph4
Mar 24 10:35:59  [info] 4.632 Search
Mar 24 10:36:03  [info] 4.191 CalendarDay
Mar 24 10:36:07  [info] 3.911 DashboardFrame
Mar 24 10:36:08  [info] 0.995 AjaxScoreboard
Mar 24 10:36:10  [info] 2.055 AjaxDashboard
Mar 24 10:36:16  [info] 5.278 ActionsFrame
Mar 24 10:36:21  [info] 5.151 Search
Mar 24 10:36:31  [info] 9.588 NbmMonthlyPlanner
Mar 24 10:36:51  [info] 20.338 Dashboard
Mar 24 10:36:55  [info] 3.988 Communication
Mar 24 10:37:00  [info] 4.942 Calendar
Mar 24 10:37:08  [info] 6.92 CompanyCreate
Mar 24 10:37:13  [info] 5.633 ParentCompany
Mar 24 10:37:18  [info] 4.203 NbmMonthlyPlannerGraph4
Mar 24 10:37:28  [info] 4.271 CalendarDay
Mar 24 10:37:33  [info] 5.475 Category
Mar 24 10:37:38  [info] 5.237 Category
Mar 24 10:41:05  [info] 5.216 ParentCompany
Mar 24 10:41:11  [info] 5.311 ParentCompany
Mar 24 10:41:16  [info] 5.359 ParentCompany
Mar 24 10:41:22  [info] 5.212 ParentCompany
Mar 24 10:41:27  [info] 5.678 ParentCompany
Mar 24 10:41:32  [info] 5.119 ParentCompany
Mar 24 10:41:38  [info] 5.302 ParentCompany
Mar 24 10:41:43  [info] 5.361 ParentCompany
Mar 24 10:41:49  [info] 5.11 ParentCompany
Mar 24 10:41:54  [info] 5.351 ParentCompany
Mar 24 10:42:00  [info] 5.441 ParentCompany
Mar 24 10:42:05  [info] 5.091 Company
Mar 24 10:42:10  [info] 5.194 Company
Mar 24 10:42:15  [info] 5.245 Company
Mar 24 10:42:21  [info] 5.123 Company
Mar 24 10:42:26  [info] 5.189 Category
Mar 24 10:42:31  [info] 4.999 Category
Mar 24 10:42:36  [info] 5.151 Category
Mar 24 10:42:42  [info] 5.118 Category
Mar 24 10:43:12  [info] 12.507 CompanyCreate
Mar 24 10:43:18  [info] 5.232 Category
Mar 24 10:43:45  [info] 4.965 Category
Mar 24 10:44:49  [info] 2.096 AjaxDashboard
Mar 24 10:45:55  [info] 2.137 AjaxDashboard
Mar 24 10:54:50  [info] 2.007 AjaxDashboard
Mar 24 10:55:56  [info] 2.052 AjaxDashboard
Mar 24 11:04:51  [info] 2.505 AjaxDashboard
Mar 24 11:05:57  [info] 2.158 AjaxDashboard
Mar 24 11:08:24  [info] 4.041 WorkspaceSearch
Mar 24 11:08:53  [info] 5.512 ParentCompany
Mar 24 11:08:59  [info] 5.635 ParentCompany
Mar 24 11:09:16  [info] 16.549 ParentCompany
Mar 24 11:09:21  [info] 5.307 ParentCompany
Mar 24 11:09:27  [info] 5.31 Search
Mar 24 11:09:34  [info] 6.834 CompanyCreate
Mar 24 11:09:40  [info] 5.995 ParentCompany
Mar 24 11:09:46  [info] 5.601 Category
Mar 24 11:09:52  [info] 5.782 Category
Mar 24 11:13:40  [info] 6.933 ParentCompany
Mar 24 11:13:46  [info] 5.589 ParentCompany
Mar 24 11:13:52  [info] 5.753 ParentCompany
Mar 24 11:13:58  [info] 5.793 ParentCompany
Mar 24 11:14:04  [info] 6.096 ParentCompany
Mar 24 11:14:10  [info] 5.789 ParentCompany
Mar 24 11:14:16  [info] 5.758 ParentCompany
Mar 24 11:14:22  [info] 5.884 ParentCompany
Mar 24 11:14:28  [info] 5.429 ParentCompany
Mar 24 11:14:34  [info] 6.082 ParentCompany
Mar 24 11:14:40  [info] 5.588 ParentCompany
Mar 24 11:14:46  [info] 5.593 ParentCompany
Mar 24 11:14:52  [info] 5.546 Company
Mar 24 11:14:57  [info] 5.35 Company
Mar 24 11:15:03  [info] 5.415 Company
Mar 24 11:15:10  [info] 6.252 Company
Mar 24 11:15:16  [info] 5.923 Company
Mar 24 11:15:22  [info] 6.076 Company
Mar 24 11:15:29  [info] 6.276 Company
Mar 24 11:15:35  [info] 5.736 Company
Mar 24 11:15:41  [info] 5.708 Company
Mar 24 11:15:46  [info] 5.379 Company
Mar 24 11:15:53  [info] 5.746 Category
Mar 24 11:15:59  [info] 5.738 Category
Mar 24 11:16:05  [info] 5.815 ParentCompany
Mar 24 11:16:11  [info] 6.018 ParentCompany
Mar 24 11:16:16  [info] 5.475 ParentCompany
Mar 24 11:16:22  [info] 5.796 ParentCompany
Mar 24 11:16:25  [info] 2.207 AjaxDashboard
Mar 24 11:16:30  [info] 5.64 ParentCompany
Mar 24 11:16:36  [info] 5.597 ParentCompany
Mar 24 11:16:42  [info] 5.374 ParentCompany
Mar 24 11:16:47  [info] 5.362 ParentCompany
Mar 24 11:16:53  [info] 5.238 ParentCompany
Mar 24 11:16:58  [info] 5.37 ParentCompany
Mar 24 11:17:03  [info] 5.292 ParentCompany
Mar 24 11:17:09  [info] 5.47 ParentCompany
Mar 24 11:17:15  [info] 5.729 ParentCompany
Mar 24 11:17:20  [info] 5.265 ParentCompany
Mar 24 11:17:24  [info] 3.175 AjaxDashboard
Mar 24 11:17:29  [info] 5.393 ParentCompany
Mar 24 11:17:35  [info] 5.493 ParentCompany
Mar 24 11:17:41  [info] 5.723 ParentCompany
Mar 24 11:17:46  [info] 5.486 ParentCompany
Mar 24 11:17:52  [info] 5.248 ParentCompany
Mar 24 11:17:57  [info] 5.191 ParentCompany
Mar 24 11:18:05  [info] 5.484 Home
Mar 24 11:18:11  [info] 4.732 Home
Mar 24 11:18:15  [info] 4.83 Home
Mar 24 11:18:19  [info] 1.137 AjaxScoreboard
Mar 24 11:18:25  [info] 5.609 DashboardFrame
Mar 24 11:18:27  [info] 2.375 AjaxDashboard
Mar 24 11:18:28  [info] 1.106 AjaxScoreboard
Mar 24 11:18:31  [info] 2.111 AjaxDashboard
Mar 24 11:18:36  [info] 5.601 ActionsFrame
Mar 24 11:18:40  [info] 3.976 DashboardFrame
Mar 24 11:19:02  [info] 22.001 Dashboard
Mar 24 11:19:13  [info] 10.013 NbmMonthlyPlanner
Mar 24 11:19:17  [info] 4.205 Communication
Mar 24 11:19:22  [info] 5.453 ActionsFrame
Mar 24 11:19:28  [info] 5.345 Calendar
Mar 24 11:19:39  [info] 10.678 NbmMonthlyPlanner
Mar 24 11:19:43  [info] 4.017 Communication
Mar 24 11:20:03  [info] 20.268 Dashboard
Mar 24 11:20:14  [info] 5.158 Calendar
Mar 24 11:20:19  [info] 4.378 CalendarDay
Mar 24 11:20:24  [info] 4.712 NbmMonthlyPlannerGraph4
Mar 24 11:20:28  [info] 4.421 NbmMonthlyPlannerGraph4
Mar 24 11:20:38  [info] 4.068 CalendarDay
Mar 24 11:20:43  [info] 4.729 Search
Mar 24 11:20:50  [info] 6.043 ParentCompany
Mar 24 11:20:58  [info] 7.346 CompanyCreate
Mar 24 11:21:04  [info] 5.727 Category
Mar 24 11:21:10  [info] 5.368 Category
Mar 24 11:21:17  [info] 5.264 ParentCompany
Mar 24 11:21:23  [info] 5.938 ParentCompany
Mar 24 11:21:30  [info] 7.449 ParentCompany
Mar 24 11:21:36  [info] 5.556 ParentCompany
Mar 24 11:21:44  [info] 7.555 ParentCompany
Mar 24 11:21:50  [info] 6.087 ParentCompany
Mar 24 11:21:56  [info] 5.577 ParentCompany
Mar 24 11:22:02  [info] 5.274 ParentCompany
Mar 24 11:22:07  [info] 5.664 ParentCompany
Mar 24 11:22:13  [info] 5.707 ParentCompany
Mar 24 11:22:18  [info] 5.107 ParentCompany
Mar 24 11:22:23  [info] 4.969 ParentCompany
Mar 24 11:22:29  [info] 5.225 ParentCompany
Mar 24 11:23:24  [info] 5.273 ParentCompany
Mar 24 11:23:29  [info] 5.512 ParentCompany
Mar 24 11:23:35  [info] 5.691 ParentCompany
Mar 24 11:23:41  [info] 5.641 ParentCompany
Mar 24 11:23:46  [info] 5.352 ParentCompany
Mar 24 11:23:52  [info] 5.677 ParentCompany
Mar 24 11:23:57  [info] 5.317 Company
Mar 24 11:24:02  [info] 5.094 Company
Mar 24 11:24:08  [info] 5.114 Company
Mar 24 11:24:13  [info] 5.319 Company
Mar 24 11:24:18  [info] 5.206 Company
Mar 24 11:24:24  [info] 5.37 Company
Mar 24 11:24:29  [info] 5.247 Category
Mar 24 11:28:21  [info] 2.23 AjaxDashboard
Mar 24 11:28:26  [info] 2.112 AjaxDashboard
Mar 24 11:38:22  [info] 2.249 AjaxDashboard
Mar 24 11:38:27  [info] 2.161 AjaxDashboard
Mar 24 11:48:23  [info] 2.083 AjaxDashboard
Mar 24 11:48:27  [info] 1.989 AjaxDashboard
Mar 24 11:58:23  [info] 2.004 AjaxDashboard
Mar 24 11:58:29  [info] 2.164 AjaxDashboard
Mar 24 12:08:25  [info] 2.149 AjaxDashboard
Mar 24 12:08:30  [info] 2.117 AjaxDashboard
Mar 24 12:18:25  [info] 2.017 AjaxDashboard
Mar 24 12:18:31  [info] 2.486 AjaxDashboard
Mar 24 12:18:42  [info] 4.133 ActionCreate
Mar 24 12:19:27  [info] 4.918 ActionCreate
Mar 24 12:19:32  [info] 5.292 Calendar
Mar 24 12:19:39  [info] 4.672 CalendarDay
Mar 24 12:20:11  [info] 5.03 Calendar
Mar 24 12:20:19  [info] 4.045 CalendarDay
Mar 24 12:20:27  [info] 4.502 ActionCreate
Mar 24 12:21:02  [info] 4.874 ActionCreate
Mar 24 12:21:08  [info] 4.903 Calendar
Mar 24 12:21:15  [info] 4.411 CalendarDay
Mar 24 12:26:20  [info] 4.109 WorkspaceSearch
Mar 24 12:26:28  [info] 4.875 Search
Mar 24 12:26:36  [info] 6.45 CompanyCreate
Mar 24 12:26:42  [info] 6.004 ParentCompany
Mar 24 12:26:48  [info] 5.587 Category
Mar 24 12:26:54  [info] 5.338 Category
Mar 24 12:28:27  [info] 2.133 AjaxDashboard
Mar 24 12:28:32  [info] 2.081 AjaxDashboard
Mar 24 12:37:19  [info] 4.243 WorkspaceFilter
Mar 24 12:37:26  [info] 4.073 WorkspaceSearch
Mar 24 12:37:32  [info] 4.282 WorkspaceFilter
Mar 24 12:37:41  [info] 4.111 WorkspaceFilter
Mar 24 12:37:56  [info] 7.032 FilterList
Mar 24 12:38:04  [info] 6.678 AjaxFilterBuilder
Mar 24 12:38:11  [info] 6.411 AjaxFilterBuilder
Mar 24 12:38:17  [info] 5.474 Company
Mar 24 12:38:22  [info] 5.095 SearchResults
Mar 24 12:38:41  [info] 18.755 WorkspaceSearch
Mar 24 12:38:43  [info] 2.294 AjaxDashboard
Mar 24 12:38:47  [info] 3.834 WorkspaceSearch
Mar 24 12:38:50  [info] 2.234 AjaxDashboard
Mar 24 12:38:56  [info] 4.855 Home
Mar 24 12:39:03  [info] 1.141 AjaxScoreboard
Mar 24 12:39:08  [info] 4.94 DashboardFrame
Mar 24 12:39:11  [info] 2.186 AjaxDashboard
Mar 24 12:39:16  [info] 5.283 ActionsFrame
Mar 24 12:39:36  [info] 19.774 Dashboard
Mar 24 12:39:46  [info] 9.891 NbmMonthlyPlanner
Mar 24 12:39:50  [info] 4.087 Communication
Mar 24 12:39:55  [info] 4.957 Calendar
Mar 24 12:40:06  [info] 4.576 NbmMonthlyPlannerGraph4
Mar 24 12:40:10  [info] 4.121 CalendarDay
Mar 24 12:48:33  [info] 1.957 AjaxDashboard
Mar 24 12:49:04  [info] 1.979 AjaxDashboard
Mar 24 12:49:46  [info] 5.009 Home
Mar 24 12:49:50  [info] 4.751 Home
Mar 24 12:50:04  [info] 5.341 DashboardFrame
Mar 24 12:50:05  [info] 1.159 AjaxScoreboard
Mar 24 12:50:08  [info] 2.231 AjaxDashboard
Mar 24 12:50:13  [info] 5.216 ActionsFrame
Mar 24 12:50:17  [info] 3.956 DashboardFrame
Mar 24 12:50:19  [info] 2.034 AjaxDashboard
Mar 24 12:50:20  [info] 1.031 AjaxScoreboard
Mar 24 12:50:42  [info] 21.345 Dashboard
Mar 24 12:50:52  [info] 10.033 NbmMonthlyPlanner
Mar 24 12:50:57  [info] 5.125 Home
Mar 24 12:51:02  [info] 5.156 ActionsFrame
Mar 24 12:51:08  [info] 5.239 Calendar
Mar 24 12:51:13  [info] 4.894 Communication
Mar 24 12:51:18  [info] 4.916 Home
Mar 24 12:51:28  [info] 9.967 NbmMonthlyPlanner
Mar 24 12:51:49  [info] 20.353 Dashboard
Mar 24 12:51:53  [info] 4.145 Communication
Mar 24 12:52:03  [info] 4.53 NbmMonthlyPlannerGraph4
Mar 24 12:52:07  [info] 4.041 DashboardFrame
Mar 24 12:52:12  [info] 4.196 CalendarDay
Mar 24 12:52:17  [info] 5.128 ActionsFrame
Mar 24 12:52:18  [info] 1.028 AjaxScoreboard
Mar 24 12:52:27  [info] 9.228 NbmMonthlyPlanner
Mar 24 12:52:30  [info] 2.134 AjaxDashboard
Mar 24 12:52:34  [info] 4.009 Communication
Mar 24 12:52:38  [info] 3.971 DashboardFrame
Mar 24 12:52:43  [info] 5.017 ActionsFrame
Mar 24 12:52:53  [info] 9.891 NbmMonthlyPlanner
Mar 24 12:52:57  [info] 3.983 Communication
Mar 24 12:53:17  [info] 19.773 Dashboard
Mar 24 12:53:22  [info] 4.906 Calendar
Mar 24 12:53:23  [info] 1.107 AjaxScoreboard
Mar 24 12:53:25  [info] 2.121 AjaxDashboard
Mar 24 12:53:30  [info] 4.595 NbmMonthlyPlannerGraph4
Mar 24 12:53:50  [info] 19.575 Dashboard
Mar 24 12:53:55  [info] 4.901 Calendar
Mar 24 12:53:59  [info] 4.35 NbmMonthlyPlannerGraph4
Mar 24 12:54:04  [info] 4.414 CalendarDay
Mar 24 12:54:13  [info] 3.998 CalendarDay
Mar 24 12:54:32  [info] 3.848 WorkspaceFilter
Mar 24 12:54:41  [info] 7.011 FilterList
Mar 24 12:54:49  [info] 6.611 AjaxFilterBuilder
Mar 24 12:54:55  [info] 6.217 AjaxFilterBuilder
Mar 24 12:54:59  [info] 3.973 WorkspaceSearch
Mar 24 12:55:06  [info] 4.799 Search
Mar 24 12:55:14  [info] 6.922 CompanyCreate
Mar 24 12:55:20  [info] 5.738 ParentCompany
Mar 24 12:55:25  [info] 5.251 Company
Mar 24 12:55:30  [info] 4.991 Category
Mar 24 12:55:35  [info] 4.945 SearchResults
Mar 24 12:55:40  [info] 5.121 SearchResults
Mar 24 12:55:46  [info] 5.67 Category
Mar 24 12:56:05  [info] 18.623 WorkspaceSearch
Mar 24 12:56:22  [info] 17.423 WorkspaceSearch
Mar 24 12:56:28  [info] 5.428 Company
Mar 24 12:56:33  [info] 5.382 Company
Mar 24 12:56:39  [info] 5.079 ParentCompany
Mar 24 12:56:44  [info] 5.327 ParentCompany
Mar 24 12:56:50  [info] 5.612 ParentCompany
Mar 24 12:56:54  [info] 4.08 WorkspaceSearch
Mar 24 12:56:59  [info] 4.849 Home
Mar 24 13:02:38  [info] 339.173 ObjectCharacteristics
Mar 24 13:02:43  [info] 4.792 Search
Mar 24 13:02:48  [info] 4.783 DashboardFrame
Mar 24 13:02:49  [info] 1.046 AjaxScoreboard
Mar 24 13:02:51  [info] 2.138 AjaxDashboard
Mar 24 13:02:57  [info] 5.204 ActionsFrame
Mar 24 13:03:06  [info] 9.54 NbmMonthlyPlanner
Mar 24 13:03:11  [info] 5.251 Home
Mar 24 13:03:14  [info] 2.14 AjaxDashboard
Mar 24 13:03:19  [info] 4.895 Home
Mar 24 13:03:24  [info] 3.834 DashboardFrame
Mar 24 13:03:26  [info] 2.106 AjaxDashboard
Mar 24 13:03:27  [info] 1.111 AjaxScoreboard
Mar 24 13:03:48  [info] 20.666 Dashboard
Mar 24 13:03:54  [info] 5.357 ActionsFrame
Mar 24 13:04:03  [info] 9.195 NbmMonthlyPlanner
Mar 24 13:04:07  [info] 4.085 Communication
Mar 24 13:04:18  [info] 4.794 Calendar
Mar 24 13:04:23  [info] 4.503 NbmMonthlyPlannerGraph4
Mar 24 13:04:27  [info] 4.062 WorkspaceSearch
Mar 24 13:04:31  [info] 3.99 CalendarDay
Mar 24 13:04:36  [info] 5.045 Search
Mar 24 13:04:43  [info] 6.47 CompanyCreate
Mar 24 13:04:49  [info] 5.763 ParentCompany
Mar 24 13:04:54  [info] 5.269 Company
Mar 24 13:04:59  [info] 5.114 SearchResults
Mar 24 13:05:04  [info] 4.893 Category
Mar 24 13:05:10  [info] 5.472 SearchResults
Mar 24 13:05:15  [info] 5.326 Category
Mar 24 13:05:32  [info] 17.138 WorkspaceSearch
Mar 24 13:08:58  [info] 0.251 Login
Mar 24 13:09:07  [info] 5.4 Home
Mar 24 13:09:14  [info] 5.242 DashboardFrame
Mar 24 13:09:16  [info] 2.177 AjaxDashboard
Mar 24 13:09:17  [info] 1.036 AjaxScoreboard
Mar 24 13:09:38  [info] 20.781 Dashboard
Mar 24 13:09:43  [info] 5.28 ActionsFrame
Mar 24 13:09:54  [info] 10.55 NbmMonthlyPlanner
Mar 24 13:09:58  [info] 4.285 Communication
Mar 24 13:10:10  [info] 5.496 Calendar
Mar 24 13:10:15  [info] 4.638 NbmMonthlyPlannerGraph4
Mar 24 13:10:20  [info] 4.251 CalendarDay
Mar 24 13:10:27  [info] 4.454 WorkspaceSearch
Mar 24 13:10:57  [info] 5.256 Search
Mar 24 13:11:04  [info] 6.985 CompanyCreate
Mar 24 13:11:11  [info] 6.346 ParentCompany
Mar 24 13:11:17  [info] 5.864 Company
Mar 24 13:11:23  [info] 5.505 Category
Mar 24 13:11:29  [info] 5.92 SearchResults
Mar 24 13:11:35  [info] 5.461 Category
Mar 24 13:11:54  [info] 19.039 WorkspaceSearch
Mar 24 13:12:12  [info] 18.374 WorkspaceSearch
Mar 24 13:14:07  [info] 0.211 Login
Mar 24 13:14:23  [info] 5.082 Home
Mar 24 13:14:29  [info] 5.343 DashboardFrame
Mar 24 13:14:30  [info] 1.214 AjaxScoreboard
Mar 24 13:14:33  [info] 2.306 AjaxDashboard
Mar 24 13:14:54  [info] 20.555 Dashboard
Mar 24 13:15:00  [info] 6.263 ActionsFrame
Mar 24 13:15:10  [info] 10.164 NbmMonthlyPlanner
Mar 24 13:15:15  [info] 4.32 Communication
Mar 24 13:15:27  [info] 5.464 Calendar
Mar 24 13:15:32  [info] 4.553 NbmMonthlyPlannerGraph4
Mar 24 13:15:36  [info] 4.193 CalendarDay
Mar 24 13:15:41  [info] 4.269 WorkspaceSearch
Mar 24 13:17:23  [info] 4.954 Search
Mar 24 13:17:30  [info] 6.689 CompanyCreate
Mar 24 13:17:36  [info] 6.34 ParentCompany
Mar 24 13:17:42  [info] 5.022 Category
Mar 24 13:17:47  [info] 5.396 Category
Mar 24 13:18:01  [info] 5.03 Company
Mar 24 13:18:06  [info] 5.126 SearchResults
Mar 24 13:18:12  [info] 359.465 ObjectCharacteristics
Mar 24 13:18:18  [info] 5.057 SearchResults
Mar 24 13:18:22  [info] 3.96 Communication
Mar 24 13:18:25  [info] 18.567 WorkspaceSearch
Mar 24 13:18:41  [info] 18.51 CommunicationCreate
Mar 24 13:18:44  [info] 18.961 WorkspaceSearch
Mar 24 13:18:47  [info] 5.533 Home
Mar 24 13:18:48  [info] 4.059 WorkspaceSearch
Mar 24 13:18:54  [info] 1.104 AjaxScoreboard
Mar 24 13:19:00  [info] 5.101 DashboardFrame
Mar 24 13:19:02  [info] 2.059 AjaxDashboard
Mar 24 13:19:07  [info] 5.105 ActionsFrame
Mar 24 13:19:13  [info] 18.171 WorkspaceSearch
Mar 24 13:19:18  [info] 4.168 WorkspaceSearch
Mar 24 13:19:29  [info] 21.673 Dashboard
Mar 24 13:19:38  [info] 9.48 NbmMonthlyPlanner
Mar 24 13:19:43  [info] 4.928 Calendar
Mar 24 13:19:48  [info] 4.313 Communication
Mar 24 13:19:59  [info] 4.432 NbmMonthlyPlannerGraph4
Mar 24 13:20:03  [info] 4.121 CalendarDay
Mar 24 13:20:08  [info] 4.66 Search
Mar 24 13:20:16  [info] 6.654 CompanyCreate
Mar 24 13:20:21  [info] 17.562 WorkspaceSearch
Mar 24 13:20:22  [info] 5.673 ParentCompany
Mar 24 13:20:25  [info] 3.924 WorkspaceSearch
Mar 24 13:20:28  [info] 5.381 Category
Mar 24 13:20:33  [info] 5.418 Category
Mar 24 13:21:21  [info] 5.378 Company
Mar 24 13:21:24  [info] 18.657 WorkspaceSearch
Mar 24 13:21:26  [info] 5.155 SearchResults
Mar 24 13:21:29  [info] 4.602 WorkspaceSearch
Mar 24 13:21:45  [info] 18.685 WorkspaceSearch
Mar 24 13:22:03  [info] 17.511 WorkspaceSearch
Mar 24 13:27:30  [info] 326.783 ObjectCharacteristics
Mar 24 13:27:39  [info] 6.769 CampaignCharacteristics
Mar 24 13:28:56  [info] 2.035 AjaxDashboard
Mar 24 13:38:56  [info] 2.186 AjaxDashboard
Mar 24 13:39:02  [info] 5.303 Home
Mar 24 13:39:13  [info] 5.012 DashboardFrame
Mar 24 13:39:15  [info] 1.157 AjaxScoreboard
Mar 24 13:39:17  [info] 2.104 AjaxDashboard
Mar 24 13:39:38  [info] 20.958 Dashboard
Mar 24 13:39:43  [info] 5.152 ActionsFrame
Mar 24 13:39:53  [info] 9.845 NbmMonthlyPlanner
Mar 24 13:39:58  [info] 4.213 Communication
Mar 24 13:40:09  [info] 5.055 Calendar
Mar 24 13:40:13  [info] 4.382 NbmMonthlyPlannerGraph4
Mar 24 13:40:18  [info] 4.119 CalendarDay
Mar 24 13:49:11  [info] 2.059 AjaxDashboard
Mar 24 13:59:12  [info] 2.072 AjaxDashboard
Mar 24 14:09:13  [info] 2.056 AjaxDashboard
Mar 24 14:19:14  [info] 2.066 AjaxDashboard
Mar 24 14:29:15  [info] 2.069 AjaxDashboard
Mar 24 14:39:16  [info] 2.181 AjaxDashboard
Mar 24 14:49:17  [info] 2.139 AjaxDashboard
Mar 24 14:59:18  [info] 2.056 AjaxDashboard
Mar 24 15:09:18  [info] 2.022 AjaxDashboard
Mar 24 15:19:20  [info] 2.034 AjaxDashboard
Mar 24 15:29:21  [info] 2.098 AjaxDashboard
Mar 24 15:39:22  [info] 2.081 AjaxDashboard
Mar 24 15:49:23  [info] 2.06 AjaxDashboard
Mar 24 15:59:23  [info] 1.962 AjaxDashboard
Mar 24 16:09:25  [info] 2.189 AjaxDashboard
Mar 24 16:19:25  [info] 1.919 AjaxDashboard
Mar 24 16:29:28  [info] 2.912 AjaxDashboard
Mar 24 16:39:28  [info] 2.048 AjaxDashboard
Mar 24 16:49:29  [info] 2.161 AjaxDashboard
Mar 24 16:59:30  [info] 2.416 AjaxDashboard
Mar 24 17:09:31  [info] 2.166 AjaxDashboard
Mar 24 17:19:32  [info] 2.115 AjaxDashboard
Mar 24 17:29:33  [info] 2.088 AjaxDashboard
Mar 24 17:39:34  [info] 2.099 AjaxDashboard
Mar 24 17:49:35  [info] 2.115 AjaxDashboard
Mar 24 17:59:36  [info] 2.137 AjaxDashboard
Mar 24 18:09:37  [info] 2.084 AjaxDashboard
Mar 24 18:19:38  [info] 2.15 AjaxDashboard
Mar 24 18:29:38  [info] 2.015 AjaxDashboard
Mar 24 18:39:39  [info] 2.05 AjaxDashboard
Mar 24 18:49:41  [info] 2.106 AjaxDashboard
Mar 24 18:59:42  [info] 2.174 AjaxDashboard
Mar 24 19:09:43  [info] 2.44 AjaxDashboard
Mar 24 19:19:44  [info] 2.06 AjaxDashboard
Mar 24 19:29:45  [info] 2.094 AjaxDashboard
Mar 24 19:39:46  [info] 2.083 AjaxDashboard
Mar 24 19:49:47  [info] 2.111 AjaxDashboard
Mar 24 19:59:47  [info] 2.028 AjaxDashboard
Mar 24 20:09:49  [info] 2.332 AjaxDashboard
Mar 24 20:19:50  [info] 2.135 AjaxDashboard
Mar 24 20:29:51  [info] 2.468 AjaxDashboard
Mar 24 20:39:52  [info] 2.164 AjaxDashboard
Mar 24 20:49:52  [info] 2.037 AjaxDashboard
Mar 24 20:59:54  [info] 2.08 AjaxDashboard
Mar 24 21:09:55  [info] 2.042 AjaxDashboard
Mar 24 21:19:56  [info] 1.989 AjaxDashboard
Mar 24 21:29:57  [info] 2.002 AjaxDashboard
Mar 24 21:39:57  [info] 2.043 AjaxDashboard
Mar 24 21:49:59  [info] 2.191 AjaxDashboard
Mar 24 21:59:59  [info] 2.049 AjaxDashboard
Mar 24 22:10:01  [info] 2.053 AjaxDashboard
Mar 24 22:20:01  [info] 1.978 AjaxDashboard
Mar 24 22:30:03  [info] 2.545 AjaxDashboard
Mar 24 22:40:03  [info] 1.996 AjaxDashboard
Mar 24 22:50:05  [info] 2.091 AjaxDashboard
Mar 24 23:00:06  [info] 2.076 AjaxDashboard
Mar 24 23:10:06  [info] 1.956 AjaxDashboard
Mar 24 23:20:08  [info] 2.117 AjaxDashboard
Mar 24 23:30:09  [info] 2.118 AjaxDashboard
Mar 24 23:40:10  [info] 2.086 AjaxDashboard
Mar 24 23:50:11  [info] 2.412 AjaxDashboard
Mar 25 00:00:12  [info] 2.166 AjaxDashboard
Mar 25 00:10:13  [info] 2.049 AjaxDashboard
Mar 25 00:20:18  [info] 2.125 AjaxDashboard
Mar 25 00:30:19  [info] 2.269 AjaxDashboard
Mar 25 00:40:20  [info] 1.98 AjaxDashboard
Mar 25 00:50:21  [info] 2.01 AjaxDashboard
Mar 25 01:00:22  [info] 2.107 AjaxDashboard
Mar 25 01:10:23  [info] 2.157 AjaxDashboard
Mar 25 01:20:24  [info] 2.088 AjaxDashboard
Mar 25 01:30:26  [info] 2.407 AjaxDashboard
Mar 25 01:40:26  [info] 2.007 AjaxDashboard
Mar 25 01:50:28  [info] 2.366 AjaxDashboard
Mar 25 02:00:28  [info] 2.154 AjaxDashboard
Mar 25 02:10:29  [info] 2.119 AjaxDashboard
Mar 25 02:20:30  [info] 2.153 AjaxDashboard
Mar 25 02:30:32  [info] 2.445 AjaxDashboard
Mar 25 02:40:32  [info] 2.18 AjaxDashboard
Mar 25 02:50:33  [info] 2.243 AjaxDashboard
Mar 25 03:00:34  [info] 2.236 AjaxDashboard
Mar 25 03:10:35  [info] 2.211 AjaxDashboard
Mar 25 03:20:36  [info] 2.249 AjaxDashboard
Mar 25 03:30:38  [info] 2.157 AjaxDashboard
Mar 25 03:40:38  [info] 2.139 AjaxDashboard
Mar 25 03:50:40  [info] 2.58 AjaxDashboard
Mar 25 04:00:40  [info] 2.156 AjaxDashboard
Mar 25 04:10:41  [info] 1.992 AjaxDashboard
Mar 25 04:20:42  [info] 2.118 AjaxDashboard
Mar 25 04:28:59  [info] 4.071 WorkspaceSearch
Mar 25 04:30:42  [info] 2.255 AjaxDashboard
Mar 25 04:40:43  [info] 2.099 AjaxDashboard
Mar 25 04:50:44  [info] 2.114 AjaxDashboard
Mar 25 05:00:46  [info] 2.678 AjaxDashboard
Mar 25 05:10:46  [info] 2.056 AjaxDashboard
Mar 25 05:20:47  [info] 2.21 AjaxDashboard
Mar 25 05:30:49  [info] 2.351 AjaxDashboard
Mar 25 05:40:49  [info] 2.037 AjaxDashboard
Mar 25 05:50:50  [info] 2.144 AjaxDashboard
Mar 25 06:00:51  [info] 2.054 AjaxDashboard
Mar 25 06:03:25  [info] 5.001 Search
Mar 25 06:03:33  [info] 6.806 CompanyCreate
Mar 25 06:03:40  [info] 6.197 ParentCompany
Mar 25 06:03:45  [info] 5.318 Category
Mar 25 06:04:03  [info] 17.173 SearchResults
Mar 25 06:04:08  [info] 5.232 Category
Mar 25 06:07:28  [info] 16.783 SearchResults
Mar 25 06:10:45  [info] 16.919 SearchResults
Mar 25 06:10:51  [info] 2.098 AjaxDashboard
Mar 25 06:20:52  [info] 2.113 AjaxDashboard
Mar 25 06:30:54  [info] 2.379 AjaxDashboard
Mar 25 06:38:38  [info] 4.323 DashboardEvents
Mar 25 06:38:46  [info] 5.538 EventCreate
Mar 25 06:40:54  [info] 2.124 AjaxDashboard
Mar 25 06:42:12  [info] 5.013 Home
Mar 25 06:42:25  [info] 4.747 DashboardFrame
Mar 25 06:42:27  [info] 1.269 AjaxScoreboard
Mar 25 06:42:29  [info] 2.16 AjaxDashboard
Mar 25 06:42:49  [info] 19.738 Dashboard
Mar 25 06:42:54  [info] 5.314 ActionsFrame
Mar 25 06:43:04  [info] 9.536 NbmMonthlyPlanner
Mar 25 06:43:08  [info] 3.925 Communication
Mar 25 06:43:19  [info] 4.942 Calendar
Mar 25 06:43:23  [info] 4.19 NbmMonthlyPlannerGraph4
Mar 25 06:43:28  [info] 4.382 CalendarDay
Mar 25 06:50:38  [info] 6.304 Home
Mar 25 06:50:45  [info] 1.324 AjaxScoreboard
Mar 25 06:50:53  [info] 2.224 AjaxDashboard
Mar 25 06:51:18  [info] 4.804 Home
Mar 25 06:51:24  [info] 1.059 AjaxScoreboard
Mar 25 06:51:31  [info] 2.116 AjaxDashboard
Mar 25 06:53:16  [info] 4.729 Home
Mar 25 06:53:26  [info] 4.19 DashboardFrame
Mar 25 06:53:28  [info] 1.102 AjaxScoreboard
Mar 25 06:53:30  [info] 2.243 AjaxDashboard
Mar 25 06:53:51  [info] 21 Dashboard
Mar 25 06:53:56  [info] 5.093 ActionsFrame
Mar 25 06:54:06  [info] 9.978 NbmMonthlyPlanner
Mar 25 06:54:11  [info] 4.152 Communication
Mar 25 06:54:22  [info] 5.242 Calendar
Mar 25 06:54:27  [info] 4.449 NbmMonthlyPlannerGraph4
Mar 25 06:54:31  [info] 4.094 CalendarDay
Mar 25 06:56:30  [info] 4.313 DashboardEvents
Mar 25 06:56:38  [info] 4.964 EventCreate
Mar 25 07:00:36  [info] 3.922 WorkspaceFilter
Mar 25 07:00:46  [info] 7.341 FilterList
Mar 25 07:00:53  [info] 6.545 AjaxFilterBuilder
Mar 25 07:00:59  [info] 6.088 AjaxFilterBuilder
Mar 25 07:01:54  [info] 8.425 FilterBuilder
Mar 25 07:02:28  [info] 15.84 AjaxFilterBuilder
Mar 25 07:05:32  [info] 183.479 AjaxFilterBuilder
Mar 25 07:05:40  [info] 3.978 FilterResults
Mar 25 07:05:42  [info] 2.094 AjaxDashboard
Mar 25 07:07:13  [info] 8.712 MailerList
Mar 25 07:15:38  [info] 2.169 AjaxDashboard
Mar 25 07:25:39  [info] 2.221 AjaxDashboard
Mar 25 07:35:41  [info] 2.352 AjaxDashboard
Mar 25 07:45:41  [info] 2.153 AjaxDashboard
Mar 25 07:55:42  [info] 2.11 AjaxDashboard
Mar 25 08:05:43  [info] 2.034 AjaxDashboard
Mar 25 08:15:45  [info] 2.636 AjaxDashboard
Mar 25 08:25:45  [info] 2.011 AjaxDashboard
Mar 25 08:35:47  [info] 2.473 AjaxDashboard
Mar 25 08:45:47  [info] 2.155 AjaxDashboard
Mar 25 08:55:48  [info] 2.144 AjaxDashboard
Mar 25 09:05:49  [info] 2.047 AjaxDashboard
Mar 25 09:15:50  [info] 2.069 AjaxDashboard
Mar 25 09:25:51  [info] 2.011 AjaxDashboard
Mar 25 09:35:53  [info] 2.29 AjaxDashboard
Mar 25 09:45:53  [info] 2.047 AjaxDashboard
Mar 25 09:55:54  [info] 2.068 AjaxDashboard
Mar 25 10:05:55  [info] 2.104 AjaxDashboard
Mar 25 10:15:56  [info] 2.25 AjaxDashboard
Mar 25 10:25:58  [info] 2.592 AjaxDashboard
Mar 25 10:35:59  [info] 2.418 AjaxDashboard
Mar 25 10:46:00  [info] 2.594 AjaxDashboard
Mar 25 10:56:00  [info] 2.211 AjaxDashboard
Mar 25 11:06:02  [info] 3.1 AjaxDashboard
Mar 25 11:16:02  [info] 2.216 AjaxDashboard
Mar 25 11:19:44  [info] 4.499 TimedCallBacks
Mar 25 11:23:54  [info] 3.872 TimedCallBacks
Mar 25 11:24:36  [info] 0.344 Login
Mar 25 11:24:51  [info] 4.667 Home
Mar 25 11:25:01  [info] 5.052 DashboardFrame
Mar 25 11:25:03  [info] 2.077 AjaxDashboard
Mar 25 11:25:05  [info] 1.158 AjaxScoreboard
Mar 25 11:25:25  [info] 20.185 Dashboard
Mar 25 11:25:30  [info] 5.173 ActionsFrame
Mar 25 11:25:40  [info] 10.149 NbmMonthlyPlanner
Mar 25 11:25:45  [info] 4.184 Communication
Mar 25 11:25:56  [info] 4.986 Calendar
Mar 25 11:26:12  [info] 4.379 NbmMonthlyPlannerGraph4
Mar 25 11:26:16  [info] 3.989 CalendarDay
Mar 25 11:27:03  [info] 5.234 Home
Mar 25 11:27:13  [info] 3.96 DashboardFrame
Mar 25 11:27:26  [info] 3.182 AjaxDashboard
Mar 25 11:27:46  [info] 20.129 Dashboard
Mar 25 11:27:52  [info] 5.191 ActionsFrame
Mar 25 11:28:01  [info] 9.624 NbmMonthlyPlanner
Mar 25 11:28:06  [info] 4.034 Communication
Mar 25 11:28:11  [info] 5.784 Home
Mar 25 11:28:22  [info] 4.931 Calendar
Mar 25 11:28:27  [info] 4.716 NbmMonthlyPlannerGraph4
Mar 25 11:28:31  [info] 3.944 DashboardFrame
Mar 25 11:28:43  [info] 2.112 AjaxDashboard
Mar 25 11:28:48  [info] 4.982 ActionsFrame
Mar 25 11:28:58  [info] 9.801 NbmMonthlyPlanner
Mar 25 11:29:20  [info] 22.222 Dashboard
Mar 25 11:29:24  [info] 4.07 Communication
Mar 25 11:29:37  [info] 5.155 Calendar
Mar 25 11:29:42  [info] 5.52 NbmMonthlyPlannerGraph4
Mar 25 11:30:00  [info] 4.541 CalendarDay
Mar 25 11:31:24  [info] 5.125 Home
Mar 25 11:31:41  [info] 5.632 DashboardFrame
Mar 25 11:31:54  [info] 2.099 AjaxDashboard
Mar 25 11:32:00  [info] 6.014 ActionsFrame
Mar 25 11:32:11  [info] 10.463 NbmMonthlyPlanner
Mar 25 11:32:32  [info] 20.902 Dashboard
Mar 25 11:32:36  [info] 4.321 Communication
Mar 25 11:32:42  [info] 5.025 Calendar
Mar 25 11:32:47  [info] 4.757 NbmMonthlyPlannerGraph4
Mar 25 11:32:57  [info] 4.256 CalendarDay
Mar 25 11:41:33  [info] 2.142 AjaxDashboard
Mar 25 11:51:34  [info] 2.13 AjaxDashboard
Mar 25 12:01:37  [info] 3.54 AjaxDashboard
Mar 25 12:05:10  [info] 4.818 Home
Mar 25 12:05:22  [info] 4.997 DashboardFrame
Mar 25 12:05:32  [info] 9.598 AjaxScoreboard
Mar 25 12:05:34  [info] 2.344 AjaxDashboard
Mar 25 12:05:56  [info] 21.421 Dashboard
Mar 25 12:06:01  [info] 5.34 ActionsFrame
Mar 25 12:06:11  [info] 9.948 NbmMonthlyPlanner
Mar 25 12:06:15  [info] 4.059 Communication
Mar 25 12:06:26  [info] 4.874 Calendar
Mar 25 12:06:31  [info] 4.354 NbmMonthlyPlannerGraph4
Mar 25 12:06:35  [info] 4.308 CalendarDay
Mar 25 12:07:54  [info] 6.649 Scoreboard
Mar 25 12:15:19  [info] 2.05 AjaxDashboard
Mar 25 12:25:19  [info] 1.995 AjaxDashboard
Mar 25 12:26:19  [info] 4.856 Home
Mar 25 12:26:35  [info] 9.698 AjaxScoreboard
Mar 25 12:26:40  [info] 5.156 DashboardFrame
Mar 25 12:26:43  [info] 2.282 AjaxDashboard
Mar 25 12:26:48  [info] 5.045 ActionsFrame
Mar 25 12:26:58  [info] 9.646 NbmMonthlyPlanner
Mar 25 12:27:02  [info] 4.128 Communication
Mar 25 12:27:23  [info] 20.958 Dashboard
Mar 25 12:27:29  [info] 5.967 Calendar
Mar 25 12:27:34  [info] 4.54 NbmMonthlyPlannerGraph4
Mar 25 12:27:44  [info] 4.102 CalendarDay
Mar 25 12:28:17  [info] 21.239 Dashboard
Mar 25 12:33:55  [info] 4.497 TimedCallBacks
Mar 25 12:35:27  [info] 4.479 TimedCallBacks
Mar 25 12:36:28  [info] 2.09 AjaxDashboard
Mar 25 12:39:55  [info] 4.451 TimedCallBacks
Mar 25 12:46:29  [info] 2.105 AjaxDashboard
Mar 25 12:53:33  [info] 5.171 Home
Mar 25 12:53:46  [info] 4.893 DashboardFrame
Mar 25 12:53:56  [info] 9.736 AjaxScoreboard
Mar 25 12:53:58  [info] 2.18 AjaxDashboard
Mar 25 12:54:18  [info] 19.101 Dashboard
Mar 25 12:54:23  [info] 5.514 ActionsFrame
Mar 25 12:54:33  [info] 9.875 NbmMonthlyPlanner
Mar 25 12:54:37  [info] 4.085 Communication
Mar 25 12:54:48  [info] 4.984 Calendar
Mar 25 12:54:53  [info] 4.277 NbmMonthlyPlannerGraph4
Mar 25 12:54:57  [info] 4.24 CalendarDay
Mar 25 12:55:40  [info] 4.98 Home
Mar 25 12:55:51  [info] 3.883 DashboardFrame
Mar 25 12:55:53  [info] 1.912 AjaxScoreboard
Mar 25 12:55:55  [info] 2.194 AjaxDashboard
Mar 25 12:56:17  [info] 22.027 Dashboard
Mar 25 12:56:23  [info] 5.769 ActionsFrame
Mar 25 12:56:33  [info] 9.38 NbmMonthlyPlanner
Mar 25 12:56:37  [info] 4.317 Communication
Mar 25 12:56:48  [info] 5.287 Calendar
Mar 25 12:56:53  [info] 4.828 NbmMonthlyPlannerGraph4
Mar 25 12:56:57  [info] 4.188 CalendarDay
Mar 25 12:57:13  [info] 5.153 Home
Mar 25 12:57:23  [info] 4.221 DashboardFrame
Mar 25 12:57:25  [info] 2.125 AjaxScoreboard
Mar 25 12:57:28  [info] 2.068 AjaxDashboard
Mar 25 12:57:47  [info] 19.669 Dashboard
Mar 25 12:57:53  [info] 5.36 ActionsFrame
Mar 25 12:58:02  [info] 9.42 NbmMonthlyPlanner
Mar 25 12:58:06  [info] 3.969 Communication
Mar 25 12:58:17  [info] 4.92 Calendar
Mar 25 12:58:22  [info] 4.673 NbmMonthlyPlannerGraph4
Mar 25 12:58:27  [info] 4.242 CalendarDay
Mar 25 13:00:50  [info] 5.053 Home
Mar 25 13:00:56  [info] 6.199 Home
Mar 25 13:01:09  [info] 2.042 AjaxDashboard
Mar 25 13:01:19  [info] 10.021 AjaxScoreboard
Mar 25 13:01:24  [info] 5.287 ActionsFrame
Mar 25 13:01:34  [info] 9.665 NbmMonthlyPlanner
Mar 25 13:01:39  [info] 4.925 Communication
Mar 25 13:01:45  [info] 5.124 Calendar
Mar 25 13:01:50  [info] 5.21 Home
Mar 25 13:01:55  [info] 4.775 NbmMonthlyPlannerGraph4
Mar 25 13:01:59  [info] 4.204 CalendarDay
Mar 25 13:02:03  [info] 3.928 DashboardFrame
Mar 25 13:02:06  [info] 2.17 AjaxDashboard
Mar 25 13:02:08  [info] 2.101 AjaxScoreboard
Mar 25 13:02:29  [info] 21.099 Dashboard
Mar 25 13:02:35  [info] 5.258 ActionsFrame
Mar 25 13:02:44  [info] 9.592 NbmMonthlyPlanner
Mar 25 13:02:49  [info] 4.952 Home
Mar 25 13:02:54  [info] 4.187 Communication
Mar 25 13:03:05  [info] 4.764 Calendar
Mar 25 13:03:09  [info] 4.533 NbmMonthlyPlannerGraph4
Mar 25 13:03:15  [info] 5.727 Home
Mar 25 13:03:23  [info] 1.956 AjaxDashboard
Mar 25 13:03:27  [info] 3.923 DashboardFrame
Mar 25 13:03:29  [info] 2.017 AjaxScoreboard
Mar 25 13:03:34  [info] 5.065 ActionsFrame
Mar 25 13:03:56  [info] 21.563 Dashboard
Mar 25 13:04:06  [info] 9.901 NbmMonthlyPlanner
Mar 25 13:04:11  [info] 4.841 Calendar
Mar 25 13:04:15  [info] 3.82 Communication
Mar 25 13:04:25  [info] 4.52 NbmMonthlyPlannerGraph4
Mar 25 13:04:30  [info] 4.116 CalendarDay
Mar 25 13:13:23  [info] 2.105 AjaxDashboard
Mar 25 13:18:48  [info] 4.926 Home
Mar 25 13:19:01  [info] 4.961 DashboardFrame
Mar 25 13:19:12  [info] 10.174 AjaxScoreboard
Mar 25 13:19:15  [info] 3.068 AjaxDashboard
Mar 25 13:19:36  [info] 20.904 Dashboard
Mar 25 13:19:42  [info] 5.662 ActionsFrame
Mar 25 13:19:51  [info] 9.564 NbmMonthlyPlanner
Mar 25 13:19:55  [info] 3.941 Communication
Mar 25 13:20:06  [info] 5.271 Calendar
Mar 25 13:20:11  [info] 4.644 NbmMonthlyPlannerGraph4
Mar 25 13:20:15  [info] 4.138 CalendarDay
Mar 25 13:23:45  [info] 5.208 Home
Mar 25 13:23:53  [info] 2.102 AjaxDashboard
Mar 25 13:23:57  [info] 4.028 DashboardFrame
Mar 25 13:24:00  [info] 2.088 AjaxScoreboard
Mar 25 13:24:06  [info] 6.552 ActionsFrame
Mar 25 13:24:26  [info] 19.233 Dashboard
Mar 25 13:24:36  [info] 9.987 NbmMonthlyPlanner
Mar 25 13:24:40  [info] 4.028 Communication
Mar 25 13:24:45  [info] 5.109 Calendar
Mar 25 13:24:56  [info] 4.609 NbmMonthlyPlannerGraph4
Mar 25 13:25:00  [info] 4.222 CalendarDay
Mar 25 13:28:23  [info] 4.888 Home
Mar 25 13:28:33  [info] 3.936 DashboardFrame
Mar 25 13:28:43  [info] 9.622 AjaxScoreboard
Mar 25 13:28:45  [info] 2.051 AjaxDashboard
Mar 25 13:29:05  [info] 20.546 Dashboard
Mar 25 13:29:12  [info] 6.293 ActionsFrame
Mar 25 13:29:22  [info] 9.866 NbmMonthlyPlanner
Mar 25 13:29:26  [info] 4.144 Communication
Mar 25 13:29:37  [info] 5.386 Calendar
Mar 25 13:29:42  [info] 4.783 NbmMonthlyPlannerGraph4
Mar 25 13:29:47  [info] 4.749 CalendarDay
Mar 25 13:30:42  [info] 7.932 Scoreboard
Mar 25 13:30:57  [info] 7.192 Scoreboard
Mar 25 13:31:01  [info] 4.558 TimedCallBacks
Mar 25 13:31:57  [info] 19.081 WorkspaceSearch
Mar 25 13:32:46  [info] 45.303 ObjectCharacteristics
Mar 25 13:32:53  [info] 6.584 CampaignCharacteristics
Mar 25 13:38:31  [info] 2.113 AjaxDashboard
Mar 25 13:48:02  [info] 4.94 Home
Mar 25 13:48:19  [info] 10.111 AjaxScoreboard
Mar 25 13:48:24  [info] 5.287 DashboardFrame
Mar 25 13:48:27  [info] 2.127 AjaxDashboard
Mar 25 13:48:32  [info] 5.507 ActionsFrame
Mar 25 13:48:43  [info] 10.438 NbmMonthlyPlanner
Mar 25 13:49:04  [info] 20.55 Dashboard
Mar 25 13:49:08  [info] 4.05 Communication
Mar 25 13:49:13  [info] 5.198 Calendar
Mar 25 13:49:18  [info] 4.474 NbmMonthlyPlannerGraph4
Mar 25 13:49:28  [info] 4.087 CalendarDay
Mar 25 13:56:04  [info] 5.214 Home
Mar 25 13:56:20  [info] 9.897 AjaxScoreboard
Mar 25 13:56:23  [info] 2.298 AjaxDashboard
Mar 25 13:56:28  [info] 5.205 DashboardFrame
Mar 25 13:56:33  [info] 5.176 ActionsFrame
Mar 25 13:56:43  [info] 9.718 NbmMonthlyPlanner
Mar 25 13:56:47  [info] 3.821 Communication
Mar 25 13:57:08  [info] 20.92 Dashboard
Mar 25 13:57:13  [info] 5.087 Calendar
Mar 25 13:57:18  [info] 4.479 NbmMonthlyPlannerGraph4
Mar 25 13:57:29  [info] 4.547 CalendarDay
Mar 25 14:02:11  [info] 4.665 Home
Mar 25 14:02:22  [info] 5.057 DashboardFrame
Mar 25 14:02:32  [info] 10.057 AjaxScoreboard
Mar 25 14:02:34  [info] 2.148 AjaxDashboard
Mar 25 14:02:54  [info] 20.158 Dashboard
Mar 25 14:03:00  [info] 5.202 ActionsFrame
Mar 25 14:03:10  [info] 10.224 NbmMonthlyPlanner
Mar 25 14:03:14  [info] 4.111 Communication
Mar 25 14:03:25  [info] 5.228 Calendar
Mar 25 14:03:30  [info] 4.333 NbmMonthlyPlannerGraph4
Mar 25 14:03:34  [info] 4.245 CalendarDay
Mar 25 14:08:25  [info] 4.972 Home
Mar 25 14:08:35  [info] 4.891 DashboardFrame
Mar 25 14:08:38  [info] 2.176 AjaxDashboard
Mar 25 14:08:48  [info] 10.488 AjaxScoreboard
Mar 25 14:09:09  [info] 20.387 Dashboard
Mar 25 14:09:14  [info] 5.534 ActionsFrame
Mar 25 14:09:24  [info] 9.764 NbmMonthlyPlanner
Mar 25 14:09:29  [info] 4.135 Communication
Mar 25 14:09:39  [info] 5.103 Calendar
Mar 25 14:09:44  [info] 4.429 NbmMonthlyPlannerGraph4
Mar 25 14:09:49  [info] 4.427 CalendarDay
Mar 25 14:18:33  [info] 2.136 AjaxDashboard
Mar 25 14:28:34  [info] 2.078 AjaxDashboard
Mar 25 14:38:35  [info] 2.124 AjaxDashboard
Mar 25 14:48:36  [info] 2.105 AjaxDashboard
Mar 25 14:58:37  [info] 2.188 AjaxDashboard
Mar 25 15:08:38  [info] 2.062 AjaxDashboard
Mar 25 15:18:39  [info] 2.137 AjaxDashboard
Mar 25 15:28:40  [info] 2.086 AjaxDashboard
Mar 25 15:38:41  [info] 2.083 AjaxDashboard
Mar 25 15:48:42  [info] 2.148 AjaxDashboard
Mar 25 15:58:43  [info] 2.202 AjaxDashboard
Mar 25 16:08:44  [info] 2.162 AjaxDashboard
Mar 25 16:18:45  [info] 2.159 AjaxDashboard
Mar 25 16:28:46  [info] 2.054 AjaxDashboard
Mar 25 16:38:47  [info] 2.227 AjaxDashboard
Mar 25 16:48:48  [info] 2.018 AjaxDashboard
Mar 25 16:58:49  [info] 2.119 AjaxDashboard
Mar 25 17:08:50  [info] 2.346 AjaxDashboard
Mar 25 17:18:51  [info] 2.193 AjaxDashboard
Mar 25 17:28:52  [info] 2.098 AjaxDashboard
Mar 25 17:38:53  [info] 2.021 AjaxDashboard
Mar 25 17:48:54  [info] 2.277 AjaxDashboard
Mar 25 17:58:55  [info] 2.106 AjaxDashboard
Mar 25 18:08:56  [info] 2.169 AjaxDashboard
Mar 25 18:18:57  [info] 2.133 AjaxDashboard
Mar 25 18:28:58  [info] 2.177 AjaxDashboard
Mar 25 18:38:59  [info] 2.191 AjaxDashboard
Mar 25 18:49:00  [info] 2.177 AjaxDashboard
Mar 25 18:59:01  [info] 2.208 AjaxDashboard
Mar 25 19:09:02  [info] 2.302 AjaxDashboard
Mar 25 19:19:03  [info] 2.136 AjaxDashboard
Mar 25 19:29:05  [info] 2.822 AjaxDashboard
Mar 25 19:39:05  [info] 2.109 AjaxDashboard
Mar 25 19:49:06  [info] 2.175 AjaxDashboard
Mar 25 19:59:07  [info] 2.203 AjaxDashboard
Mar 25 20:09:08  [info] 2.146 AjaxDashboard
Mar 25 20:19:10  [info] 2.522 AjaxDashboard
Mar 25 20:29:10  [info] 2.202 AjaxDashboard
Mar 25 20:39:11  [info] 2.151 AjaxDashboard
Mar 25 20:49:12  [info] 2.103 AjaxDashboard
Mar 25 20:59:13  [info] 2.202 AjaxDashboard
Mar 25 21:09:14  [info] 2.166 AjaxDashboard
Mar 25 21:19:16  [info] 2.589 AjaxDashboard
Mar 25 21:29:16  [info] 2.052 AjaxDashboard
Mar 25 21:39:17  [info] 2.165 AjaxDashboard
Mar 25 21:49:18  [info] 2.102 AjaxDashboard
Mar 25 21:59:20  [info] 2.358 AjaxDashboard
Mar 25 22:09:20  [info] 2.115 AjaxDashboard
Mar 25 22:19:22  [info] 2.409 AjaxDashboard
Mar 25 22:29:22  [info] 2.18 AjaxDashboard
Mar 25 22:39:23  [info] 2.234 AjaxDashboard
Mar 25 22:49:25  [info] 2.592 AjaxDashboard
Mar 25 22:59:25  [info] 2.126 AjaxDashboard
Mar 25 23:09:26  [info] 2.172 AjaxDashboard
Mar 25 23:19:27  [info] 2.173 AjaxDashboard
Mar 25 23:29:28  [info] 2.153 AjaxDashboard
Mar 25 23:39:30  [info] 2.699 AjaxDashboard
Mar 25 23:49:30  [info] 2.291 AjaxDashboard
Mar 25 23:59:31  [info] 2.118 AjaxDashboard
Mar 26 00:09:32  [info] 2.221 AjaxDashboard
Mar 26 00:19:38  [info] 2.115 AjaxDashboard
Mar 26 00:29:39  [info] 2.154 AjaxDashboard
Mar 26 00:39:40  [info] 2.233 AjaxDashboard
Mar 26 00:49:41  [info] 2.07 AjaxDashboard
Mar 26 00:59:42  [info] 2.204 AjaxDashboard
Mar 26 01:09:43  [info] 2.061 AjaxDashboard
Mar 26 01:19:44  [info] 2.016 AjaxDashboard
Mar 26 01:29:45  [info] 2.218 AjaxDashboard
Mar 26 01:39:46  [info] 2.151 AjaxDashboard
Mar 26 01:49:47  [info] 2.109 AjaxDashboard
Mar 26 01:59:48  [info] 2.106 AjaxDashboard
Mar 26 02:09:49  [info] 2.095 AjaxDashboard
Mar 26 02:19:50  [info] 2.212 AjaxDashboard
Mar 26 02:29:51  [info] 2.091 AjaxDashboard
Mar 26 02:39:52  [info] 1.969 AjaxDashboard
Mar 26 02:49:53  [info] 2.144 AjaxDashboard
Mar 26 02:59:54  [info] 2.069 AjaxDashboard
Mar 26 03:09:55  [info] 2.009 AjaxDashboard
Mar 26 03:19:56  [info] 2.144 AjaxDashboard
Mar 26 03:29:57  [info] 2.112 AjaxDashboard
Mar 26 03:39:58  [info] 2.202 AjaxDashboard
Mar 26 03:49:59  [info] 2.111 AjaxDashboard
Mar 26 04:00:00  [info] 2.135 AjaxDashboard
Mar 26 04:10:01  [info] 2.064 AjaxDashboard
Mar 26 04:20:02  [info] 2.119 AjaxDashboard
Mar 26 04:24:18  [info] 4.953 Home
Mar 26 04:24:38  [info] 10.473 AjaxScoreboard
Mar 26 04:24:43  [info] 5.017 DashboardFrame
Mar 26 04:24:45  [info] 2.134 AjaxDashboard
Mar 26 04:24:50  [info] 5.046 ActionsFrame
Mar 26 04:25:00  [info] 9.918 NbmMonthlyPlanner
Mar 26 04:25:04  [info] 3.947 Communication
Mar 26 04:25:25  [info] 20.758 Dashboard
Mar 26 04:25:31  [info] 5.625 Calendar
Mar 26 04:25:36  [info] 4.554 NbmMonthlyPlannerGraph4
Mar 26 04:25:47  [info] 4.818 CalendarDay
Mar 26 04:26:30  [info] 4.689 Home
Mar 26 04:26:37  [info] 4.944 Home
Mar 26 04:26:47  [info] 4.169 DashboardFrame
Mar 26 04:26:50  [info] 2.106 AjaxScoreboard
Mar 26 04:26:52  [info] 2.14 AjaxDashboard
Mar 26 04:27:13  [info] 20.445 Dashboard
Mar 26 04:27:18  [info] 5.332 ActionsFrame
Mar 26 04:27:28  [info] 9.991 NbmMonthlyPlanner
Mar 26 04:27:32  [info] 4.263 Communication
Mar 26 04:27:43  [info] 4.726 Calendar
Mar 26 04:27:48  [info] 4.56 NbmMonthlyPlannerGraph4
Mar 26 04:27:52  [info] 4.403 CalendarDay
Mar 26 04:29:16  [info] 4.887 Home
Mar 26 04:29:24  [info] 2.014 AjaxScoreboard
Mar 26 04:29:28  [info] 3.842 DashboardFrame
Mar 26 04:29:30  [info] 2.097 AjaxDashboard
Mar 26 04:29:36  [info] 5.689 ActionsFrame
Mar 26 04:29:57  [info] 20.97 Dashboard
Mar 26 04:30:07  [info] 10.105 NbmMonthlyPlanner
Mar 26 04:30:12  [info] 4.249 Communication
Mar 26 04:30:17  [info] 5.106 Calendar
Mar 26 04:30:27  [info] 4.898 NbmMonthlyPlannerGraph4
Mar 26 04:30:32  [info] 4.343 CalendarDay
Mar 26 04:32:03  [info] 4.837 Home
Mar 26 04:32:09  [info] 5.344 Home
Mar 26 04:32:25  [info] 9.869 AjaxScoreboard
Mar 26 04:32:30  [info] 5.297 DashboardFrame
Mar 26 04:32:32  [info] 2.193 AjaxDashboard
Mar 26 04:32:38  [info] 5.321 ActionsFrame
Mar 26 04:32:48  [info] 10.619 NbmMonthlyPlanner
Mar 26 04:32:52  [info] 3.927 Communication
Mar 26 04:33:14  [info] 21.268 Dashboard
Mar 26 04:33:19  [info] 5.148 Calendar
Mar 26 04:33:23  [info] 4.308 NbmMonthlyPlannerGraph4
Mar 26 04:33:33  [info] 4.09 CalendarDay
Mar 26 04:37:21  [info] 5.249 Home
Mar 26 04:37:39  [info] 9.918 AjaxScoreboard
Mar 26 04:37:42  [info] 2.151 AjaxDashboard
Mar 26 04:37:47  [info] 4.972 DashboardFrame
Mar 26 04:37:52  [info] 5.242 ActionsFrame
Mar 26 04:38:02  [info] 9.476 NbmMonthlyPlanner
Mar 26 04:38:06  [info] 3.802 Communication
Mar 26 04:38:25  [info] 19.141 Dashboard
Mar 26 04:38:30  [info] 5.11 Calendar
Mar 26 04:38:35  [info] 4.437 NbmMonthlyPlannerGraph4
Mar 26 04:38:44  [info] 4.222 CalendarDay
Mar 26 04:47:32  [info] 2.185 AjaxDashboard
Mar 26 04:53:29  [info] 5.498 Home
Mar 26 04:53:37  [info] 2.214 AjaxDashboard
Mar 26 04:53:48  [info] 10.438 AjaxScoreboard
Mar 26 04:53:53  [info] 5.138 DashboardFrame
Mar 26 04:53:58  [info] 5.294 ActionsFrame
Mar 26 04:54:09  [info] 10.048 NbmMonthlyPlanner
Mar 26 04:54:13  [info] 4.204 Communication
Mar 26 04:54:35  [info] 22.219 Dashboard
Mar 26 04:54:41  [info] 5.362 Calendar
Mar 26 04:54:45  [info] 4.539 NbmMonthlyPlannerGraph4
Mar 26 04:54:56  [info] 4.247 CalendarDay
Mar 26 04:55:37  [info] 5.424 Home
Mar 26 04:55:44  [info] 1.985 AjaxScoreboard
Mar 26 04:55:47  [info] 2.148 AjaxDashboard
Mar 26 04:55:51  [info] 4.225 DashboardFrame
Mar 26 04:55:57  [info] 5.464 ActionsFrame
Mar 26 04:56:17  [info] 20.559 Dashboard
Mar 26 04:56:27  [info] 9.87 NbmMonthlyPlanner
Mar 26 04:56:32  [info] 4.756 Communication
Mar 26 04:56:37  [info] 5.246 Calendar
Mar 26 04:56:49  [info] 5.263 NbmMonthlyPlannerGraph4
Mar 26 04:56:53  [info] 4.43 CalendarDay
Mar 26 05:05:45  [info] 2.071 AjaxDashboard
Mar 26 05:09:33  [info] 5.321 Home
Mar 26 05:09:50  [info] 11.372 AjaxScoreboard
Mar 26 05:09:55  [info] 5.102 DashboardFrame
Mar 26 05:09:57  [info] 2.099 AjaxDashboard
Mar 26 05:10:03  [info] 5.77 ActionsFrame
Mar 26 05:10:14  [info] 10.209 NbmMonthlyPlanner
Mar 26 05:10:18  [info] 3.677 Communication
Mar 26 05:10:39  [info] 20.926 Dashboard
Mar 26 05:10:44  [info] 5.031 Calendar
Mar 26 05:10:49  [info] 4.785 NbmMonthlyPlannerGraph4
Mar 26 05:10:59  [info] 4.175 CalendarDay
Mar 26 05:19:42  [info] 2.241 AjaxDashboard
Mar 26 05:21:49  [info] 5.287 Home
Mar 26 05:22:07  [info] 10.209 AjaxScoreboard
Mar 26 05:22:09  [info] 2.42 AjaxDashboard
Mar 26 05:22:15  [info] 5.534 DashboardFrame
Mar 26 05:22:22  [info] 6.225 ActionsFrame
Mar 26 05:22:32  [info] 10.248 NbmMonthlyPlanner
Mar 26 05:22:37  [info] 4.603 Communication
Mar 26 05:23:01  [info] 23.986 Dashboard
Mar 26 05:23:07  [info] 5.537 Calendar
Mar 26 05:23:12  [info] 5.166 NbmMonthlyPlannerGraph4
Mar 26 05:23:25  [info] 4.667 CalendarDay
Mar 26 05:31:59  [info] 2.434 AjaxDashboard
Mar 26 05:42:00  [info] 2.318 AjaxDashboard
Mar 26 05:49:07  [info] 5.302 Home
Mar 26 05:49:15  [info] 2.187 AjaxDashboard
Mar 26 05:49:21  [info] 5.543 DashboardFrame
Mar 26 05:49:31  [info] 9.762 AjaxScoreboard
Mar 26 05:49:37  [info] 5.53 ActionsFrame
Mar 26 05:49:58  [info] 20.397 Dashboard
Mar 26 05:50:09  [info] 11.016 NbmMonthlyPlanner
Mar 26 05:50:14  [info] 4.479 Communication
Mar 26 05:50:19  [info] 5.566 Calendar
Mar 26 05:50:30  [info] 4.335 NbmMonthlyPlannerGraph4
Mar 26 05:50:39  [info] 8.842 CalendarDay
Mar 26 05:59:16  [info] 2.35 AjaxDashboard
Mar 26 06:09:17  [info] 2.185 AjaxDashboard
Mar 26 06:19:18  [info] 2.555 AjaxDashboard
Mar 26 06:27:16  [info] 5.599 Reporting
Mar 26 06:27:26  [info] 4.161 Administration
Mar 26 06:27:36  [info] 6.012 CampaignView
Mar 26 06:27:43  [info] 4.975 ClientCreate
Mar 26 06:29:19  [info] 2.135 AjaxDashboard
Mar 26 06:31:17  [info] 5.064 Home
Mar 26 06:31:32  [info] 5.299 Home
Mar 26 06:31:43  [info] 4.925 DashboardFrame
Mar 26 06:31:45  [info] 2.35 AjaxDashboard
Mar 26 06:31:56  [info] 10.265 AjaxScoreboard
Mar 26 06:32:17  [info] 20.881 Dashboard
Mar 26 06:32:23  [info] 5.637 ActionsFrame
Mar 26 06:32:32  [info] 9.76 NbmMonthlyPlanner
Mar 26 06:32:38  [info] 5.244 Communication
Mar 26 06:32:51  [info] 5.311 Calendar
Mar 26 06:32:56  [info] 4.828 NbmMonthlyPlannerGraph4
Mar 26 06:33:00  [info] 4.323 CalendarDay
Mar 26 06:35:31  [info] 7.192 Administration
Mar 26 06:36:53  [info] 7.349 ClientList
Mar 26 06:37:06  [info] 5.659 Reporting
Mar 26 06:37:18  [info] 6.76 CampaignReportSummaries
Mar 26 06:37:31  [info] 4.562 CampaignReportSummaryCreate
Mar 26 06:37:45  [info] 5.143 CampaignReportSummaryCreate
Mar 26 06:37:51  [info] 6.207 CampaignReportSummaries
Mar 26 06:38:25  [info] 4.853 CampaignReportSummaryEdit
Mar 26 06:39:50  [info] 6.233 CampaignReportSummaries
Mar 26 06:41:40  [info] 2.101 AjaxDashboard
Mar 26 06:43:31  [info] 8.987 ReportParams
Mar 26 06:44:09  [info] 25.562 Report4
Mar 26 06:44:26  [info] 5.156 Home
Mar 26 06:44:39  [info] 5.178 DashboardFrame
Mar 26 06:44:49  [info] 9.979 AjaxScoreboard
Mar 26 06:44:51  [info] 2.345 AjaxDashboard
Mar 26 06:45:13  [info] 21.651 Dashboard
Mar 26 06:45:19  [info] 5.692 ActionsFrame
Mar 26 06:45:29  [info] 9.725 NbmMonthlyPlanner
Mar 26 06:45:33  [info] 4.126 Communication
Mar 26 06:45:45  [info] 5.219 Calendar
Mar 26 06:45:50  [info] 4.72 NbmMonthlyPlannerGraph4
Mar 26 06:45:55  [info] 4.454 CalendarDay
Mar 26 06:46:38  [info] 5.425 Reporting
Mar 26 06:46:54  [info] 6.657 CampaignReportSummaries
Mar 26 06:47:00  [info] 4.246 CampaignReportSummaryCreate
Mar 26 06:51:03  [info] 3.848 CampaignReportSummaryCreate
Mar 26 06:51:17  [info] 6.339 CampaignReportSummaries
Mar 26 06:52:14  [info] 5.087 Home
Mar 26 06:52:27  [info] 4.764 DashboardFrame
Mar 26 06:52:39  [info] 11.279 AjaxScoreboard
Mar 26 06:52:41  [info] 2.539 AjaxDashboard
Mar 26 06:53:01  [info] 19.767 Dashboard
Mar 26 06:53:07  [info] 5.292 ActionsFrame
Mar 26 06:53:17  [info] 10.829 NbmMonthlyPlanner
Mar 26 06:53:22  [info] 4.019 Communication
Mar 26 06:53:33  [info] 4.853 Calendar
Mar 26 06:53:38  [info] 4.834 NbmMonthlyPlannerGraph4
Mar 26 06:53:42  [info] 4.581 CalendarDay
Mar 26 07:00:45  [info] 3.762 WorkspaceFilter
Mar 26 07:02:25  [info] 2.293 AjaxDashboard
Mar 26 07:02:48  [info] 4.946 Home
Mar 26 07:02:59  [info] 4.825 DashboardFrame
Mar 26 07:03:09  [info] 9.558 AjaxScoreboard
Mar 26 07:03:11  [info] 2.1 AjaxDashboard
Mar 26 07:03:31  [info] 20.408 Dashboard
Mar 26 07:03:37  [info] 5.067 ActionsFrame
Mar 26 07:03:46  [info] 9.552 NbmMonthlyPlanner
Mar 26 07:03:51  [info] 4.43 Communication
Mar 26 07:04:01  [info] 4.875 Calendar
Mar 26 07:04:07  [info] 5.19 NbmMonthlyPlannerGraph4
Mar 26 07:04:11  [info] 4.411 CalendarDay
Mar 26 07:08:59  [info] 5.54 MailerList
Mar 26 07:09:17  [info] 5.421 MailerList
Mar 26 07:09:23  [info] 5.708 MailerList
Mar 26 07:09:31  [info] 8.103 MailerCreate
Mar 26 07:09:39  [info] 7.403 MailerCreate
Mar 26 07:10:56  [info] 5.452 MailerCreate
Mar 26 07:11:04  [info] 5.494 MailerItemCreate
Mar 26 07:11:10  [info] 5.622 MailerItemCreate
Mar 26 07:11:16  [info] 5.775 MailerItemCreate
Mar 26 07:11:22  [info] 5.809 MailerItemCreate
Mar 26 07:11:28  [info] 5.108 MailerItemCreate
Mar 26 07:11:33  [info] 5.485 MailerList
Mar 26 07:11:39  [info] 5.698 MailerList
Mar 26 07:11:45  [info] 5.428 MailerList
Mar 26 07:11:50  [info] 4.929 MailerItemCreate
Mar 26 07:11:55  [info] 5.01 MailerList
Mar 26 07:12:02  [info] 7.239 MailerCreate
Mar 26 07:12:26  [info] 6.951 MailerCreate
Mar 26 07:12:43  [info] 5.365 MailerCreate
Mar 26 07:12:51  [info] 5.073 MailerItemCreate
Mar 26 07:13:02  [info] 2.316 AjaxDashboard
Mar 26 07:15:32  [info] 4.956 Home
Mar 26 07:15:51  [info] 5.464 DashboardFrame
Mar 26 07:16:02  [info] 11.018 AjaxScoreboard
Mar 26 07:16:05  [info] 3.209 AjaxDashboard
Mar 26 07:16:11  [info] 5.145 ActionsFrame
Mar 26 07:16:32  [info] 20.601 Dashboard
Mar 26 07:16:42  [info] 10.222 NbmMonthlyPlanner
Mar 26 07:16:46  [info] 4.28 Communication
Mar 26 07:16:52  [info] 5.146 Calendar
Mar 26 07:17:03  [info] 4.787 NbmMonthlyPlannerGraph4
Mar 26 07:17:08  [info] 4.74 CalendarDay
Mar 26 07:17:15  [info] 6.822 FilterList
Mar 26 07:17:21  [info] 5.78 MailerList
Mar 26 07:17:27  [info] 6.442 AjaxFilterBuilder
Mar 26 07:17:33  [info] 6.128 AjaxFilterBuilder
Mar 26 07:17:42  [info] 7.812 MailerCreate
Mar 26 07:18:03  [info] 7.868 MailerCreate
Mar 26 07:18:22  [info] 5.179 MailerCreate
Mar 26 07:18:30  [info] 5.172 MailerItemCreate
Mar 26 07:19:13  [info] 5.286 MailerItemCreate
Mar 26 07:23:31  [info] 5.064 Home
Mar 26 07:23:37  [info] 5.112 Home
Mar 26 07:23:51  [info] 5.676 DashboardFrame
Mar 26 07:24:01  [info] 9.745 AjaxScoreboard
Mar 26 07:24:04  [info] 2.366 AjaxDashboard
Mar 26 07:24:10  [info] 5.766 ActionsFrame
Mar 26 07:24:31  [info] 21.244 Dashboard
Mar 26 07:24:41  [info] 9.734 NbmMonthlyPlanner
Mar 26 07:24:45  [info] 4.104 Communication
Mar 26 07:24:51  [info] 5.283 Calendar
Mar 26 07:25:02  [info] 4.852 NbmMonthlyPlannerGraph4
Mar 26 07:25:12  [info] 4.501 CalendarDay
Mar 26 07:26:15  [info] 6.199 Home
Mar 26 07:26:23  [info] 2.007 AjaxScoreboard
Mar 26 07:26:27  [info] 3.843 DashboardFrame
Mar 26 07:26:29  [info] 2.222 AjaxDashboard
Mar 26 07:26:34  [info] 5.039 ActionsFrame
Mar 26 07:26:54  [info] 19.573 Dashboard
Mar 26 07:27:04  [info] 9.646 NbmMonthlyPlanner
Mar 26 07:27:09  [info] 4.91 Calendar
Mar 26 07:27:13  [info] 4.06 Communication
Mar 26 07:27:24  [info] 4.795 NbmMonthlyPlannerGraph4
Mar 26 07:27:28  [info] 4.053 CalendarDay
Mar 26 07:27:33  [info] 5.135 MailerList
Mar 26 07:27:42  [info] 6.765 MailerCreate
Mar 26 07:28:00  [info] 5.322 MailerCreate
Mar 26 07:30:33  [info] 6.282 Home
Mar 26 07:30:49  [info] 9.591 AjaxScoreboard
Mar 26 07:30:54  [info] 4.605 DashboardFrame
Mar 26 07:30:56  [info] 2.134 AjaxDashboard
Mar 26 07:31:02  [info] 5.447 ActionsFrame
Mar 26 07:31:12  [info] 9.499 NbmMonthlyPlanner
Mar 26 07:31:16  [info] 3.966 Communication
Mar 26 07:31:37  [info] 20.922 Dashboard
Mar 26 07:31:42  [info] 4.759 Calendar
Mar 26 07:31:46  [info] 4.489 NbmMonthlyPlannerGraph4
Mar 26 07:31:56  [info] 4.024 CalendarDay
Mar 26 07:40:42  [info] 2.051 AjaxDashboard
Mar 26 07:50:43  [info] 2.036 AjaxDashboard
Mar 26 08:00:44  [info] 2.016 AjaxDashboard
Mar 26 08:10:45  [info] 2.016 AjaxDashboard
Mar 26 08:20:46  [info] 2.092 AjaxDashboard
Mar 26 08:30:47  [info] 2.043 AjaxDashboard
Mar 26 08:36:21  [info] 4.971 MailerList
Mar 26 08:36:50  [info] 7.157 MailerCreate
Mar 26 08:37:06  [info] 4.739 MailerCreate
Mar 26 08:37:15  [info] 5.179 MailerItemCreate
Mar 26 08:40:47  [info] 2.349 AjaxDashboard
Mar 26 08:41:01  [info] 5.046 Home
Mar 26 08:41:17  [info] 9.994 AjaxScoreboard
Mar 26 08:41:22  [info] 5.525 DashboardFrame
Mar 26 08:41:25  [info] 2.316 AjaxDashboard
Mar 26 08:41:31  [info] 5.755 ActionsFrame
Mar 26 08:41:41  [info] 9.972 NbmMonthlyPlanner
Mar 26 08:41:45  [info] 4.078 Communication
Mar 26 08:42:06  [info] 20.678 Dashboard
Mar 26 08:42:11  [info] 5.188 Calendar
Mar 26 08:42:17  [info] 4.965 NbmMonthlyPlannerGraph4
Mar 26 08:42:27  [info] 4.243 CalendarDay
Mar 26 08:42:34  [info] 4.85 Home
Mar 26 08:42:42  [info] 1.919 AjaxScoreboard
Mar 26 08:42:46  [info] 4.026 DashboardFrame
Mar 26 08:42:48  [info] 2.183 AjaxDashboard
Mar 26 08:42:54  [info] 5.849 ActionsFrame
Mar 26 08:43:15  [info] 20.7 Dashboard
Mar 26 08:43:26  [info] 10.216 NbmMonthlyPlanner
Mar 26 08:43:30  [info] 4.185 Communication
Mar 26 08:43:36  [info] 5.38 Calendar
Mar 26 08:43:47  [info] 4.581 NbmMonthlyPlannerGraph4
Mar 26 08:43:51  [info] 4.447 CalendarDay
Mar 26 08:45:33  [info] 5.629 MailerList
Mar 26 08:45:55  [info] 7.846 MailerCreate
Mar 26 08:46:10  [info] 5.304 MailerCreate
Mar 26 08:46:20  [info] 5.617 MailerItemCreate
Mar 26 08:48:31  [info] 5.004 Home
Mar 26 08:48:43  [info] 5.402 DashboardFrame
Mar 26 08:48:53  [info] 9.812 AjaxScoreboard
Mar 26 08:48:56  [info] 2.331 AjaxDashboard
Mar 26 08:49:16  [info] 20.373 Dashboard
Mar 26 08:49:22  [info] 5.598 ActionsFrame
Mar 26 08:49:33  [info] 10.758 NbmMonthlyPlanner
Mar 26 08:49:41  [info] 7.398 Communication
Mar 26 08:49:53  [info] 6.202 Calendar
Mar 26 08:49:58  [info] 4.491 NbmMonthlyPlannerGraph4
Mar 26 08:50:02  [info] 4.475 CalendarDay
Mar 26 08:50:08  [info] 5.29 MailerList
Mar 26 08:51:15  [info] 5.369 MailerList
Mar 26 08:51:23  [info] 5.749 MailerList
Mar 26 08:51:44  [info] 7.828 MailerCreate
Mar 26 08:52:09  [info] 5.431 MailerCreate
Mar 26 08:52:38  [info] 5.355 MailerItemCreate
Mar 26 08:56:59  [info] 5.022 Home
Mar 26 08:57:09  [info] 4.772 Home
Mar 26 08:57:24  [info] 9.616 AjaxScoreboard
Mar 26 08:57:29  [info] 4.727 DashboardFrame
Mar 26 08:57:31  [info] 2.081 AjaxDashboard
Mar 26 08:57:36  [info] 5.158 ActionsFrame
Mar 26 08:57:46  [info] 9.505 NbmMonthlyPlanner
Mar 26 08:57:50  [info] 3.966 Communication
Mar 26 08:58:09  [info] 19.413 Dashboard
Mar 26 08:58:14  [info] 4.949 Calendar
Mar 26 08:58:19  [info] 4.408 NbmMonthlyPlannerGraph4
Mar 26 08:58:29  [info] 4.058 CalendarDay
Mar 26 08:58:43  [info] 5.166 MailerList
Mar 26 08:58:53  [info] 6.841 MailerCreate
Mar 26 08:59:11  [info] 5.582 MailerCreate
Mar 26 08:59:19  [info] 5.05 MailerItemCreate
Mar 26 09:04:34  [info] 4.956 Home
Mar 26 09:04:51  [info] 4.94 DashboardFrame
Mar 26 09:05:01  [info] 9.653 AjaxScoreboard
Mar 26 09:05:03  [info] 2.075 AjaxDashboard
Mar 26 09:05:24  [info] 21.51 Dashboard
Mar 26 09:05:30  [info] 5.078 ActionsFrame
Mar 26 09:05:39  [info] 9.556 NbmMonthlyPlanner
Mar 26 09:05:43  [info] 3.989 Communication
Mar 26 09:05:54  [info] 5.067 Calendar
Mar 26 09:05:59  [info] 4.45 NbmMonthlyPlannerGraph4
Mar 26 09:06:03  [info] 3.954 CalendarDay
Mar 26 09:06:31  [info] 5.076 MailerList
Mar 26 09:06:41  [info] 7.558 MailerCreate
Mar 26 09:06:56  [info] 5.091 MailerCreate
Mar 26 09:07:03  [info] 4.645 MailerItemCreate
Mar 26 09:09:50  [info] 8.48 MailerEdit
Mar 26 09:10:40  [info] 4.845 Home
Mar 26 09:10:56  [info] 9.566 AjaxScoreboard
Mar 26 09:10:58  [info] 2.197 AjaxDashboard
Mar 26 09:11:04  [info] 5.389 DashboardFrame
Mar 26 09:11:10  [info] 5.895 ActionsFrame
Mar 26 09:11:21  [info] 11 NbmMonthlyPlanner
Mar 26 09:11:25  [info] 4.042 Communication
Mar 26 09:11:47  [info] 21.828 Dashboard
Mar 26 09:11:53  [info] 5.323 Calendar
Mar 26 09:11:58  [info] 4.46 NbmMonthlyPlannerGraph4
Mar 26 09:12:09  [info] 4.277 CalendarDay
Mar 26 09:20:33  [info] 19.764 MailerList
Mar 26 09:20:49  [info] 3.166 AjaxDashboard
Mar 26 09:21:23  [info] 7.811 MailerCreate
Mar 26 09:21:36  [info] 5.035 MailerCreate
Mar 26 09:21:45  [info] 5.326 MailerList
Mar 26 09:21:56  [info] 5.082 MailerList
Mar 26 09:22:06  [info] 7.651 MailerCreate
Mar 26 09:22:28  [info] 4.949 MailerCreate
Mar 26 09:22:54  [info] 5.276 MailerItemCreate
Mar 26 09:24:03  [info] 7.117 MailerCreate
Mar 26 09:24:09  [info] 5.02 Home
Mar 26 09:24:20  [info] 5.066 DashboardFrame
Mar 26 09:24:31  [info] 10.248 AjaxScoreboard
Mar 26 09:24:33  [info] 2.422 AjaxDashboard
Mar 26 09:24:54  [info] 20.074 Dashboard
Mar 26 09:24:59  [info] 5.623 ActionsFrame
Mar 26 09:25:12  [info] 12.223 NbmMonthlyPlanner
Mar 26 09:25:19  [info] 7.19 Communication
Mar 26 09:25:32  [info] 5.511 Calendar
Mar 26 09:25:37  [info] 4.764 NbmMonthlyPlannerGraph4
Mar 26 09:25:42  [info] 5.338 MailerList
Mar 26 09:25:46  [info] 4.147 CalendarDay
Mar 26 09:25:54  [info] 7.444 MailerCreate
Mar 26 09:26:14  [info] 5.362 MailerCreate
Mar 26 09:26:25  [info] 5.348 MailerItemCreate
Mar 26 09:32:28  [info] 5.21 Home
Mar 26 09:32:36  [info] 2.158 AjaxDashboard
Mar 26 09:32:46  [info] 9.714 AjaxScoreboard
Mar 26 09:32:52  [info] 5.187 DashboardFrame
Mar 26 09:32:57  [info] 5.501 ActionsFrame
Mar 26 09:33:07  [info] 9.472 NbmMonthlyPlanner
Mar 26 09:33:11  [info] 3.973 Communication
Mar 26 09:33:31  [info] 19.42 Dashboard
Mar 26 09:33:36  [info] 5.301 Calendar
Mar 26 09:33:41  [info] 4.803 NbmMonthlyPlannerGraph4
Mar 26 09:33:53  [info] 5.39 MailerList
Mar 26 09:33:57  [info] 4.219 CalendarDay
Mar 26 09:34:05  [info] 7.321 MailerCreate
Mar 26 09:34:17  [info] 5.516 MailerCreate
Mar 26 09:34:24  [info] 5.383 MailerItemCreate
Mar 26 09:42:37  [info] 2.425 AjaxDashboard
Mar 26 09:52:38  [info] 2.358 AjaxDashboard
Mar 26 09:58:25  [info] 5.234 Home
Mar 26 09:58:41  [info] 9.588 AjaxScoreboard
Mar 26 09:58:47  [info] 5.217 DashboardFrame
Mar 26 09:58:49  [info] 2.071 AjaxDashboard
Mar 26 09:58:54  [info] 5.176 ActionsFrame
Mar 26 09:59:04  [info] 10.014 NbmMonthlyPlanner
Mar 26 09:59:25  [info] 20.093 Dashboard
Mar 26 09:59:29  [info] 4.471 Communication
Mar 26 09:59:35  [info] 5.688 Calendar
Mar 26 09:59:41  [info] 6.096 NbmMonthlyPlannerGraph4
Mar 26 09:59:53  [info] 4.5 CalendarDay
Mar 26 10:04:49  [info] 5.503 MailerList
Mar 26 10:05:27  [info] 7.351 MailerCreate
Mar 26 10:05:43  [info] 5.438 MailerCreate
Mar 26 10:05:50  [info] 5.457 MailerItemCreate
Mar 26 10:09:23  [info] 2.109 AjaxDashboard
Mar 26 10:13:47  [info] 5.577 Home
Mar 26 10:14:06  [info] 5.369 DashboardFrame
Mar 26 10:14:16  [info] 9.865 AjaxScoreboard
Mar 26 10:14:18  [info] 2.365 AjaxDashboard
Mar 26 10:14:40  [info] 21.707 Dashboard
Mar 26 10:14:47  [info] 6.471 ActionsFrame
Mar 26 10:14:57  [info] 10.137 NbmMonthlyPlanner
Mar 26 10:15:02  [info] 4.236 Communication
Mar 26 10:15:15  [info] 5.411 Calendar
Mar 26 10:15:20  [info] 4.715 NbmMonthlyPlannerGraph4
Mar 26 10:15:24  [info] 4.254 CalendarDay
Mar 26 10:18:14  [info] 6.883 MailerList
Mar 26 10:18:20  [info] 5.859 Home
Mar 26 10:18:28  [info] 8.17 MailerCreate
Mar 26 10:18:31  [info] 2.314 AjaxScoreboard
Mar 26 10:18:35  [info] 4.39 DashboardFrame
Mar 26 10:18:38  [info] 2.465 AjaxDashboard
Mar 26 10:18:43  [info] 5.315 ActionsFrame
Mar 26 10:19:03  [info] 19.847 Dashboard
Mar 26 10:19:16  [info] 11.88 NbmMonthlyPlanner
Mar 26 10:19:20  [info] 4.628 Communication
Mar 26 10:19:26  [info] 5.63 Calendar
Mar 26 10:19:37  [info] 4.837 NbmMonthlyPlannerGraph4
Mar 26 10:19:42  [info] 4.478 CalendarDay
Mar 26 10:20:18  [info] 8.362 DashboardActions
Mar 26 10:20:27  [info] 4.759 ActionCreate
Mar 26 10:20:34  [info] 4.979 ActionCreate
Mar 26 10:20:43  [info] 8.512 DashboardActions
Mar 26 10:21:14  [info] 5.286 MailerList
Mar 26 10:21:23  [info] 7.151 MailerCreate
Mar 26 10:21:39  [info] 5.223 MailerCreate
Mar 26 10:21:46  [info] 4.857 MailerItemCreate
Mar 26 10:27:58  [info] 5.697 MailerItemCreate
Mar 26 10:28:28  [info] 2.308 AjaxDashboard
Mar 26 10:32:52  [info] 5.259 Home
Mar 26 10:33:09  [info] 10.068 AjaxScoreboard
Mar 26 10:33:12  [info] 2.462 AjaxDashboard
Mar 26 10:33:18  [info] 5.741 DashboardFrame
Mar 26 10:33:24  [info] 6.383 ActionsFrame
Mar 26 10:33:35  [info] 10.133 NbmMonthlyPlanner
Mar 26 10:33:40  [info] 5.329 Communication
Mar 26 10:34:00  [info] 19.879 Dashboard
Mar 26 10:34:05  [info] 4.709 Calendar
Mar 26 10:34:10  [info] 4.416 NbmMonthlyPlannerGraph4
Mar 26 10:34:22  [info] 5.827 MailerList
Mar 26 10:34:27  [info] 4.439 CalendarDay
Mar 26 10:34:57  [info] 7.798 MailerCreate
Mar 26 10:35:13  [info] 5.629 MailerCreate
Mar 26 10:35:20  [info] 5.417 MailerItemCreate
Mar 26 10:38:30  [info] 185.847 FilterResults
Mar 26 10:38:37  [info] 7.365 FilterList
Mar 26 10:38:43  [info] 5.279 Home
Mar 26 10:38:49  [info] 5.396 Home
Mar 26 10:38:55  [info] 6.458 AjaxFilterBuilder
Mar 26 10:39:01  [info] 5.973 AjaxFilterBuilder
Mar 26 10:39:11  [info] 9.355 AjaxScoreboard
Mar 26 10:39:17  [info] 5.557 DashboardFrame
Mar 26 10:39:19  [info] 2.223 AjaxDashboard
Mar 26 10:39:26  [info] 6.596 ActionsFrame
Mar 26 10:39:37  [info] 10.685 NbmMonthlyPlanner
Mar 26 10:39:41  [info] 4.168 Communication
Mar 26 10:40:03  [info] 21.677 Dashboard
Mar 26 10:40:09  [info] 5.445 Calendar
Mar 26 10:40:14  [info] 4.664 NbmMonthlyPlannerGraph4
Mar 26 10:40:24  [info] 4.296 CalendarDay
Mar 26 10:41:20  [info] 5.289 MailerList
Mar 26 10:41:37  [info] 7.763 MailerCreate
Mar 26 10:42:06  [info] 5.589 MailerCreate
Mar 26 10:42:13  [info] 5.072 MailerItemCreate
Mar 26 10:42:28  [info] 5.474 MailerItemCreate
Mar 26 10:42:41  [info] 6.361 FilterResults
Mar 26 10:46:48  [info] 4.902 Home
Mar 26 10:46:59  [info] 2.083 AjaxDashboard
Mar 26 10:47:04  [info] 4.882 DashboardFrame
Mar 26 10:47:14  [info] 10.073 AjaxScoreboard
Mar 26 10:47:20  [info] 5.299 ActionsFrame
Mar 26 10:47:41  [info] 21.224 Dashboard
Mar 26 10:47:51  [info] 9.852 NbmMonthlyPlanner
Mar 26 10:47:55  [info] 4.321 Communication
Mar 26 10:48:01  [info] 5.227 Calendar
Mar 26 10:48:12  [info] 5.379 NbmMonthlyPlannerGraph4
Mar 26 10:48:18  [info] 5.446 MailerList
Mar 26 10:48:22  [info] 4.025 CalendarDay
Mar 26 10:48:30  [info] 7.949 MailerCreate
Mar 26 10:48:43  [info] 4.998 MailerCreate
Mar 26 10:48:54  [info] 4.802 MailerItemCreate
Mar 26 10:49:51  [info] 5.916 Home
Mar 26 10:50:09  [info] 4.209 DashboardFrame
Mar 26 10:50:11  [info] 2.147 AjaxScoreboard
Mar 26 10:50:13  [info] 1.963 AjaxDashboard
Mar 26 10:50:34  [info] 20.331 Dashboard
Mar 26 10:50:39  [info] 5.074 ActionsFrame
Mar 26 10:50:49  [info] 9.529 NbmMonthlyPlanner
Mar 26 10:50:53  [info] 4.12 Communication
Mar 26 10:51:03  [info] 4.881 Calendar
Mar 26 10:51:08  [info] 4.465 NbmMonthlyPlannerGraph4
Mar 26 10:51:13  [info] 4.504 CalendarDay
Mar 26 10:51:24  [info] 5.576 MailerList
Mar 26 10:51:33  [info] 7.073 MailerCreate
Mar 26 10:51:47  [info] 5.045 MailerCreate
Mar 26 10:51:53  [info] 4.753 MailerItemCreate
Mar 26 10:55:01  [info] 184.887 FilterResults
Mar 26 10:55:19  [info] 4.985 MailerItemList
Mar 26 10:57:56  [info] 5.302 Home
Mar 26 10:58:08  [info] 5.101 DashboardFrame
Mar 26 10:58:10  [info] 2.214 AjaxDashboard
Mar 26 10:58:20  [info] 9.99 AjaxScoreboard
Mar 26 10:58:42  [info] 21.913 Dashboard
Mar 26 10:58:48  [info] 5.389 ActionsFrame
Mar 26 10:58:58  [info] 9.823 NbmMonthlyPlanner
Mar 26 10:59:02  [info] 4.3 Communication
Mar 26 10:59:13  [info] 5.077 Calendar
Mar 26 10:59:18  [info] 4.478 NbmMonthlyPlannerGraph4
Mar 26 10:59:23  [info] 4.493 CalendarDay
Mar 26 11:00:02  [info] 6.95 FilterList
Mar 26 11:00:15  [info] 7.753 AjaxFilterBuilder
Mar 26 11:00:21  [info] 6.306 AjaxFilterBuilder
Mar 26 11:00:34  [info] 6.034 FilterBuilderCreate
Mar 26 11:00:46  [info] 5.402 MailerList
Mar 26 11:01:32  [info] 7.638 MailerCreate
Mar 26 11:01:52  [info] 5.189 MailerCreate
Mar 26 11:02:00  [info] 4.954 MailerItemCreate
Mar 26 11:02:09  [info] 6.238 FilterResults
Mar 26 11:02:24  [info] 4.458 AjaxFilterBuilder
Mar 26 11:03:12  [info] 4.937 MailerItemCreate
Mar 26 11:03:20  [info] 5.369 MailerItemCreate
Mar 26 11:06:59  [info] 211.251 FilterResults
Mar 26 11:10:36  [info] 208.262 FilterResults
Mar 26 11:10:41  [info] 5.419 Home
Mar 26 11:10:44  [info] 2.296 AjaxDashboard
Mar 26 11:10:50  [info] 6.011 Home
Mar 26 11:11:05  [info] 4.904 DashboardFrame
Mar 26 11:11:15  [info] 9.9 AjaxScoreboard
Mar 26 11:11:18  [info] 2.278 AjaxDashboard
Mar 26 11:11:39  [info] 21.292 Dashboard
Mar 26 11:11:45  [info] 5.568 ActionsFrame
Mar 26 11:11:55  [info] 9.865 NbmMonthlyPlanner
Mar 26 11:11:59  [info] 4.025 Communication
Mar 26 11:12:10  [info] 4.886 Calendar
Mar 26 11:12:15  [info] 4.365 NbmMonthlyPlannerGraph4
Mar 26 11:12:19  [info] 4.412 CalendarDay
Mar 26 11:21:03  [info] 2.35 AjaxDashboard
Mar 26 11:31:04  [info] 2.101 AjaxDashboard
Mar 26 11:41:05  [info] 2.347 AjaxDashboard
Mar 26 11:51:06  [info] 2.336 AjaxDashboard
Mar 26 12:01:07  [info] 2.294 AjaxDashboard
Mar 27 06:40:47  [info] 2.157 AjaxDashboard
Mar 27 06:50:48  [info] 2.442 AjaxDashboard
Mar 27 07:00:49  [info] 2.058 AjaxDashboard
Mar 27 07:10:51  [info] 2.715 AjaxDashboard
Mar 27 07:20:51  [info] 2.356 AjaxDashboard
Mar 27 07:30:52  [info] 2.157 AjaxDashboard
Mar 27 07:40:52  [info] 2.137 AjaxDashboard
Mar 27 07:50:53  [info] 2.113 AjaxDashboard
Mar 27 08:00:54  [info] 2.081 AjaxDashboard
Mar 27 08:10:57  [info] 2.878 AjaxDashboard
Mar 27 08:20:56  [info] 2.118 AjaxDashboard
Mar 27 08:30:57  [info] 2.005 AjaxDashboard
Mar 27 08:40:59  [info] 2.275 AjaxDashboard
Mar 27 08:50:59  [info] 2.094 AjaxDashboard
Mar 27 08:57:50  [info] 5.578 Home
Mar 27 08:58:01  [info] 5.215 DashboardFrame
Mar 27 08:58:12  [info] 11.062 AjaxScoreboard
Mar 27 08:58:15  [info] 2.184 AjaxDashboard
Mar 27 08:58:36  [info] 21.024 Dashboard
Mar 27 08:58:42  [info] 5.506 ActionsFrame
Mar 27 08:58:53  [info] 11.203 NbmMonthlyPlanner
Mar 27 08:58:58  [info] 4.381 Communication
Mar 27 08:59:10  [info] 5.368 Calendar
Mar 27 08:59:15  [info] 4.754 NbmMonthlyPlannerGraph4
Mar 27 08:59:25  [info] 5.971 Login
Mar 27 09:07:59  [info] 2.361 AjaxDashboard
Mar 27 09:17:59  [info] 2.363 AjaxDashboard
Mar 27 09:28:00  [info] 2.209 AjaxDashboard
Mar 27 09:38:01  [info] 2.41 AjaxDashboard
Mar 27 09:48:02  [info] 2.198 AjaxDashboard
Mar 27 09:58:02  [info] 2.082 AjaxDashboard
Mar 27 10:08:04  [info] 2.286 AjaxDashboard
Mar 27 10:18:04  [info] 2.057 AjaxDashboard
Mar 27 10:28:06  [info] 2.218 AjaxDashboard
Mar 27 10:38:06  [info] 1.997 AjaxDashboard
Mar 27 10:48:07  [info] 2.083 AjaxDashboard
Mar 27 10:57:42  [info] 4.072 FilterResults
Mar 27 10:57:51  [info] 4.571 Administration
Mar 27 10:58:09  [info] 3.352 AjaxDashboard
Mar 27 11:00:04  [info] 5.772 Postcode
Mar 27 11:01:19  [info] 11.496 Whitelist
Mar 27 11:01:42  [info] 11.561 Whitelist
Mar 27 11:01:53  [info] 5.547 Whitelist
Mar 27 11:05:39  [info] 5.147 Home
Mar 27 11:05:55  [info] 10.279 AjaxScoreboard
Mar 27 11:05:58  [info] 2.34 AjaxDashboard
Mar 27 11:06:03  [info] 4.92 DashboardFrame
Mar 27 11:06:08  [info] 5.131 ActionsFrame
Mar 27 11:06:19  [info] 10.132 NbmMonthlyPlanner
Mar 27 11:06:23  [info] 4.624 Communication
Mar 27 11:06:44  [info] 20.741 Dashboard
Mar 27 11:06:50  [info] 5.316 Calendar
Mar 27 11:06:54  [info] 4.389 NbmMonthlyPlannerGraph4
Mar 27 11:07:06  [info] 4.586 CalendarDay
Mar 27 11:07:10  [info] 4.305 Administration
Mar 27 11:07:56  [info] 6.019 Postcode
Mar 27 11:09:04  [info] 5.789 Reporting
Mar 27 11:09:55  [info] 11.097 Whitelist
Mar 27 11:15:48  [info] 2.244 AjaxDashboard
Mar 27 11:16:11  [info] 6.561 Whitelist
Mar 27 11:17:48  [info] 5.359 Whitelist
Mar 27 11:18:01  [info] 4.679 Dedupe
Mar 27 11:18:08  [info] 6.711 Dedupe
Mar 27 11:18:15  [info] 6.683 Dedupe
Mar 27 11:18:22  [info] 6.629 Dedupe
Mar 27 11:18:29  [info] 6.897 Dedupe
Mar 27 11:18:35  [info] 5.808 Categories
Mar 27 11:20:48  [info] 7.663 User
Mar 27 11:20:59  [info] 8.361 UserEdit
Mar 27 11:22:25  [info] 6.906 User
Mar 27 11:22:37  [info] 8.246 UserEdit
Mar 27 11:23:22  [info] 8.458 UserEdit
Mar 27 11:24:45  [info] 8.337 UserEdit
Mar 27 11:24:51  [info] 5.051 Home
Mar 27 11:25:02  [info] 5.338 DashboardFrame
Mar 27 11:25:12  [info] 9.545 AjaxScoreboard
Mar 27 11:25:14  [info] 2.197 AjaxDashboard
Mar 27 11:25:35  [info] 20.246 Dashboard
Mar 27 11:25:41  [info] 5.616 ActionsFrame
Mar 27 11:25:52  [info] 11.139 NbmMonthlyPlanner
Mar 27 11:25:56  [info] 4.169 Communication
Mar 27 11:26:07  [info] 4.976 Calendar
Mar 27 11:26:12  [info] 4.729 NbmMonthlyPlannerGraph4
Mar 27 11:26:17  [info] 4.502 CalendarDay
Mar 27 11:26:21  [info] 4.094 Administration
Mar 27 11:30:05  [info] 6.981 User
Mar 27 11:30:16  [info] 7.931 UserEdit
Mar 27 11:30:36  [info] 14.637 UserEdit
Mar 27 11:30:41  [info] 5.298 AdminReports
Mar 27 11:30:49  [info] 7.167 User
Mar 27 11:30:57  [info] 8.04 UserEdit
Mar 27 11:31:38  [info] 28.811 AdminRegions
Mar 27 11:34:20  [info] 6.193 AdminRegionPostcodes
Mar 27 11:34:29  [info] 5.723 AdminRegionsEdit
Mar 27 11:34:37  [info] 6.492 AdminRegionsEdit
Mar 27 11:35:20  [info] 28.821 AdminRegions
Mar 27 11:35:23  [info] 2.389 AjaxDashboard
Mar 27 11:35:48  [info] 5.328 AdminReports
Mar 27 11:36:59  [info] 29.126 AdminRegions
Mar 27 11:38:24  [info] 25.589 AdminRegions
Mar 27 11:38:30  [info] 5.115 Home
Mar 27 11:38:48  [info] 9.9 AjaxScoreboard
Mar 27 11:38:53  [info] 4.641 DashboardFrame
Mar 27 11:38:55  [info] 2.113 AjaxDashboard
Mar 27 11:39:00  [info] 5.231 ActionsFrame
Mar 27 11:39:11  [info] 10.291 NbmMonthlyPlanner
Mar 27 11:39:32  [info] 21.546 Dashboard
Mar 27 11:39:37  [info] 4.348 Communication
Mar 27 11:39:43  [info] 5.365 Calendar
Mar 27 11:39:47  [info] 4.533 NbmMonthlyPlannerGraph4
Mar 27 11:39:58  [info] 4.342 CalendarDay
Mar 27 11:40:02  [info] 3.978 Administration
Mar 27 11:40:41  [info] 26.891 AdminRegions
Mar 27 11:42:14  [info] 27.167 AdminRegions
Mar 27 11:43:16  [info] 27.58 AdminRegions
Mar 27 11:43:54  [info] 26.421 AdminRegions
Mar 27 11:44:00  [info] 5.982 Home
Mar 27 11:44:11  [info] 4.8 DashboardFrame
Mar 27 11:44:21  [info] 10.114 AjaxScoreboard
Mar 27 11:44:24  [info] 2.376 AjaxDashboard
Mar 27 11:44:45  [info] 20.625 Dashboard
Mar 27 11:44:51  [info] 5.906 ActionsFrame
Mar 27 11:45:01  [info] 10.035 NbmMonthlyPlanner
Mar 27 11:45:06  [info] 4.333 Communication
Mar 27 11:45:17  [info] 4.963 Calendar
Mar 27 11:45:21  [info] 4.654 NbmMonthlyPlannerGraph4
Mar 27 11:45:26  [info] 4.502 CalendarDay
Mar 27 11:45:35  [info] 3.988 Administration
Mar 27 11:46:16  [info] 7.161 ClientList
Mar 27 11:47:43  [info] 39.074 CharacteristicList
Mar 27 11:48:01  [info] 9.211 CharacteristicEdit
Mar 27 11:48:27  [info] 11.053 CharacteristicEdit
Mar 27 11:50:02  [info] 4.818 Home
Mar 27 11:50:13  [info] 5.267 DashboardFrame
Mar 27 11:50:16  [info] 2.165 AjaxDashboard
Mar 27 11:50:26  [info] 9.855 AjaxScoreboard
Mar 27 11:50:32  [info] 5.885 ActionsFrame
Mar 27 11:50:54  [info] 21.669 Dashboard
Mar 27 11:51:03  [info] 9.57 NbmMonthlyPlanner
Mar 27 11:51:08  [info] 4.114 Communication
Mar 27 11:51:13  [info] 5.241 Calendar
Mar 27 11:51:24  [info] 4.871 NbmMonthlyPlannerGraph4
Mar 27 11:51:29  [info] 4.349 CalendarDay
Mar 27 11:51:33  [info] 4.003 Administration
Mar 27 11:52:40  [info] 38.753 CharacteristicList
Mar 27 11:54:28  [info] 5.204 Home
Mar 27 11:54:46  [info] 4.242 DashboardFrame
Mar 27 11:54:49  [info] 2.074 AjaxScoreboard
Mar 27 11:54:51  [info] 2.228 AjaxDashboard
Mar 27 11:55:12  [info] 20.135 Dashboard
Mar 27 11:55:19  [info] 6.826 ActionsFrame
Mar 27 11:55:29  [info] 9.996 NbmMonthlyPlanner
Mar 27 11:55:33  [info] 4.043 Communication
Mar 27 11:55:44  [info] 5.037 Calendar
Mar 27 11:55:49  [info] 4.799 NbmMonthlyPlannerGraph4
Mar 27 11:55:54  [info] 4.466 CalendarDay
Mar 27 11:56:07  [info] 4.401 Administration
Mar 27 11:56:57  [info] 40.067 CharacteristicList
Mar 27 11:57:47  [info] 45.789 CharacteristicList
Mar 27 11:59:19  [info] 4.867 Home
Mar 27 11:59:33  [info] 4.031 DashboardFrame
Mar 27 11:59:42  [info] 9.656 AjaxScoreboard
Mar 27 11:59:45  [info] 2.242 AjaxDashboard
Mar 27 12:29:33  [info] 2.083 AjaxDashboard
Mar 27 12:32:56  [info] 5.419 Home
Mar 27 12:33:10  [info] 6.816 DashboardFrame
Mar 27 12:33:21  [info] 10.062 AjaxScoreboard
Mar 27 12:33:23  [info] 2.252 AjaxDashboard
Mar 27 12:33:29  [info] 5.452 ActionsFrame
Mar 27 12:33:49  [info] 20.117 Dashboard
Mar 27 12:34:01  [info] 11.33 NbmMonthlyPlanner
Mar 27 12:34:05  [info] 4.607 Communication
Mar 27 12:34:18  [info] 12.794 Calendar
Mar 27 12:34:30  [info] 4.548 NbmMonthlyPlannerGraph4
Mar 27 12:34:35  [info] 4.253 CalendarDay
Mar 27 12:43:07  [info] 2.272 AjaxDashboard
Mar 27 12:53:08  [info] 2.331 AjaxDashboard
Mar 27 13:03:08  [info] 2.038 AjaxDashboard
Mar 27 13:13:10  [info] 2.613 AjaxDashboard
Mar 27 13:21:19  [info] 5.715 MailerList
Mar 27 13:21:28  [info] 5.466 MailerItemList
Mar 27 13:22:45  [info] 5.271 Home
Mar 27 13:23:03  [info] 5.04 DashboardFrame
Mar 27 13:23:13  [info] 10.027 AjaxScoreboard
Mar 27 13:23:15  [info] 2.252 AjaxDashboard
Mar 27 13:23:21  [info] 5.499 ActionsFrame
Mar 27 13:23:41  [info] 20.15 Dashboard
Mar 27 13:24:27  [info] 45.057 NbmMonthlyPlanner
Mar 27 13:24:31  [info] 4.318 Communication
Mar 27 13:24:37  [info] 5.424 Calendar
Mar 27 13:24:48  [info] 4.768 NbmMonthlyPlannerGraph4
Mar 27 13:24:54  [info] 5.722 CalendarDay
Mar 27 13:26:22  [info] 5.731 MailerList
Mar 27 13:26:30  [info] 5.134 MailerList
Mar 27 13:26:37  [info] 5.147 MailerItemList
Mar 27 13:26:45  [info] 5.13 MailerItemCreate
Mar 27 13:27:12  [info] 5.491 MailerItemList
Mar 27 13:27:18  [info] 5.073 MailerItemList
Mar 27 13:28:43  [info] 5.157 Home
Mar 27 13:28:58  [info] 5.228 DashboardFrame
Mar 27 13:29:08  [info] 9.866 AjaxScoreboard
Mar 27 13:29:11  [info] 2.216 AjaxDashboard
Mar 27 13:29:17  [info] 5.77 ActionsFrame
Mar 27 13:29:38  [info] 21.023 Dashboard
Mar 27 13:29:48  [info] 10.052 NbmMonthlyPlanner
Mar 27 13:29:53  [info] 4.543 Communication
Mar 27 13:29:58  [info] 5.247 Calendar
Mar 27 13:30:10  [info] 4.974 NbmMonthlyPlannerGraph4
Mar 27 13:30:15  [info] 4.505 CalendarDay
Mar 27 13:30:54  [info] 5.676 MailerList
Mar 27 13:31:06  [info] 5.328 MailerItemList
Mar 27 13:31:15  [info] 6.251 MailerItemList
Mar 27 13:31:26  [info] 6.231 MailerItemList
Mar 27 13:31:33  [info] 5.118 MailerItemCreate
Mar 27 13:31:41  [info] 4.957 MailerItemCreate
Mar 27 13:32:11  [info] 5.268 Home
Mar 27 13:32:30  [info] 4.409 DashboardFrame
Mar 27 13:32:32  [info] 2.088 AjaxScoreboard
Mar 27 13:32:34  [info] 2.163 AjaxDashboard
Mar 27 13:32:55  [info] 20.049 Dashboard
Mar 27 13:33:00  [info] 5.649 ActionsFrame
Mar 27 13:33:11  [info] 10.328 NbmMonthlyPlanner
Mar 27 13:33:15  [info] 4.069 Communication
Mar 27 13:33:27  [info] 5.375 Calendar
Mar 27 13:33:31  [info] 4.541 NbmMonthlyPlannerGraph4
Mar 27 13:33:36  [info] 4.573 CalendarDay
Mar 27 13:42:28  [info] 2.474 AjaxDashboard
Mar 27 13:52:28  [info] 2.154 AjaxDashboard
Mar 27 14:02:30  [info] 2.166 AjaxDashboard
Mar 27 14:12:31  [info] 2.221 AjaxDashboard
Mar 27 14:22:31  [info] 2.096 AjaxDashboard
Mar 27 14:32:32  [info] 2.035 AjaxDashboard
Mar 27 14:42:33  [info] 1.974 AjaxDashboard
Mar 27 14:52:34  [info] 2.121 AjaxDashboard
Mar 27 15:02:35  [info] 1.97 AjaxDashboard
Mar 27 15:12:37  [info] 2.269 AjaxDashboard
Mar 27 15:22:38  [info] 2.231 AjaxDashboard
Mar 27 15:32:38  [info] 2.052 AjaxDashboard
Mar 27 15:42:39  [info] 2.022 AjaxDashboard
Mar 27 15:52:40  [info] 2.018 AjaxDashboard
Mar 27 16:02:41  [info] 2.01 AjaxDashboard
Mar 27 16:12:43  [info] 2.245 AjaxDashboard
Mar 27 16:22:43  [info] 1.959 AjaxDashboard
Mar 27 16:32:45  [info] 2.348 AjaxDashboard
Mar 27 16:42:48  [info] 4.64 AjaxDashboard
Mar 27 16:52:46  [info] 1.997 AjaxDashboard
Mar 27 17:02:47  [info] 2.112 AjaxDashboard
Mar 27 17:12:49  [info] 2.169 AjaxDashboard
Mar 27 17:22:49  [info] 1.978 AjaxDashboard
Mar 27 17:32:50  [info] 2.018 AjaxDashboard
Mar 27 17:42:51  [info] 2.017 AjaxDashboard
Mar 27 17:52:52  [info] 2.068 AjaxDashboard
Mar 27 18:02:53  [info] 2.086 AjaxDashboard
Mar 27 18:12:55  [info] 2.348 AjaxDashboard
Mar 27 18:22:55  [info] 2.034 AjaxDashboard
Mar 27 18:32:56  [info] 2.024 AjaxDashboard
Mar 27 18:42:57  [info] 2.071 AjaxDashboard
Mar 27 18:52:58  [info] 1.983 AjaxDashboard
Mar 27 19:02:59  [info] 1.958 AjaxDashboard
Mar 27 19:13:01  [info] 2.381 AjaxDashboard
Mar 27 19:23:02  [info] 2.361 AjaxDashboard
Mar 27 19:33:02  [info] 2.028 AjaxDashboard
Mar 27 19:43:04  [info] 2.238 AjaxDashboard
Mar 27 19:53:04  [info] 2.134 AjaxDashboard
Mar 27 20:03:05  [info] 1.911 AjaxDashboard
Mar 27 20:13:07  [info] 2.167 AjaxDashboard
Mar 27 20:23:07  [info] 2.095 AjaxDashboard
Mar 27 20:33:08  [info] 1.96 AjaxDashboard
Mar 27 20:43:10  [info] 2.277 AjaxDashboard
Mar 27 20:53:10  [info] 1.974 AjaxDashboard
Mar 27 21:03:11  [info] 2.025 AjaxDashboard
Mar 27 21:13:12  [info] 1.995 AjaxDashboard
Mar 27 21:23:13  [info] 2.003 AjaxDashboard
Mar 27 21:33:14  [info] 2.049 AjaxDashboard
Mar 27 21:43:16  [info] 2.326 AjaxDashboard
Mar 27 21:53:16  [info] 2.019 AjaxDashboard
Mar 27 22:03:17  [info] 2.019 AjaxDashboard
Mar 27 22:13:18  [info] 1.971 AjaxDashboard
Mar 27 22:23:19  [info] 2.017 AjaxDashboard
Mar 27 22:33:21  [info] 2.189 AjaxDashboard
Mar 27 22:43:22  [info] 2.25 AjaxDashboard
Mar 27 22:53:22  [info] 2.044 AjaxDashboard
Mar 27 23:03:23  [info] 2.083 AjaxDashboard
Mar 27 23:13:24  [info] 2.045 AjaxDashboard
Mar 27 23:23:25  [info] 1.995 AjaxDashboard
Mar 27 23:33:26  [info] 2.029 AjaxDashboard
Mar 27 23:43:28  [info] 2.125 AjaxDashboard
Mar 27 23:53:29  [info] 2.175 AjaxDashboard
Mar 28 00:03:29  [info] 2.021 AjaxDashboard
Mar 28 00:13:35  [info] 2.115 AjaxDashboard
Mar 28 00:23:36  [info] 2.059 AjaxDashboard
Mar 28 00:33:37  [info] 1.888 AjaxDashboard
Mar 28 00:43:39  [info] 2.426 AjaxDashboard
Mar 28 00:53:39  [info] 1.922 AjaxDashboard
Mar 28 01:03:40  [info] 1.966 AjaxDashboard
Mar 28 01:13:41  [info] 2.031 AjaxDashboard
Mar 28 01:23:42  [info] 1.943 AjaxDashboard
Mar 28 01:33:43  [info] 2.103 AjaxDashboard
Mar 28 01:43:44  [info] 2.215 AjaxDashboard
Mar 28 01:53:45  [info] 1.974 AjaxDashboard
Mar 28 02:03:46  [info] 2.16 AjaxDashboard
Mar 28 02:13:47  [info] 2.135 AjaxDashboard
Mar 28 02:23:48  [info] 2.144 AjaxDashboard
Mar 28 02:33:49  [info] 2.037 AjaxDashboard
Mar 28 02:43:50  [info] 2.039 AjaxDashboard
Mar 28 02:53:51  [info] 2.102 AjaxDashboard
Mar 28 03:03:52  [info] 2.128 AjaxDashboard
Mar 28 03:13:53  [info] 2.05 AjaxDashboard
Mar 28 03:23:54  [info] 2.038 AjaxDashboard
Mar 28 03:33:55  [info] 1.987 AjaxDashboard
Mar 28 03:43:57  [info] 2.366 AjaxDashboard
Mar 28 03:53:57  [info] 1.95 AjaxDashboard
Mar 28 04:03:58  [info] 1.979 AjaxDashboard
Mar 28 04:13:59  [info] 2.095 AjaxDashboard
Mar 28 04:24:00  [info] 1.992 AjaxDashboard
Mar 28 04:34:01  [info] 1.96 AjaxDashboard
Mar 28 04:44:03  [info] 2.433 AjaxDashboard
Mar 28 04:54:03  [info] 2.123 AjaxDashboard
Mar 28 05:04:04  [info] 1.987 AjaxDashboard
Mar 28 05:14:05  [info] 2.104 AjaxDashboard
Mar 28 05:24:06  [info] 1.984 AjaxDashboard
Mar 28 05:34:08  [info] 2.507 AjaxDashboard
Mar 28 05:44:08  [info] 2.223 AjaxDashboard
Mar 28 05:54:09  [info] 2.091 AjaxDashboard
Mar 28 06:04:10  [info] 2.004 AjaxDashboard
Mar 28 06:14:11  [info] 2.04 AjaxDashboard
Mar 28 06:24:12  [info] 2.04 AjaxDashboard
Mar 28 06:34:13  [info] 2.19 AjaxDashboard
Mar 28 06:44:14  [info] 2.116 AjaxDashboard
Mar 28 06:54:15  [info] 2.123 AjaxDashboard
Mar 28 07:04:16  [info] 2.036 AjaxDashboard
Mar 28 07:14:17  [info] 2.008 AjaxDashboard
Mar 28 07:24:18  [info] 2.143 AjaxDashboard
Mar 28 07:34:19  [info] 2.11 AjaxDashboard
Mar 28 07:44:20  [info] 2.248 AjaxDashboard
Mar 28 07:54:21  [info] 2.084 AjaxDashboard
Mar 28 08:04:22  [info] 1.991 AjaxDashboard
Mar 28 08:14:23  [info] 1.996 AjaxDashboard
Mar 28 08:24:24  [info] 2.017 AjaxDashboard
Mar 28 08:34:25  [info] 2.056 AjaxDashboard
Mar 30 04:55:38  [info] 3 AjaxDashboard
Mar 30 05:05:38  [info] 2.22 AjaxDashboard
Mar 30 05:15:39  [info] 2.35 AjaxDashboard
Mar 30 05:25:40  [info] 2.292 AjaxDashboard
Mar 30 05:35:41  [info] 2.273 AjaxDashboard
Mar 30 05:45:42  [info] 2.263 AjaxDashboard
Mar 30 05:55:43  [info] 2.289 AjaxDashboard
Mar 30 06:05:44  [info] 2.234 AjaxDashboard
Mar 30 06:15:45  [info] 2.324 AjaxDashboard
Mar 30 06:21:48  [info] 5.982 Home
Mar 30 06:22:07  [info] 5.839 DashboardFrame
Mar 30 06:22:19  [info] 11.392 AjaxScoreboard
Mar 30 06:22:22  [info] 2.623 AjaxDashboard
Mar 30 06:22:45  [info] 22.966 Dashboard
Mar 30 06:22:52  [info] 6.181 ActionsFrame
Mar 30 06:23:02  [info] 10.587 NbmMonthlyPlanner
Mar 30 06:23:07  [info] 4.854 Communication
Mar 30 06:23:20  [info] 5.429 Calendar
Mar 30 06:23:25  [info] 5.44 NbmMonthlyPlannerGraph4
Mar 30 06:23:30  [info] 4.751 CalendarDay
Mar 30 06:28:01  [info] 4.505 WorkspaceFilter
Mar 30 06:28:11  [info] 7.883 FilterList
Mar 30 06:28:19  [info] 6.868 AjaxFilterBuilder
Mar 30 06:28:26  [info] 6.683 AjaxFilterBuilder
Mar 30 06:28:37  [info] 10.689 FilterExport
Mar 30 06:28:53  [info] 5.816 Search
Mar 30 06:29:02  [info] 8.045 CompanyCreate
Mar 30 06:29:09  [info] 7.142 ParentCompany
Mar 30 06:29:16  [info] 6.183 Category
Mar 30 06:29:30  [info] 6.113 Category
Mar 30 06:29:36  [info] 5.959 Category
Mar 30 06:32:05  [info] 2.523 AjaxDashboard
Mar 30 06:36:41  [info] 4.67 WorkspaceFilter
Mar 30 06:42:06  [info] 2.464 AjaxDashboard
Mar 30 06:50:06  [info] 4.822 ActionCreate
Mar 30 06:52:07  [info] 2.438 AjaxDashboard
Mar 30 06:52:23  [info] 5.424 Home
Mar 30 06:52:39  [info] 10.819 AjaxScoreboard
Mar 30 06:52:45  [info] 5.755 DashboardFrame
Mar 30 06:52:49  [info] 2.899 AjaxDashboard
Mar 30 06:52:55  [info] 6.288 ActionsFrame
Mar 30 06:53:05  [info] 9.94 NbmMonthlyPlanner
Mar 30 06:53:10  [info] 4.168 Communication
Mar 30 06:53:31  [info] 21.379 Dashboard
Mar 30 06:53:37  [info] 5.748 Calendar
Mar 30 06:53:42  [info] 5.041 NbmMonthlyPlannerGraph4
Mar 30 06:53:53  [info] 4.585 CalendarDay
Mar 30 06:54:00  [info] 4.352 ActionCreate
Mar 30 06:54:16  [info] 5.679 Home
Mar 30 06:54:25  [info] 2.24 AjaxDashboard
Mar 30 06:54:28  [info] 2.086 AjaxScoreboard
Mar 30 06:54:33  [info] 4.783 DashboardFrame
Mar 30 06:54:39  [info] 6.21 ActionsFrame
Mar 30 06:54:51  [info] 11.584 NbmMonthlyPlanner
Mar 30 06:55:13  [info] 21.927 Dashboard
Mar 30 06:55:18  [info] 4.753 Communication
Mar 30 06:55:24  [info] 5.647 Calendar
Mar 30 06:55:30  [info] 5.341 NbmMonthlyPlannerGraph4
Mar 30 06:55:41  [info] 4.59 CalendarDay
Mar 30 06:56:19  [info] 4.879 ActionCreate
Mar 30 06:57:45  [info] 6.416 Home
Mar 30 06:58:04  [info] 5.288 DashboardFrame
Mar 30 06:58:16  [info] 11.886 AjaxScoreboard
Mar 30 06:58:18  [info] 2.253 AjaxDashboard
Mar 30 06:58:25  [info] 6.324 ActionsFrame
Mar 30 06:58:47  [info] 22.516 Dashboard
Mar 30 06:58:58  [info] 10.877 NbmMonthlyPlanner
Mar 30 06:59:03  [info] 4.519 Communication
Mar 30 06:59:09  [info] 5.492 Calendar
Mar 30 06:59:21  [info] 5.154 NbmMonthlyPlannerGraph4
Mar 30 06:59:26  [info] 4.635 CalendarDay
Mar 30 06:59:51  [info] 5.337 ActionCreate
Mar 30 07:00:37  [info] 5.72 Calendar
Mar 30 07:00:45  [info] 7.092 Home
Mar 30 07:00:51  [info] 5.75 CalendarDay
Mar 30 07:00:58  [info] 2.581 AjaxDashboard
Mar 30 07:01:03  [info] 4.844 DashboardFrame
Mar 30 07:01:06  [info] 2.552 AjaxScoreboard
Mar 30 07:01:13  [info] 6.632 ActionsFrame
Mar 30 07:01:34  [info] 21.432 Dashboard
Mar 30 07:01:45  [info] 10.535 NbmMonthlyPlanner
Mar 30 07:01:50  [info] 4.898 Communication
Mar 30 07:01:56  [info] 5.738 Calendar
Mar 30 07:02:08  [info] 4.863 NbmMonthlyPlannerGraph4
Mar 30 07:02:13  [info] 4.7 CalendarDay
Mar 30 07:02:31  [info] 4.638 ActionCreate
Mar 30 07:05:17  [info] 5.388 Home
Mar 30 07:05:33  [info] 5.281 DashboardFrame
Mar 30 07:05:44  [info] 10.974 AjaxScoreboard
Mar 30 07:05:47  [info] 2.338 AjaxDashboard
Mar 30 07:06:09  [info] 22.34 Dashboard
Mar 30 07:06:15  [info] 5.38 ActionsFrame
Mar 30 07:06:26  [info] 11.259 NbmMonthlyPlanner
Mar 30 07:06:31  [info] 4.513 Communication
Mar 30 07:06:42  [info] 5.43 Calendar
Mar 30 07:06:47  [info] 4.562 NbmMonthlyPlannerGraph4
Mar 30 07:06:52  [info] 4.534 CalendarDay
Mar 30 07:07:15  [info] 5.505 Home
Mar 30 07:07:27  [info] 1.893 AjaxScoreboard
Mar 30 07:07:31  [info] 4.083 DashboardFrame
Mar 30 07:07:34  [info] 2.31 AjaxDashboard
Mar 30 07:07:40  [info] 6.011 ActionsFrame
Mar 30 07:08:03  [info] 22.19 Dashboard
Mar 30 07:08:13  [info] 10.514 NbmMonthlyPlanner
Mar 30 07:08:17  [info] 4.209 Communication
Mar 30 07:08:23  [info] 5.574 Calendar
Mar 30 07:08:35  [info] 4.996 NbmMonthlyPlannerGraph4
Mar 30 07:08:39  [info] 4.567 CalendarDay
Mar 30 07:17:28  [info] 2.236 AjaxDashboard
Mar 30 07:27:29  [info] 2.148 AjaxDashboard
Mar 30 07:27:55  [info] 5.541 Home
Mar 30 07:28:13  [info] 5.594 DashboardFrame
Mar 30 07:28:25  [info] 11.688 AjaxScoreboard
Mar 30 07:28:27  [info] 2.441 AjaxDashboard
Mar 30 07:28:34  [info] 6.36 ActionsFrame
Mar 30 07:28:56  [info] 21.774 Dashboard
Mar 30 07:29:07  [info] 10.755 NbmMonthlyPlanner
Mar 30 07:29:12  [info] 4.652 Communication
Mar 30 07:29:18  [info] 5.628 Calendar
Mar 30 07:29:29  [info] 4.903 NbmMonthlyPlannerGraph4
Mar 30 07:29:34  [info] 5.096 CalendarDay
Mar 30 07:38:10  [info] 2.674 AjaxDashboard
Mar 30 07:48:11  [info] 2.528 AjaxDashboard
Mar 30 07:58:12  [info] 2.558 AjaxDashboard
Mar 30 08:08:13  [info] 2.449 AjaxDashboard
Mar 30 08:18:14  [info] 2.402 AjaxDashboard
Mar 30 08:28:15  [info] 2.376 AjaxDashboard
Mar 30 08:38:16  [info] 2.08 AjaxDashboard
Mar 30 08:48:17  [info] 2.047 AjaxDashboard
Mar 30 08:58:18  [info] 2.374 AjaxDashboard
Mar 30 09:08:19  [info] 2.056 AjaxDashboard
Mar 30 09:18:20  [info] 2.082 AjaxDashboard
Mar 30 09:28:20  [info] 2.006 AjaxDashboard
Mar 30 09:38:22  [info] 2.452 AjaxDashboard
Mar 30 09:48:23  [info] 2.092 AjaxDashboard
Mar 30 09:58:24  [info] 2.46 AjaxDashboard
Mar 30 10:08:25  [info] 2.297 AjaxDashboard
Mar 30 10:14:40  [info] 0.184 Login
Mar 30 10:14:54  [info] 4.861 Home
Mar 30 10:15:06  [info] 9.956 AjaxScoreboard
Mar 30 10:15:11  [info] 4.878 DashboardFrame
Mar 30 10:15:14  [info] 2.105 AjaxDashboard
Mar 30 10:15:19  [info] 5.099 ActionsFrame
Mar 30 10:15:28  [info] 9.504 NbmMonthlyPlanner
Mar 30 10:15:48  [info] 19.677 Dashboard
Mar 30 10:15:53  [info] 4.309 Communication
Mar 30 10:15:58  [info] 4.96 Calendar
Mar 30 10:16:02  [info] 4.469 NbmMonthlyPlannerGraph4
Mar 30 10:16:12  [info] 4.036 CalendarDay
Mar 30 10:24:59  [info] 2.1 AjaxDashboard
Mar 30 10:34:59  [info] 1.942 AjaxDashboard
Mar 30 10:45:01  [info] 2.363 AjaxDashboard
Mar 30 10:55:02  [info] 2.123 AjaxDashboard
Mar 30 11:05:03  [info] 2.047 AjaxDashboard
Mar 30 11:15:04  [info] 2.125 AjaxDashboard
Mar 30 11:25:05  [info] 2.428 AjaxDashboard
Mar 30 11:35:06  [info] 2.517 AjaxDashboard
Mar 30 11:45:07  [info] 2.381 AjaxDashboard
Mar 30 11:55:08  [info] 2.5 AjaxDashboard
Mar 30 12:05:09  [info] 2.359 AjaxDashboard
Mar 30 12:15:10  [info] 2.187 AjaxDashboard
Mar 30 12:25:11  [info] 2.282 AjaxDashboard
Mar 30 12:35:12  [info] 2.09 AjaxDashboard
Mar 30 12:45:13  [info] 2.192 AjaxDashboard
Mar 30 12:55:14  [info] 2.589 AjaxDashboard
Mar 30 13:05:15  [info] 2.398 AjaxDashboard
Mar 30 13:15:15  [info] 2.035 AjaxDashboard
Mar 30 13:25:17  [info] 2.361 AjaxDashboard
Mar 30 13:35:18  [info] 2.455 AjaxDashboard
Mar 30 13:45:19  [info] 2.333 AjaxDashboard
Mar 30 13:55:20  [info] 2.401 AjaxDashboard
Mar 30 14:05:21  [info] 2.066 AjaxDashboard
Mar 30 14:15:22  [info] 2.095 AjaxDashboard
Mar 30 14:25:23  [info] 2.076 AjaxDashboard
Mar 30 14:35:23  [info] 1.949 AjaxDashboard
Mar 30 14:45:25  [info] 2.131 AjaxDashboard
Mar 30 14:55:26  [info] 2.249 AjaxDashboard
Mar 30 15:05:27  [info] 2.046 AjaxDashboard
Mar 30 15:15:28  [info] 2.598 AjaxDashboard
Mar 30 15:25:28  [info] 1.965 AjaxDashboard
Mar 30 15:35:29  [info] 1.978 AjaxDashboard
Mar 30 15:45:31  [info] 2.121 AjaxDashboard
Mar 30 15:55:31  [info] 2.03 AjaxDashboard
Mar 30 16:05:32  [info] 1.975 AjaxDashboard
Mar 30 16:15:34  [info] 2.098 AjaxDashboard
Mar 30 16:25:35  [info] 2.113 AjaxDashboard
Mar 30 16:35:36  [info] 2.064 AjaxDashboard
Mar 30 16:45:37  [info] 2.03 AjaxDashboard
Mar 30 16:55:37  [info] 2.032 AjaxDashboard
Mar 30 17:05:39  [info] 2.101 AjaxDashboard
Mar 30 17:15:40  [info] 2.124 AjaxDashboard
Mar 30 17:25:41  [info] 2.225 AjaxDashboard
Mar 30 17:35:41  [info] 2.024 AjaxDashboard
Mar 30 17:45:42  [info] 1.98 AjaxDashboard
Mar 30 17:55:44  [info] 2.113 AjaxDashboard
Mar 30 18:05:45  [info] 2.109 AjaxDashboard
Mar 30 18:15:45  [info] 2.06 AjaxDashboard
Mar 30 18:25:47  [info] 2.067 AjaxDashboard
Mar 30 18:35:47  [info] 1.979 AjaxDashboard
Mar 30 18:45:49  [info] 2.078 AjaxDashboard
Mar 30 18:55:49  [info] 2.057 AjaxDashboard
Mar 30 19:05:50  [info] 1.99 AjaxDashboard
Mar 30 19:15:52  [info] 2.06 AjaxDashboard
Mar 30 19:25:52  [info] 2.003 AjaxDashboard
Mar 30 19:35:53  [info] 2.029 AjaxDashboard
Mar 30 19:45:54  [info] 2.01 AjaxDashboard
Mar 30 19:55:55  [info] 2.032 AjaxDashboard
Mar 30 20:05:56  [info] 2.021 AjaxDashboard
Mar 30 20:15:58  [info] 2.112 AjaxDashboard
Mar 30 20:25:58  [info] 2.033 AjaxDashboard
Mar 30 20:35:59  [info] 2.043 AjaxDashboard
Mar 30 20:46:01  [info] 2.093 AjaxDashboard
Mar 30 20:56:02  [info] 2.082 AjaxDashboard
Mar 30 21:06:03  [info] 2.05 AjaxDashboard
Mar 30 21:16:04  [info] 2.077 AjaxDashboard
Mar 30 21:26:04  [info] 1.927 AjaxDashboard
Mar 30 21:36:06  [info] 2.061 AjaxDashboard
Mar 30 21:46:07  [info] 2.062 AjaxDashboard
Mar 30 21:56:08  [info] 2.152 AjaxDashboard
Mar 30 22:06:09  [info] 2.083 AjaxDashboard
Mar 30 22:16:09  [info] 2 AjaxDashboard
Mar 30 22:26:10  [info] 2.003 AjaxDashboard
Mar 30 22:36:12  [info] 2.068 AjaxDashboard
Mar 30 22:46:13  [info] 2.15 AjaxDashboard
Mar 30 22:56:14  [info] 2.135 AjaxDashboard
Mar 30 23:06:15  [info] 2.489 AjaxDashboard
Mar 30 23:16:15  [info] 2.019 AjaxDashboard
Mar 30 23:26:16  [info] 1.944 AjaxDashboard
Mar 30 23:36:18  [info] 2.094 AjaxDashboard
Mar 30 23:46:19  [info] 2.067 AjaxDashboard
Mar 30 23:56:20  [info] 2.09 AjaxDashboard
Mar 31 00:06:21  [info] 2.084 AjaxDashboard
Mar 31 00:16:26  [info] 2.023 AjaxDashboard
Mar 31 00:26:27  [info] 2.06 AjaxDashboard
Mar 31 00:36:28  [info] 1.973 AjaxDashboard
Mar 31 00:46:29  [info] 2.029 AjaxDashboard
Mar 31 00:56:30  [info] 1.963 AjaxDashboard
Mar 31 01:06:31  [info] 2.143 AjaxDashboard
Mar 31 01:16:32  [info] 2.063 AjaxDashboard
Mar 31 01:26:33  [info] 2.073 AjaxDashboard
Mar 31 01:36:34  [info] 2.006 AjaxDashboard
Mar 31 01:46:35  [info] 2.074 AjaxDashboard
Mar 31 01:56:36  [info] 1.98 AjaxDashboard
Mar 31 02:06:37  [info] 2.065 AjaxDashboard
Mar 31 02:16:38  [info] 1.964 AjaxDashboard
Mar 31 02:26:39  [info] 1.971 AjaxDashboard
Mar 31 02:36:40  [info] 1.968 AjaxDashboard
Mar 31 02:46:41  [info] 2.001 AjaxDashboard
Mar 31 02:56:42  [info] 2.063 AjaxDashboard
Mar 31 03:06:43  [info] 2.027 AjaxDashboard
Mar 31 03:16:44  [info] 2.035 AjaxDashboard
Mar 31 03:26:45  [info] 1.973 AjaxDashboard
Mar 31 03:36:46  [info] 1.971 AjaxDashboard
Mar 31 03:46:47  [info] 2.014 AjaxDashboard
Mar 31 03:56:48  [info] 2.063 AjaxDashboard
Mar 31 04:06:49  [info] 2.054 AjaxDashboard
Mar 31 04:16:50  [info] 2.227 AjaxDashboard
Mar 31 04:26:52  [info] 2.345 AjaxDashboard
Mar 31 04:36:53  [info] 2.515 AjaxDashboard
Mar 31 04:46:54  [info] 2.568 AjaxDashboard
Mar 31 04:56:55  [info] 2.462 AjaxDashboard
Mar 31 05:06:56  [info] 2.487 AjaxDashboard
Mar 31 05:16:57  [info] 2.347 AjaxDashboard
Mar 31 05:26:57  [info] 2.094 AjaxDashboard
Mar 31 05:36:59  [info] 2.892 AjaxDashboard
Mar 31 05:46:59  [info] 2.074 AjaxDashboard
Mar 31 05:57:01  [info] 2.569 AjaxDashboard
Mar 31 06:07:01  [info] 2.037 AjaxDashboard
Mar 31 06:17:02  [info] 2.034 AjaxDashboard
Mar 31 06:27:04  [info] 2.472 AjaxDashboard
Mar 31 06:37:04  [info] 2.041 AjaxDashboard
Mar 31 06:47:05  [info] 1.993 AjaxDashboard
Mar 31 06:57:06  [info] 2.001 AjaxDashboard
Mar 31 07:07:07  [info] 1.941 AjaxDashboard
Mar 31 07:17:08  [info] 2.127 AjaxDashboard
Mar 31 07:27:10  [info] 2.467 AjaxDashboard
Mar 31 07:37:10  [info] 2.045 AjaxDashboard
Mar 31 07:47:11  [info] 2.083 AjaxDashboard
Mar 31 07:57:12  [info] 2.074 AjaxDashboard
Mar 31 08:07:13  [info] 1.974 AjaxDashboard
Mar 31 08:17:14  [info] 1.981 AjaxDashboard
Mar 31 08:27:15  [info] 2.015 AjaxDashboard
Mar 31 08:37:17  [info] 2.249 AjaxDashboard
Mar 31 08:47:17  [info] 1.986 AjaxDashboard
Mar 31 08:57:18  [info] 2.096 AjaxDashboard
Mar 31 09:07:19  [info] 2.037 AjaxDashboard
Mar 31 09:17:20  [info] 2.023 AjaxDashboard
Mar 31 09:27:21  [info] 2.154 AjaxDashboard
Mar 31 09:37:22  [info] 2.116 AjaxDashboard
Mar 31 09:47:23  [info] 2.055 AjaxDashboard
Mar 31 09:57:24  [info] 1.974 AjaxDashboard
Mar 31 10:07:26  [info] 2.284 AjaxDashboard
Mar 31 10:17:26  [info] 2.186 AjaxDashboard
Mar 31 10:27:27  [info] 2.015 AjaxDashboard
Mar 31 10:37:28  [info] 1.911 AjaxDashboard
Mar 31 10:47:30  [info] 2.308 AjaxDashboard
Mar 31 10:57:30  [info] 2.096 AjaxDashboard
Mar 31 11:07:32  [info] 2.368 AjaxDashboard
Mar 31 11:17:33  [info] 2.452 AjaxDashboard
Mar 31 11:27:34  [info] 2.374 AjaxDashboard
Mar 31 11:37:35  [info] 2.345 AjaxDashboard
Mar 31 11:47:36  [info] 2.251 AjaxDashboard
Mar 31 11:57:37  [info] 2.238 AjaxDashboard
Mar 31 12:07:38  [info] 2.401 AjaxDashboard
Mar 31 12:17:38  [info] 1.996 AjaxDashboard
Mar 31 12:27:39  [info] 2.054 AjaxDashboard
Mar 31 12:37:40  [info] 2.054 AjaxDashboard
Mar 31 12:47:41  [info] 1.996 AjaxDashboard
Mar 31 12:57:42  [info] 2.179 AjaxDashboard
Mar 31 13:07:44  [info] 2.531 AjaxDashboard
Mar 31 13:17:45  [info] 2.337 AjaxDashboard
Mar 31 13:27:45  [info] 1.964 AjaxDashboard
Mar 31 13:37:46  [info] 2.104 AjaxDashboard
Mar 31 13:47:47  [info] 2.058 AjaxDashboard
Mar 31 13:57:48  [info] 2.029 AjaxDashboard
Mar 31 14:07:50  [info] 2.224 AjaxDashboard
Mar 31 14:17:50  [info] 2.041 AjaxDashboard
Mar 31 14:27:51  [info] 2.047 AjaxDashboard
Mar 31 14:37:52  [info] 2.013 AjaxDashboard
Mar 31 14:47:53  [info] 2.112 AjaxDashboard
Mar 31 14:57:54  [info] 2.09 AjaxDashboard
Mar 31 15:07:55  [info] 2.008 AjaxDashboard
Mar 31 15:17:56  [info] 1.981 AjaxDashboard
Mar 31 15:27:58  [info] 2.674 AjaxDashboard
Mar 31 15:37:58  [info] 2.111 AjaxDashboard
Mar 31 15:47:59  [info] 2.05 AjaxDashboard
Mar 31 15:58:00  [info] 2.045 AjaxDashboard
Mar 31 16:08:01  [info] 2.029 AjaxDashboard
Mar 31 16:18:03  [info] 2.273 AjaxDashboard
Mar 31 16:28:04  [info] 2.469 AjaxDashboard
Mar 31 16:38:04  [info] 2.194 AjaxDashboard
Mar 31 16:48:05  [info] 2.277 AjaxDashboard
Mar 31 16:58:06  [info] 2.124 AjaxDashboard
Mar 31 17:08:07  [info] 2.28 AjaxDashboard
Mar 31 17:18:08  [info] 2.148 AjaxDashboard
Mar 31 17:28:10  [info] 2.922 AjaxDashboard
Mar 31 17:38:10  [info] 2.237 AjaxDashboard
Mar 31 17:48:11  [info] 2.211 AjaxDashboard
Mar 31 17:58:12  [info] 2.074 AjaxDashboard
Mar 31 18:08:13  [info] 2.172 AjaxDashboard
Mar 31 18:18:14  [info] 2.101 AjaxDashboard
Mar 31 18:28:16  [info] 2.765 AjaxDashboard
Mar 31 18:38:16  [info] 2.162 AjaxDashboard
Mar 31 18:48:17  [info] 2.094 AjaxDashboard
Mar 31 18:58:18  [info] 2.127 AjaxDashboard
Mar 31 19:08:19  [info] 2.071 AjaxDashboard
Mar 31 19:18:20  [info] 2.131 AjaxDashboard
Mar 31 19:28:22  [info] 2.422 AjaxDashboard
Mar 31 19:38:22  [info] 2.154 AjaxDashboard
Mar 31 19:48:23  [info] 2.105 AjaxDashboard
Mar 31 19:58:25  [info] 2.21 AjaxDashboard
Mar 31 20:08:25  [info] 2.066 AjaxDashboard
Mar 31 20:18:26  [info] 2.097 AjaxDashboard
Mar 31 20:28:29  [info] 3.289 AjaxDashboard
Mar 31 20:38:28  [info] 2.095 AjaxDashboard
Mar 31 20:48:29  [info] 2.01 AjaxDashboard
Mar 31 20:58:30  [info] 1.99 AjaxDashboard
Mar 31 21:08:31  [info] 2.018 AjaxDashboard
Mar 31 21:18:32  [info] 2.094 AjaxDashboard
Mar 31 21:28:33  [info] 2.032 AjaxDashboard
Mar 31 21:38:34  [info] 2.031 AjaxDashboard
Mar 31 21:48:35  [info] 1.982 AjaxDashboard
Mar 31 21:58:36  [info] 2.07 AjaxDashboard
Mar 31 22:08:37  [info] 2.148 AjaxDashboard
Mar 31 22:18:38  [info] 2.098 AjaxDashboard
Mar 31 22:28:39  [info] 2.152 AjaxDashboard
Mar 31 22:38:40  [info] 2.201 AjaxDashboard
Mar 31 22:48:41  [info] 2.105 AjaxDashboard
Mar 31 22:58:42  [info] 2.059 AjaxDashboard
Mar 31 23:08:43  [info] 2.159 AjaxDashboard
Mar 31 23:18:44  [info] 2.062 AjaxDashboard
Mar 31 23:28:45  [info] 2.118 AjaxDashboard
Mar 31 23:38:47  [info] 2.179 AjaxDashboard
Mar 31 23:48:47  [info] 2.007 AjaxDashboard
Mar 31 23:58:48  [info] 2.159 AjaxDashboard
Apr 01 00:08:49  [info] 2.201 AjaxDashboard
Apr 01 00:18:55  [info] 2.07 AjaxDashboard
Apr 01 00:28:56  [info] 1.962 AjaxDashboard
Apr 01 00:38:57  [info] 2.035 AjaxDashboard
Apr 01 00:48:58  [info] 2.067 AjaxDashboard
Apr 01 00:58:59  [info] 2.145 AjaxDashboard
Apr 01 01:09:00  [info] 2.165 AjaxDashboard
Apr 01 01:19:01  [info] 2.094 AjaxDashboard
Apr 01 01:29:02  [info] 2.186 AjaxDashboard
Apr 01 01:39:03  [info] 2.148 AjaxDashboard
Apr 01 01:49:04  [info] 2.165 AjaxDashboard
Apr 01 01:59:05  [info] 2.165 AjaxDashboard
Apr 01 02:09:06  [info] 2.139 AjaxDashboard
Apr 01 02:19:07  [info] 2.097 AjaxDashboard
Apr 01 02:29:08  [info] 2.14 AjaxDashboard
Apr 01 02:39:09  [info] 2.098 AjaxDashboard
Apr 01 02:49:10  [info] 2.106 AjaxDashboard
Apr 01 02:59:11  [info] 2.094 AjaxDashboard
Apr 01 03:09:12  [info] 2.048 AjaxDashboard
Apr 01 03:19:14  [info] 2.633 AjaxDashboard
Apr 01 03:29:14  [info] 2.343 AjaxDashboard
Apr 01 03:39:15  [info] 2.1 AjaxDashboard
Apr 01 03:49:16  [info] 2.181 AjaxDashboard
Apr 01 03:59:17  [info] 2.015 AjaxDashboard
Apr 01 04:09:18  [info] 2.123 AjaxDashboard
Apr 01 04:19:19  [info] 2.047 AjaxDashboard
Apr 01 04:29:20  [info] 2.269 AjaxDashboard
Apr 01 04:39:21  [info] 2.263 AjaxDashboard
Apr 01 04:49:22  [info] 2.401 AjaxDashboard
Apr 01 04:59:23  [info] 2.345 AjaxDashboard
Apr 01 05:09:26  [info] 3.625 AjaxDashboard
Apr 01 05:19:25  [info] 2.443 AjaxDashboard
Apr 01 05:29:27  [info] 3.392 AjaxDashboard
Apr 01 05:39:28  [info] 2.547 AjaxDashboard
Apr 01 05:49:28  [info] 2.063 AjaxDashboard
Apr 01 05:59:29  [info] 2.199 AjaxDashboard
Apr 01 06:09:30  [info] 2.068 AjaxDashboard
Apr 01 06:19:31  [info] 2.037 AjaxDashboard
Apr 01 06:29:32  [info] 2.364 AjaxDashboard
Apr 01 06:39:34  [info] 3.097 AjaxDashboard
Apr 01 06:49:35  [info] 2.719 AjaxDashboard
Apr 01 06:59:35  [info] 1.944 AjaxDashboard
Apr 01 07:09:36  [info] 1.997 AjaxDashboard
Apr 01 07:19:37  [info] 2.115 AjaxDashboard
Apr 01 07:29:38  [info] 2.174 AjaxDashboard
Apr 01 07:39:39  [info] 2.254 AjaxDashboard
Apr 01 07:49:40  [info] 2.088 AjaxDashboard
Apr 01 07:59:41  [info] 2.172 AjaxDashboard
Apr 01 08:09:42  [info] 2.166 AjaxDashboard
Apr 01 08:19:43  [info] 2.358 AjaxDashboard
Apr 01 08:29:44  [info] 2.223 AjaxDashboard
Apr 01 08:39:45  [info] 2.252 AjaxDashboard
Apr 01 08:49:46  [info] 2.152 AjaxDashboard
Apr 01 08:59:47  [info] 2.137 AjaxDashboard
Apr 01 09:09:48  [info] 2.468 AjaxDashboard
Apr 01 09:19:50  [info] 2.521 AjaxDashboard
Apr 01 09:29:50  [info] 2.181 AjaxDashboard
Apr 01 09:39:51  [info] 2.073 AjaxDashboard
Apr 01 09:49:52  [info] 2.465 AjaxDashboard
Apr 01 09:59:53  [info] 2.279 AjaxDashboard
Apr 01 10:09:54  [info] 2.119 AjaxDashboard
Apr 01 10:19:56  [info] 2.502 AjaxDashboard
Apr 01 10:29:57  [info] 2.592 AjaxDashboard
Apr 01 10:39:57  [info] 2.117 AjaxDashboard
Apr 01 10:49:58  [info] 2.357 AjaxDashboard
Apr 01 10:59:59  [info] 2.271 AjaxDashboard
Apr 01 11:10:03  [info] 4.577 AjaxDashboard
Apr 01 11:20:01  [info] 2.297 AjaxDashboard
Apr 01 11:30:02  [info] 2.337 AjaxDashboard
Apr 01 11:40:03  [info] 2.298 AjaxDashboard
Apr 01 11:50:04  [info] 2.365 AjaxDashboard
Apr 01 12:00:05  [info] 2.344 AjaxDashboard
Apr 01 12:10:06  [info] 2.353 AjaxDashboard
Apr 01 12:20:07  [info] 2.303 AjaxDashboard
Apr 01 12:30:08  [info] 2.248 AjaxDashboard
Apr 01 12:40:09  [info] 2.138 AjaxDashboard
Apr 01 12:50:10  [info] 2.319 AjaxDashboard
Apr 01 13:00:11  [info] 2.249 AjaxDashboard
Apr 01 13:10:13  [info] 3.077 AjaxDashboard
Apr 01 13:20:14  [info] 2.397 AjaxDashboard
Apr 01 13:30:14  [info] 2.438 AjaxDashboard
Apr 01 13:40:15  [info] 2.171 AjaxDashboard
Apr 01 13:50:16  [info] 2 AjaxDashboard
Apr 01 14:00:17  [info] 2.219 AjaxDashboard
Apr 01 14:10:18  [info] 2.041 AjaxDashboard
Apr 01 14:20:19  [info] 2.037 AjaxDashboard
Apr 01 14:30:20  [info] 2.093 AjaxDashboard
Apr 01 14:40:21  [info] 2.083 AjaxDashboard
Apr 01 14:50:22  [info] 2.054 AjaxDashboard
Apr 01 15:00:24  [info] 3.126 AjaxDashboard
Apr 01 15:10:24  [info] 2.023 AjaxDashboard
Apr 01 15:20:25  [info] 2.115 AjaxDashboard
Apr 01 15:30:26  [info] 2.08 AjaxDashboard
Apr 01 15:40:27  [info] 2.088 AjaxDashboard
Apr 01 15:50:28  [info] 2.003 AjaxDashboard
Apr 01 16:00:29  [info] 2.076 AjaxDashboard
Apr 01 16:10:30  [info] 2.036 AjaxDashboard
Apr 01 16:20:31  [info] 2.038 AjaxDashboard
Apr 01 16:30:32  [info] 2.032 AjaxDashboard
Apr 01 16:40:33  [info] 2.035 AjaxDashboard
Apr 01 16:50:34  [info] 1.906 AjaxDashboard
Apr 01 17:00:35  [info] 2.105 AjaxDashboard
Apr 01 17:10:36  [info] 2.114 AjaxDashboard
Apr 01 17:20:37  [info] 1.919 AjaxDashboard
Apr 01 17:30:38  [info] 2.095 AjaxDashboard
Apr 01 17:40:39  [info] 1.96 AjaxDashboard
Apr 01 17:50:40  [info] 2.144 AjaxDashboard
Apr 01 18:00:41  [info] 1.98 AjaxDashboard
Apr 01 18:10:42  [info] 2.084 AjaxDashboard
Apr 01 18:20:43  [info] 2.011 AjaxDashboard
Apr 01 18:30:44  [info] 2.035 AjaxDashboard
Apr 01 18:40:45  [info] 2.123 AjaxDashboard
Apr 01 18:50:46  [info] 1.982 AjaxDashboard
Apr 01 19:00:47  [info] 1.945 AjaxDashboard
Apr 01 19:10:48  [info] 2.117 AjaxDashboard
Apr 01 19:20:49  [info] 1.997 AjaxDashboard
Apr 01 19:30:50  [info] 2.022 AjaxDashboard
Apr 01 19:40:51  [info] 2.001 AjaxDashboard
Apr 01 19:50:52  [info] 2.052 AjaxDashboard
Apr 01 20:00:53  [info] 1.953 AjaxDashboard
Apr 01 20:10:54  [info] 2.14 AjaxDashboard
Apr 01 20:20:55  [info] 2.009 AjaxDashboard
Apr 01 20:30:56  [info] 2.007 AjaxDashboard
Apr 01 20:40:57  [info] 2.013 AjaxDashboard
Apr 01 20:50:59  [info] 2.47 AjaxDashboard
Apr 01 21:00:59  [info] 2.179 AjaxDashboard
Apr 01 21:11:00  [info] 2.006 AjaxDashboard
Apr 01 21:21:01  [info] 1.986 AjaxDashboard
Apr 01 21:31:02  [info] 2.127 AjaxDashboard
Apr 01 21:41:03  [info] 2.022 AjaxDashboard
Apr 01 21:51:04  [info] 2.156 AjaxDashboard
Apr 01 22:01:05  [info] 2.056 AjaxDashboard
Apr 01 22:11:06  [info] 2.332 AjaxDashboard
Apr 01 22:21:07  [info] 2.311 AjaxDashboard
Apr 01 22:31:08  [info] 2.249 AjaxDashboard
Apr 01 22:41:10  [info] 2.464 AjaxDashboard
Apr 01 22:51:10  [info] 2.331 AjaxDashboard
Apr 01 23:01:12  [info] 2.451 AjaxDashboard
Apr 01 23:11:13  [info] 2.497 AjaxDashboard
Apr 01 23:21:13  [info] 2.494 AjaxDashboard
Apr 01 23:31:14  [info] 2.309 AjaxDashboard
Apr 01 23:41:16  [info] 2.543 AjaxDashboard
Apr 01 23:51:16  [info] 2.261 AjaxDashboard
Apr 02 00:01:17  [info] 2.44 AjaxDashboard
Apr 02 00:11:23  [info] 2.373 AjaxDashboard
Apr 02 00:21:24  [info] 2.45 AjaxDashboard
Apr 02 00:31:25  [info] 2.191 AjaxDashboard
Apr 02 00:41:26  [info] 2.469 AjaxDashboard
Apr 02 00:51:27  [info] 2.428 AjaxDashboard
Apr 02 01:01:28  [info] 2.476 AjaxDashboard
Apr 02 01:11:29  [info] 2.376 AjaxDashboard
Apr 02 01:21:30  [info] 2.431 AjaxDashboard
Apr 02 01:31:32  [info] 2.732 AjaxDashboard
Apr 02 01:41:32  [info] 2.531 AjaxDashboard
Apr 02 01:51:33  [info] 2.546 AjaxDashboard
Apr 02 02:01:34  [info] 2.319 AjaxDashboard
Apr 02 02:11:35  [info] 2.719 AjaxDashboard
Apr 02 02:21:36  [info] 2.408 AjaxDashboard
Apr 02 02:31:37  [info] 2.265 AjaxDashboard
Apr 02 02:41:38  [info] 2.375 AjaxDashboard
Apr 02 02:51:39  [info] 2.42 AjaxDashboard
Apr 02 03:01:40  [info] 2.256 AjaxDashboard
Apr 02 03:11:41  [info] 2.356 AjaxDashboard
Apr 02 03:21:42  [info] 2.334 AjaxDashboard
Apr 02 03:31:43  [info] 2.286 AjaxDashboard
Apr 02 03:41:44  [info] 2.601 AjaxDashboard
Apr 02 03:51:45  [info] 2.291 AjaxDashboard
Apr 02 04:01:46  [info] 2.322 AjaxDashboard
Apr 02 04:11:47  [info] 2.382 AjaxDashboard
Apr 02 04:21:48  [info] 2.107 AjaxDashboard
Apr 02 04:31:49  [info] 2.451 AjaxDashboard
Apr 02 04:41:50  [info] 2.075 AjaxDashboard
Apr 02 04:51:51  [info] 2.024 AjaxDashboard
Apr 02 04:54:36  [info] 5.724 Home
Apr 02 04:54:44  [info] 2.047 AjaxDashboard
Apr 02 04:54:54  [info] 10.088 AjaxScoreboard
Apr 02 04:54:59  [info] 5.209 DashboardFrame
Apr 02 04:55:08  [info] 8.638 ActionsFrame
Apr 02 04:55:19  [info] 10.367 NbmMonthlyPlanner
Apr 02 04:55:23  [info] 4.182 Communication
Apr 02 04:55:43  [info] 20.062 Dashboard
Apr 02 04:55:49  [info] 5.019 Calendar
Apr 02 04:55:54  [info] 4.635 NbmMonthlyPlannerGraph4
Apr 02 04:56:05  [info] 4.825 CalendarDay
Apr 02 04:58:18  [info] 5.184 Home
Apr 02 04:58:25  [info] 2.167 AjaxDashboard
Apr 02 04:58:30  [info] 4.223 DashboardFrame
Apr 02 04:58:32  [info] 2.034 AjaxScoreboard
Apr 02 04:58:38  [info] 5.512 ActionsFrame
Apr 02 04:58:58  [info] 19.365 Dashboard
Apr 02 04:59:07  [info] 9.545 NbmMonthlyPlanner
Apr 02 04:59:11  [info] 4.153 Communication
Apr 02 04:59:17  [info] 5.41 Calendar
Apr 02 04:59:28  [info] 4.823 NbmMonthlyPlannerGraph4
Apr 02 04:59:33  [info] 4.523 CalendarDay
Apr 02 05:01:19  [info] 6.651 Home
Apr 02 05:01:35  [info] 10.493 AjaxScoreboard
Apr 02 05:01:41  [info] 5.688 DashboardFrame
Apr 02 05:01:44  [info] 2.857 AjaxDashboard
Apr 02 05:01:51  [info] 6.508 ActionsFrame
Apr 02 05:02:02  [info] 10.905 NbmMonthlyPlanner
Apr 02 05:02:07  [info] 4.611 Communication
Apr 02 05:02:28  [info] 20.27 Dashboard
Apr 02 05:02:33  [info] 5.375 Calendar
Apr 02 05:02:38  [info] 4.593 NbmMonthlyPlannerGraph4
Apr 02 05:02:50  [info] 4.504 CalendarDay
Apr 02 05:03:58  [info] 20.2 Dashboard
Apr 02 05:04:19  [info] 20.294 Dashboard
Apr 02 05:05:20  [info] 5.739 Home
Apr 02 05:05:28  [info] 2.157 AjaxDashboard
Apr 02 05:05:32  [info] 4.138 DashboardFrame
Apr 02 05:05:35  [info] 2.368 AjaxScoreboard
Apr 02 05:05:41  [info] 5.674 ActionsFrame
Apr 02 05:06:04  [info] 23.479 Dashboard
Apr 02 05:06:15  [info] 10.195 NbmMonthlyPlanner
Apr 02 05:06:19  [info] 4.147 Communication
Apr 02 05:06:25  [info] 5.546 Calendar
Apr 02 05:06:36  [info] 4.739 NbmMonthlyPlannerGraph4
Apr 02 05:06:41  [info] 4.579 CalendarDay
Apr 02 05:11:19  [info] 6.204 Home
Apr 02 05:11:42  [info] 3.346 Login
Apr 02 05:11:49  [info] 6.739 ActionsFrame
Apr 02 05:11:52  [info] 2.971 Login
Apr 02 05:12:02  [info] 9.735 NbmMonthlyPlanner
Apr 02 05:12:06  [info] 2.994 Login
Apr 02 05:12:10  [info] 4.09 Communication
Apr 02 05:12:18  [info] 5.294 Calendar
Apr 02 05:12:47  [info] 3.93 Login
Apr 02 05:12:52  [info] 4.786 Home
Apr 02 05:12:55  [info] 2.872 Login
Apr 02 05:13:00  [info] 5.12 Home
Apr 02 05:13:07  [info] 4.125 DashboardFrame
Apr 02 05:13:18  [info] 9.962 AjaxScoreboard
Apr 02 05:13:20  [info] 1.988 AjaxDashboard
Apr 02 05:13:53  [info] 0.401 Login
Apr 02 05:14:06  [info] 5.89 Home
Apr 02 05:14:18  [info] 5.683 DashboardFrame
Apr 02 05:14:20  [info] 2.304 AjaxScoreboard
Apr 02 05:14:23  [info] 2.112 AjaxDashboard
Apr 02 05:14:33  [info] 9.749 ActionsFrame
Apr 02 05:14:53  [info] 20.191 Dashboard
Apr 02 05:15:03  [info] 10.03 NbmMonthlyPlanner
Apr 02 05:15:08  [info] 4.289 Communication
Apr 02 05:15:14  [info] 5.672 Calendar
Apr 02 05:15:25  [info] 4.627 NbmMonthlyPlannerGraph4
Apr 02 05:15:30  [info] 4.596 CalendarDay
Apr 02 05:16:38  [info] 20.855 Dashboard
Apr 02 05:16:59  [info] 20.882 Dashboard
Apr 02 05:17:20  [info] 19.983 Dashboard
Apr 02 05:17:41  [info] 21.137 Dashboard
Apr 02 05:18:02  [info] 20.687 Dashboard
Apr 02 05:18:08  [info] 5.582 Home
Apr 02 05:18:20  [info] 4.252 DashboardFrame
Apr 02 05:18:30  [info] 9.437 AjaxScoreboard
Apr 02 05:18:32  [info] 2.336 AjaxDashboard
Apr 02 05:18:52  [info] 19.376 Dashboard
Apr 02 05:18:58  [info] 5.629 ActionsFrame
Apr 02 05:19:09  [info] 11.08 NbmMonthlyPlanner
Apr 02 05:19:13  [info] 4.118 Communication
Apr 02 05:19:40  [info] 20.998 Dashboard
Apr 02 05:19:45  [info] 5.065 Calendar
Apr 02 05:19:50  [info] 4.492 NbmMonthlyPlannerGraph4
Apr 02 05:20:00  [info] 4.012 CalendarDay
Apr 02 05:23:44  [info] 5.018 Home
Apr 02 05:24:00  [info] 10.012 AjaxScoreboard
Apr 02 05:24:06  [info] 5.256 DashboardFrame
Apr 02 05:24:08  [info] 2.322 AjaxDashboard
Apr 02 05:24:14  [info] 5.839 ActionsFrame
Apr 02 05:24:29  [info] 14.593 NbmMonthlyPlanner
Apr 02 05:24:35  [info] 5.43 Communication
Apr 02 05:24:56  [info] 21.207 Dashboard
Apr 02 05:25:02  [info] 5.413 Calendar
Apr 02 05:25:07  [info] 4.939 NbmMonthlyPlannerGraph4
Apr 02 05:25:20  [info] 4.886 CalendarDay
Apr 02 05:25:31  [info] 6.065 Home
Apr 02 05:25:39  [info] 2.241 AjaxScoreboard
Apr 02 05:25:44  [info] 4.541 DashboardFrame
Apr 02 05:25:46  [info] 2.509 AjaxDashboard
Apr 02 05:25:52  [info] 5.571 ActionsFrame
Apr 02 05:26:14  [info] 21.282 Dashboard
Apr 02 05:26:25  [info] 10.876 NbmMonthlyPlanner
Apr 02 05:26:29  [info] 4.423 Communication
Apr 02 05:26:35  [info] 5.313 Calendar
Apr 02 05:26:46  [info] 4.475 NbmMonthlyPlannerGraph4
Apr 02 05:26:50  [info] 4.601 CalendarDay
Apr 02 05:27:52  [info] 20.795 Dashboard
Apr 02 05:34:35  [info] 5.379 Home
Apr 02 05:34:46  [info] 4.996 DashboardFrame
Apr 02 05:34:48  [info] 2.276 AjaxDashboard
Apr 02 05:34:58  [info] 9.802 AjaxScoreboard
Apr 02 05:35:20  [info] 21.496 Dashboard
Apr 02 05:35:26  [info] 5.428 ActionsFrame
Apr 02 05:35:36  [info] 10.272 NbmMonthlyPlanner
Apr 02 05:35:41  [info] 4.213 Communication
Apr 02 05:35:53  [info] 5.362 Calendar
Apr 02 05:35:58  [info] 4.585 NbmMonthlyPlannerGraph4
Apr 02 05:36:03  [info] 4.582 CalendarDay
Apr 02 05:44:44  [info] 2.086 AjaxDashboard
Apr 02 05:54:45  [info] 2.09 AjaxDashboard
Apr 02 06:00:25  [info] 4.693 Home
Apr 02 06:00:40  [info] 9.444 AjaxScoreboard
Apr 02 06:00:45  [info] 4.926 DashboardFrame
Apr 02 06:00:47  [info] 1.979 AjaxDashboard
Apr 02 06:00:53  [info] 5.525 ActionsFrame
Apr 02 06:01:03  [info] 9.885 NbmMonthlyPlanner
Apr 02 06:01:07  [info] 4.173 Communication
Apr 02 06:01:29  [info] 21.275 Dashboard
Apr 02 06:01:34  [info] 5.224 Calendar
Apr 02 06:01:39  [info] 4.831 NbmMonthlyPlannerGraph4
Apr 02 06:01:50  [info] 4.206 CalendarDay
Apr 10 05:50:36  [info] 7.742 Calendar
Apr 10 05:50:41  [info] 4.572 NbmMonthlyPlannerGraph4
Apr 10 05:50:45  [info] 4.294 CalendarDay
Apr 10 05:51:04  [info] 5.071 Search
Apr 10 05:51:12  [info] 6.755 CompanyCreate
Apr 10 05:51:19  [info] 7.401 ParentCompany
Apr 10 05:51:25  [info] 5.243 Category
Apr 10 05:54:21  [info] 5.538 Category
Apr 10 05:59:27  [info] 2.024 AjaxDashboard
Apr 10 06:00:07  [info] 4.84 Home
Apr 10 06:00:21  [info] 6.07 DashboardFrame
Apr 10 06:00:31  [info] 9.846 AjaxScoreboard
Apr 10 06:00:33  [info] 2.383 AjaxDashboard
Apr 10 06:00:40  [info] 6.458 ActionsFrame
Apr 10 06:01:02  [info] 21.553 Dashboard
Apr 10 06:01:13  [info] 10.771 NbmMonthlyPlanner
Apr 10 06:01:17  [info] 3.844 Communication
Apr 10 06:01:22  [info] 4.921 Calendar
Apr 10 06:01:32  [info] 4.38 NbmMonthlyPlannerGraph4
Apr 10 06:01:36  [info] 3.956 CalendarDay
Apr 10 06:01:41  [info] 4.819 Home
Apr 10 06:01:53  [info] 3.779 DashboardFrame
Apr 10 06:01:55  [info] 1.804 AjaxScoreboard
Apr 10 06:01:57  [info] 2.059 AjaxDashboard
Apr 10 06:02:17  [info] 20.065 Dashboard
Apr 10 06:02:23  [info] 5.763 ActionsFrame
Apr 10 06:02:32  [info] 9.45 NbmMonthlyPlanner
Apr 10 06:02:36  [info] 3.977 Communication
Apr 10 06:02:50  [info] 4.816 Calendar
Apr 10 06:02:56  [info] 5.676 NbmMonthlyPlannerGraph4
Apr 10 06:03:00  [info] 4.084 CalendarDay
Apr 10 06:07:55  [info] 3.923 WorkspaceSearch
Apr 10 06:08:05  [info] 5.566 Search
Apr 10 06:08:12  [info] 6.233 CompanyCreate
Apr 10 06:08:18  [info] 5.664 ParentCompany
Apr 10 06:08:23  [info] 5.166 Category
Apr 10 06:08:28  [info] 5.107 Category
Apr 10 06:11:16  [info] 163.619 SearchResults
Apr 10 06:11:21  [info] 4.63 Home
Apr 10 06:11:25  [info] 4.851 Home
Apr 10 06:11:37  [info] 4.877 DashboardFrame
Apr 10 06:11:47  [info] 9.485 AjaxScoreboard
Apr 10 06:11:49  [info] 2.082 AjaxDashboard
Apr 10 06:12:08  [info] 19.312 Dashboard
Apr 10 06:12:14  [info] 5.12 ActionsFrame
Apr 10 06:12:23  [info] 9.804 NbmMonthlyPlanner
Apr 10 06:12:28  [info] 4.058 Communication
Apr 10 06:12:40  [info] 4.973 Calendar
Apr 10 06:12:44  [info] 4.444 NbmMonthlyPlannerGraph4
Apr 10 06:12:49  [info] 4.215 CalendarDay
Apr 10 06:12:53  [info] 3.861 WorkspaceSearch
Apr 10 06:15:37  [info] 2972.134 SearchResults
Apr 10 06:21:35  [info] 2.2 AjaxDashboard
Apr 10 07:13:58  [info] 4.765 Home
Apr 10 07:14:14  [info] 9.431 AjaxScoreboard
Apr 10 07:14:19  [info] 4.584 DashboardFrame
Apr 10 07:14:21  [info] 2.024 AjaxDashboard
Apr 10 07:14:26  [info] 5.317 ActionsFrame
Apr 10 07:14:36  [info] 9.546 NbmMonthlyPlanner
Apr 10 07:14:56  [info] 19.812 Dashboard
Apr 10 07:15:00  [info] 3.904 Communication
Apr 10 07:15:05  [info] 4.722 Calendar
Apr 10 07:15:10  [info] 4.489 NbmMonthlyPlannerGraph4
Apr 10 07:15:19  [info] 3.952 CalendarDay
Apr 10 07:24:08  [info] 2.252 AjaxDashboard
Apr 10 07:34:08  [info] 1.999 AjaxDashboard
Apr 10 07:44:09  [info] 2.004 AjaxDashboard
Apr 10 07:54:10  [info] 2.079 AjaxDashboard
Apr 10 08:04:11  [info] 2.018 AjaxDashboard
Apr 10 08:14:12  [info] 2.003 AjaxDashboard
Apr 10 08:24:14  [info] 2.193 AjaxDashboard
Apr 10 08:34:14  [info] 2.088 AjaxDashboard
Apr 10 08:44:15  [info] 2.132 AjaxDashboard
Apr 10 08:54:16  [info] 1.96 AjaxDashboard
Apr 10 08:57:11  [info] 3.9 WorkspaceSearch
Apr 10 08:57:58  [info] 4.661 Search
Apr 10 08:58:05  [info] 6.739 CompanyCreate
Apr 10 08:58:12  [info] 6.627 ParentCompany
Apr 10 08:58:18  [info] 5.693 Category
Apr 10 08:58:23  [info] 5.081 Category
Apr 10 08:58:45  [info] 6.033 ParentCompany
Apr 10 09:05:35  [info] 0.097 Login
Apr 10 09:05:57  [info] 1.629 Login
Apr 10 09:06:14  [info] 1.28 Login
Apr 10 09:06:30  [info] 1.791 Login
Apr 10 09:21:48  [info] 0.153 Login
Apr 10 09:21:58  [info] 4.834 Home
Apr 10 09:22:05  [info] 5.079 DashboardFrame
Apr 10 09:22:07  [info] 2.058 AjaxDashboard
Apr 10 09:22:17  [info] 10.145 AjaxScoreboard
Apr 10 09:22:39  [info] 21.062 Dashboard
Apr 10 09:22:45  [info] 5.823 ActionsFrame
Apr 10 09:22:55  [info] 10.011 NbmMonthlyPlanner
Apr 10 09:22:59  [info] 4.294 Communication
Apr 10 09:23:12  [info] 5.613 Calendar
Apr 10 09:23:16  [info] 4.623 NbmMonthlyPlannerGraph4
Apr 10 09:23:21  [info] 4.31 CalendarDay
Apr 10 09:26:26  [info] 4.253 WorkspaceSearch
Apr 10 09:26:33  [info] 5.546 Search
Apr 10 09:26:40  [info] 7.112 CompanyCreate
Apr 10 09:26:47  [info] 6.37 ParentCompany
Apr 10 09:26:53  [info] 6.109 Category
Apr 10 09:26:59  [info] 5.558 ParentCompany
Apr 10 09:27:04  [info] 5.11 ParentCompany
Apr 10 09:27:10  [info] 5.421 Category
Apr 10 09:27:15  [info] 5.474 ParentCompany
Apr 10 09:27:22  [info] 6.544 ParentCompany
Apr 10 09:27:29  [info] 6.485 ParentCompany
Apr 10 09:29:16  [info] 0.153 Login
Apr 10 09:29:29  [info] 4.79 Home
Apr 10 09:29:35  [info] 4.982 DashboardFrame
Apr 10 09:29:45  [info] 10.095 AjaxScoreboard
Apr 10 09:29:47  [info] 1.97 AjaxDashboard
Apr 10 09:30:08  [info] 20.846 Dashboard
Apr 10 09:30:13  [info] 5.292 ActionsFrame
Apr 10 09:30:23  [info] 9.7 NbmMonthlyPlanner
Apr 10 09:30:28  [info] 4.084 Communication
Apr 10 09:30:43  [info] 4.718 Calendar
Apr 10 09:30:47  [info] 4.347 NbmMonthlyPlannerGraph4
Apr 10 09:30:52  [info] 4.076 CalendarDay
Apr 10 09:31:27  [info] 3.692 WorkspaceSearch
Apr 10 09:31:34  [info] 4.819 Search
Apr 10 09:31:41  [info] 6.687 CompanyCreate
Apr 10 09:31:47  [info] 5.91 ParentCompany
Apr 10 09:31:52  [info] 5.291 ParentCompany
Apr 10 09:31:58  [info] 5.342 Category
Apr 10 10:15:33  [info] 0.182 Login
Apr 10 10:17:13  [info] 5.063 Home
Apr 10 10:17:22  [info] 5.634 DashboardFrame
Apr 10 10:17:32  [info] 10.112 AjaxScoreboard
Apr 10 10:17:35  [info] 2.387 AjaxDashboard
Apr 10 10:17:55  [info] 20.638 Dashboard
Apr 10 10:18:01  [info] 5.554 ActionsFrame
Apr 10 10:18:11  [info] 9.765 NbmMonthlyPlanner
Apr 10 10:18:15  [info] 4.087 Communication
Apr 10 10:18:26  [info] 5.161 Calendar
Apr 10 10:18:31  [info] 4.713 NbmMonthlyPlannerGraph4
Apr 10 10:18:35  [info] 4.373 CalendarDay
Apr 10 10:27:18  [info] 2.076 AjaxDashboard
Apr 10 10:37:19  [info] 2.094 AjaxDashboard
Apr 10 10:47:20  [info] 2.017 AjaxDashboard
Apr 10 10:57:24  [info] 5.032 AjaxDashboard
Apr 10 11:07:22  [info] 2.053 AjaxDashboard
Apr 10 11:17:23  [info] 2.04 AjaxDashboard
Apr 10 11:27:25  [info] 2.487 AjaxDashboard
Apr 10 11:37:25  [info] 2.096 AjaxDashboard
Apr 10 11:47:26  [info] 2.111 AjaxDashboard
Apr 10 11:57:27  [info] 2.035 AjaxDashboard
Apr 10 12:28:46  [info] 0.174 Login
Apr 13 11:11:42  [info] 5.111 Home
Apr 13 11:11:45  [info] 2.142 AjaxDashboard
Apr 13 11:11:55  [info] 9.926 AjaxScoreboard
Apr 13 11:12:01  [info] 5.175 DashboardFrame
Apr 13 11:12:06  [info] 5.638 ActionsFrame
Apr 13 11:12:17  [info] 10.193 NbmMonthlyPlanner
Apr 13 11:12:21  [info] 4.019 Communication
Apr 13 11:12:43  [info] 21.794 Dashboard
Apr 13 11:12:48  [info] 5.019 Calendar
Apr 13 11:12:53  [info] 4.576 NbmMonthlyPlannerGraph4
Apr 13 11:13:04  [info] 4.243 CalendarDay
Apr 13 11:13:09  [info] 4.592 WorkspaceFilter
Apr 13 11:13:24  [info] 7.084 FilterList
Apr 13 11:13:30  [info] 6.122 AjaxFilterBuilder
Apr 13 11:13:37  [info] 6.075 AjaxFilterBuilder
Apr 13 11:21:46  [info] 2.111 AjaxDashboard
Apr 13 11:31:47  [info] 2.06 AjaxDashboard
Apr 13 11:41:48  [info] 2.089 AjaxDashboard
Apr 13 11:51:49  [info] 2.103 AjaxDashboard
Apr 13 12:01:50  [info] 2.023 AjaxDashboard
Apr 13 12:11:51  [info] 2.247 AjaxDashboard
Apr 13 12:21:52  [info] 2.064 AjaxDashboard
Apr 13 12:31:53  [info] 2.075 AjaxDashboard
Apr 13 12:41:54  [info] 1.984 AjaxDashboard
Apr 13 12:51:55  [info] 2.093 AjaxDashboard
Apr 13 13:01:56  [info] 2.134 AjaxDashboard
Apr 13 13:11:57  [info] 2.211 AjaxDashboard
Apr 13 13:21:58  [info] 1.924 AjaxDashboard
Apr 13 13:31:59  [info] 2.144 AjaxDashboard
Apr 13 13:42:00  [info] 2.005 AjaxDashboard
Apr 13 13:52:01  [info] 2.089 AjaxDashboard
Apr 13 14:02:02  [info] 2.064 AjaxDashboard
Apr 13 14:12:03  [info] 2.181 AjaxDashboard
Apr 13 14:22:04  [info] 2.062 AjaxDashboard
Apr 13 14:32:05  [info] 2 AjaxDashboard
Apr 13 14:42:06  [info] 1.995 AjaxDashboard
Apr 13 14:52:07  [info] 2.009 AjaxDashboard
Apr 13 15:02:08  [info] 1.936 AjaxDashboard
Apr 13 15:12:09  [info] 2.16 AjaxDashboard
Apr 13 15:22:10  [info] 2.109 AjaxDashboard
Apr 13 15:32:11  [info] 2.085 AjaxDashboard
Apr 13 15:42:12  [info] 2.015 AjaxDashboard
Apr 13 15:52:13  [info] 2.115 AjaxDashboard
Apr 13 16:02:14  [info] 2.129 AjaxDashboard
Apr 13 16:12:15  [info] 2.353 AjaxDashboard
Apr 13 16:22:16  [info] 2.044 AjaxDashboard
Apr 13 16:32:17  [info] 2.066 AjaxDashboard
Apr 13 16:42:18  [info] 2.052 AjaxDashboard
Apr 13 16:52:19  [info] 1.98 AjaxDashboard
Apr 13 17:02:20  [info] 2.019 AjaxDashboard
Apr 13 17:12:21  [info] 2.218 AjaxDashboard
Apr 13 17:22:22  [info] 1.97 AjaxDashboard
Apr 13 17:32:23  [info] 2.054 AjaxDashboard
Apr 13 17:42:24  [info] 2.392 AjaxDashboard
Apr 13 17:52:25  [info] 2.022 AjaxDashboard
Apr 13 18:02:26  [info] 2.076 AjaxDashboard
Apr 13 18:12:27  [info] 2.278 AjaxDashboard
Apr 13 18:22:28  [info] 2.068 AjaxDashboard
Apr 13 18:32:29  [info] 1.981 AjaxDashboard
Apr 13 18:42:30  [info] 2.052 AjaxDashboard
Apr 13 18:52:31  [info] 2.028 AjaxDashboard
Apr 13 19:02:32  [info] 2.104 AjaxDashboard
Apr 13 19:12:33  [info] 2.341 AjaxDashboard
Apr 13 19:22:34  [info] 2.012 AjaxDashboard
Apr 13 19:32:35  [info] 2.109 AjaxDashboard
Apr 13 19:42:36  [info] 2.037 AjaxDashboard
Apr 13 19:52:37  [info] 2.223 AjaxDashboard
Apr 13 20:02:38  [info] 2.05 AjaxDashboard
Apr 13 20:12:39  [info] 2.07 AjaxDashboard
Apr 13 20:22:40  [info] 2.052 AjaxDashboard
Apr 13 20:32:41  [info] 2.046 AjaxDashboard
Apr 13 20:42:42  [info] 2.051 AjaxDashboard
Apr 13 20:52:43  [info] 1.992 AjaxDashboard
Apr 13 21:02:44  [info] 2.077 AjaxDashboard
Apr 13 21:12:45  [info] 2.02 AjaxDashboard
Apr 13 21:22:46  [info] 2.063 AjaxDashboard
Apr 13 21:32:47  [info] 2.031 AjaxDashboard
Apr 13 21:42:48  [info] 1.998 AjaxDashboard
Apr 13 21:52:49  [info] 2.069 AjaxDashboard
Apr 13 22:02:50  [info] 2.182 AjaxDashboard
Apr 13 22:12:51  [info] 2.231 AjaxDashboard
Apr 13 22:22:52  [info] 1.966 AjaxDashboard
Apr 13 22:32:53  [info] 2.087 AjaxDashboard
Apr 13 22:42:54  [info] 2.072 AjaxDashboard
Apr 13 22:52:55  [info] 2.075 AjaxDashboard
Apr 13 23:02:56  [info] 2.183 AjaxDashboard
Apr 13 23:12:57  [info] 2.049 AjaxDashboard
Apr 13 23:22:59  [info] 2.503 AjaxDashboard
Apr 13 23:32:59  [info] 2.034 AjaxDashboard
Apr 13 23:43:00  [info] 2.097 AjaxDashboard
Apr 13 23:53:01  [info] 2.034 AjaxDashboard
Apr 14 00:03:02  [info] 1.981 AjaxDashboard
Apr 14 00:13:08  [info] 2.07 AjaxDashboard
Apr 14 00:23:09  [info] 2.085 AjaxDashboard
Apr 14 00:33:10  [info] 2.082 AjaxDashboard
Apr 14 00:43:11  [info] 2.063 AjaxDashboard
Apr 14 00:53:11  [info] 1.946 AjaxDashboard
Apr 14 01:03:13  [info] 2.062 AjaxDashboard
Apr 14 01:13:14  [info] 2.09 AjaxDashboard
Apr 14 01:23:14  [info] 1.927 AjaxDashboard
Apr 14 01:33:15  [info] 2.007 AjaxDashboard
Apr 14 01:43:17  [info] 2.097 AjaxDashboard
Apr 14 01:53:18  [info] 2.05 AjaxDashboard
Apr 14 02:03:19  [info] 2.128 AjaxDashboard
Apr 14 02:13:19  [info] 1.962 AjaxDashboard
Apr 14 02:23:21  [info] 2.353 AjaxDashboard
Apr 14 02:33:21  [info] 1.97 AjaxDashboard
Apr 14 02:43:22  [info] 1.98 AjaxDashboard
Apr 14 02:53:23  [info] 2.01 AjaxDashboard
Apr 14 03:03:25  [info] 2.049 AjaxDashboard
Apr 14 03:13:26  [info] 2.121 AjaxDashboard
Apr 14 03:23:27  [info] 2.08 AjaxDashboard
Apr 14 03:33:28  [info] 2.051 AjaxDashboard
Apr 14 03:43:28  [info] 2.013 AjaxDashboard
Apr 14 03:53:30  [info] 2.05 AjaxDashboard
Apr 14 04:03:31  [info] 2.023 AjaxDashboard
Apr 14 04:13:31  [info] 1.995 AjaxDashboard
Apr 14 04:23:33  [info] 2.066 AjaxDashboard
Apr 14 04:33:34  [info] 2.073 AjaxDashboard
Apr 14 04:43:35  [info] 2.133 AjaxDashboard
Apr 14 04:53:35  [info] 1.994 AjaxDashboard
Apr 14 05:03:37  [info] 2.144 AjaxDashboard
Apr 14 05:13:38  [info] 2.2 AjaxDashboard
Apr 14 05:23:38  [info] 1.981 AjaxDashboard
Apr 14 05:33:40  [info] 2.107 AjaxDashboard
Apr 14 05:43:40  [info] 2.016 AjaxDashboard
Apr 14 05:53:42  [info] 2.08 AjaxDashboard
Apr 14 06:03:43  [info] 2.093 AjaxDashboard
Apr 14 06:13:44  [info] 2.083 AjaxDashboard
Apr 14 06:23:45  [info] 2.156 AjaxDashboard
Apr 14 06:33:46  [info] 1.985 AjaxDashboard
Apr 14 06:43:47  [info] 2.101 AjaxDashboard
Apr 14 06:53:49  [info] 3.442 AjaxDashboard
Apr 14 07:03:49  [info] 2.152 AjaxDashboard
Apr 14 07:13:50  [info] 2.153 AjaxDashboard
Apr 14 07:23:50  [info] 2.01 AjaxDashboard
Apr 14 07:33:51  [info] 1.982 AjaxDashboard
Apr 14 07:43:52  [info] 2.012 AjaxDashboard
Apr 14 07:53:54  [info] 1.986 AjaxDashboard
Apr 14 08:03:54  [info] 1.994 AjaxDashboard
Apr 14 08:13:56  [info] 2.095 AjaxDashboard
Apr 14 08:23:57  [info] 2.048 AjaxDashboard
Apr 14 08:33:57  [info] 1.968 AjaxDashboard
Apr 14 08:43:59  [info] 2.046 AjaxDashboard
Apr 14 08:54:00  [info] 2.045 AjaxDashboard
Apr 14 09:04:01  [info] 2.075 AjaxDashboard
Apr 14 09:14:02  [info] 2.026 AjaxDashboard
Apr 14 09:24:02  [info] 1.973 AjaxDashboard
Apr 14 09:34:04  [info] 2.456 AjaxDashboard
Apr 14 09:44:05  [info] 2.027 AjaxDashboard
Apr 14 09:54:06  [info] 2.177 AjaxDashboard
Apr 14 10:04:07  [info] 2.077 AjaxDashboard
Apr 14 10:14:08  [info] 2.054 AjaxDashboard
Apr 14 10:24:08  [info] 2.002 AjaxDashboard
Apr 14 10:34:10  [info] 2.063 AjaxDashboard
Apr 14 10:44:11  [info] 2.243 AjaxDashboard
Apr 14 10:47:12  [info] 5.333 Home
Apr 14 10:47:20  [info] 5.204 DashboardFrame
Apr 14 10:47:22  [info] 2.232 AjaxDashboard
Apr 14 10:47:32  [info] 9.976 AjaxScoreboard
Apr 14 10:54:12  [info] 2.038 AjaxDashboard
Apr 14 11:04:12  [info] 2.013 AjaxDashboard
Apr 14 11:14:13  [info] 1.97 AjaxDashboard
Apr 14 11:24:15  [info] 2.035 AjaxDashboard
Apr 14 11:34:15  [info] 2.01 AjaxDashboard
Apr 14 11:44:17  [info] 2.095 AjaxDashboard
Apr 14 11:54:18  [info] 2.102 AjaxDashboard
Apr 14 12:04:19  [info] 2.078 AjaxDashboard
Apr 14 12:14:20  [info] 2.071 AjaxDashboard
Apr 14 12:24:20  [info] 1.979 AjaxDashboard
Apr 14 12:34:21  [info] 1.959 AjaxDashboard
Apr 14 12:44:23  [info] 2.08 AjaxDashboard
Apr 14 12:44:31  [info] 4.563 Home
Apr 14 12:44:44  [info] 9.26 AjaxScoreboard
Apr 14 12:44:46  [info] 2.299 AjaxDashboard
Apr 14 12:44:51  [info] 5.036 DashboardFrame
Apr 14 12:44:56  [info] 5.256 ActionsFrame
Apr 14 12:45:06  [info] 9.702 NbmMonthlyPlanner
Apr 14 12:45:11  [info] 4.21 Communication
Apr 14 12:45:31  [info] 20.444 Dashboard
Apr 14 12:45:37  [info] 5.107 Calendar
Apr 14 12:45:42  [info] 4.728 NbmMonthlyPlannerGraph4
Apr 14 12:45:52  [info] 4.319 CalendarDay
Apr 14 12:54:37  [info] 2.14 AjaxDashboard
Apr 14 13:04:38  [info] 2.039 AjaxDashboard
Apr 14 13:14:39  [info] 2.136 AjaxDashboard
Apr 14 13:24:40  [info] 2.089 AjaxDashboard
Apr 14 13:34:40  [info] 1.953 AjaxDashboard
Apr 14 13:44:41  [info] 1.996 AjaxDashboard
Apr 14 13:54:42  [info] 2.004 AjaxDashboard
Apr 14 14:04:44  [info] 2.078 AjaxDashboard
Apr 14 14:14:44  [info] 2.003 AjaxDashboard
Apr 14 14:24:46  [info] 1.995 AjaxDashboard
Apr 14 14:34:47  [info] 2.074 AjaxDashboard
Apr 14 14:44:48  [info] 2.098 AjaxDashboard
Apr 14 14:54:49  [info] 2.12 AjaxDashboard
Apr 14 15:04:50  [info] 2.06 AjaxDashboard
Apr 14 15:14:51  [info] 2.149 AjaxDashboard
Apr 14 15:24:51  [info] 1.993 AjaxDashboard
Apr 14 15:34:53  [info] 2.091 AjaxDashboard
Apr 14 15:44:54  [info] 2.045 AjaxDashboard
Apr 14 15:54:55  [info] 2.076 AjaxDashboard
Apr 14 16:04:56  [info] 2.199 AjaxDashboard
Apr 14 16:14:56  [info] 2.006 AjaxDashboard
Apr 14 16:24:58  [info] 2.084 AjaxDashboard
Apr 14 16:34:59  [info] 2.03 AjaxDashboard
Apr 14 16:45:00  [info] 2.052 AjaxDashboard
Apr 14 16:55:01  [info] 2.101 AjaxDashboard
Apr 14 17:05:02  [info] 2.1 AjaxDashboard
Apr 14 17:15:03  [info] 2.031 AjaxDashboard
Apr 14 17:25:03  [info] 1.996 AjaxDashboard
Apr 14 17:35:05  [info] 2.034 AjaxDashboard
Apr 14 17:45:06  [info] 1.997 AjaxDashboard
Apr 14 17:55:07  [info] 2.286 AjaxDashboard
Apr 14 18:05:08  [info] 2.093 AjaxDashboard
Apr 14 18:15:09  [info] 2.076 AjaxDashboard
Apr 14 18:25:10  [info] 2.072 AjaxDashboard
Apr 14 18:35:11  [info] 2.113 AjaxDashboard
Apr 14 18:45:13  [info] 2.855 AjaxDashboard
Apr 14 18:55:12  [info] 1.997 AjaxDashboard
Apr 14 19:05:14  [info] 2.065 AjaxDashboard
Apr 14 19:15:15  [info] 2.063 AjaxDashboard
Apr 14 19:25:16  [info] 2.018 AjaxDashboard
Apr 14 19:35:17  [info] 2.073 AjaxDashboard
Apr 14 19:45:19  [info] 2.92 AjaxDashboard
Apr 14 19:55:19  [info] 2.125 AjaxDashboard
Apr 14 20:05:20  [info] 2.041 AjaxDashboard
Apr 14 20:15:21  [info] 2.19 AjaxDashboard
Apr 14 20:25:22  [info] 2.253 AjaxDashboard
Apr 14 20:35:23  [info] 2.071 AjaxDashboard
Apr 14 20:45:24  [info] 2.389 AjaxDashboard
Apr 14 20:55:25  [info] 2.031 AjaxDashboard
Apr 14 21:05:25  [info] 2 AjaxDashboard
Apr 14 21:15:27  [info] 2.224 AjaxDashboard
Apr 14 21:25:27  [info] 1.987 AjaxDashboard
Apr 14 21:35:29  [info] 2.133 AjaxDashboard
Apr 14 21:45:30  [info] 2.12 AjaxDashboard
Apr 14 21:55:31  [info] 2.066 AjaxDashboard
Apr 14 22:05:32  [info] 2.068 AjaxDashboard
Apr 14 22:15:33  [info] 2.008 AjaxDashboard
Apr 14 22:25:33  [info] 1.966 AjaxDashboard
Apr 14 22:35:35  [info] 2.036 AjaxDashboard
Apr 14 22:45:36  [info] 2.082 AjaxDashboard
Apr 14 22:55:37  [info] 2.093 AjaxDashboard
Apr 14 23:05:37  [info] 2.023 AjaxDashboard
Apr 14 23:15:39  [info] 2.015 AjaxDashboard
Apr 14 23:25:40  [info] 2.058 AjaxDashboard
Apr 14 23:35:41  [info] 2.062 AjaxDashboard
Apr 14 23:45:42  [info] 2.028 AjaxDashboard
Apr 14 23:55:43  [info] 2.185 AjaxDashboard
Apr 15 00:05:43  [info] 1.975 AjaxDashboard
Apr 15 00:15:49  [info] 2.151 AjaxDashboard
Apr 15 00:25:50  [info] 2.003 AjaxDashboard
Apr 15 00:35:51  [info] 2.002 AjaxDashboard
Apr 15 00:45:52  [info] 1.971 AjaxDashboard
Apr 15 00:55:53  [info] 2.065 AjaxDashboard
Apr 15 01:05:54  [info] 2.146 AjaxDashboard
Apr 15 01:15:55  [info] 2.005 AjaxDashboard
Apr 15 01:25:56  [info] 2.054 AjaxDashboard
Apr 15 01:35:57  [info] 2.069 AjaxDashboard
Apr 15 01:45:58  [info] 2.133 AjaxDashboard
Apr 15 01:55:59  [info] 2.092 AjaxDashboard
Apr 15 02:06:00  [info] 2.082 AjaxDashboard
Apr 15 02:16:02  [info] 2.763 AjaxDashboard
Apr 15 02:26:02  [info] 2.108 AjaxDashboard
Apr 15 02:36:03  [info] 2.047 AjaxDashboard
Apr 15 02:46:04  [info] 2.123 AjaxDashboard
Apr 15 02:56:05  [info] 2.022 AjaxDashboard
Apr 15 03:06:06  [info] 2.188 AjaxDashboard
Apr 15 03:16:07  [info] 2.022 AjaxDashboard
Apr 15 03:26:08  [info] 2.012 AjaxDashboard
Apr 15 03:36:09  [info] 2.095 AjaxDashboard
Apr 15 03:46:10  [info] 2.03 AjaxDashboard
Apr 15 03:56:11  [info] 2.054 AjaxDashboard
Apr 15 04:06:12  [info] 2.039 AjaxDashboard
Apr 15 04:16:13  [info] 1.977 AjaxDashboard
Apr 15 04:26:14  [info] 2.006 AjaxDashboard
Apr 15 04:36:15  [info] 2.137 AjaxDashboard
Apr 15 04:46:16  [info] 2.086 AjaxDashboard
Apr 15 04:56:17  [info] 2.061 AjaxDashboard
Apr 15 05:06:18  [info] 2.182 AjaxDashboard
Apr 15 05:16:19  [info] 2.043 AjaxDashboard
Apr 15 05:26:20  [info] 2.015 AjaxDashboard
Apr 15 05:36:21  [info] 1.995 AjaxDashboard
Apr 15 05:46:22  [info] 2.04 AjaxDashboard
Apr 15 05:56:23  [info] 2.187 AjaxDashboard
Apr 15 06:06:24  [info] 2.126 AjaxDashboard
Apr 15 06:16:25  [info] 2.185 AjaxDashboard
Apr 15 06:26:26  [info] 2.014 AjaxDashboard
Apr 15 06:36:27  [info] 2.036 AjaxDashboard
Apr 15 06:46:28  [info] 2.121 AjaxDashboard
Apr 15 06:56:29  [info] 2.162 AjaxDashboard
Apr 15 07:06:30  [info] 2.178 AjaxDashboard
Apr 15 07:16:31  [info] 2.098 AjaxDashboard
Apr 15 07:26:32  [info] 2.137 AjaxDashboard
Apr 15 07:36:33  [info] 2.078 AjaxDashboard
Apr 15 07:46:34  [info] 2.075 AjaxDashboard
Apr 15 07:56:35  [info] 2.071 AjaxDashboard
Apr 15 08:06:36  [info] 2.092 AjaxDashboard
Apr 15 08:16:37  [info] 2.03 AjaxDashboard
Apr 15 08:26:38  [info] 2.037 AjaxDashboard
Apr 15 08:36:39  [info] 2.109 AjaxDashboard
Apr 15 08:46:40  [info] 2.129 AjaxDashboard
Apr 15 08:56:41  [info] 2.051 AjaxDashboard
Apr 15 09:06:50  [info] 9.962 AjaxDashboard
Apr 15 09:26:57  [info] 14.36 AjaxDashboard
Apr 15 09:36:53  [info] 9.98 AjaxDashboard
Apr 15 09:46:54  [info] 9.981 AjaxDashboard
Apr 15 09:56:55  [info] 10.061 AjaxDashboard
Apr 15 10:06:56  [info] 9.979 AjaxDashboard
Apr 15 10:16:57  [info] 10.13 AjaxDashboard
Apr 15 10:26:58  [info] 10.07 AjaxDashboard
Apr 15 10:36:52  [info] 2.253 AjaxDashboard
Apr 15 10:47:04  [info] 14.087 AjaxDashboard
Apr 15 10:57:01  [info] 10.142 AjaxDashboard
Apr 15 11:16:55  [info] 2.109 AjaxDashboard
Apr 15 11:26:57  [info] 2.214 AjaxDashboard
Apr 15 11:36:57  [info] 2.051 AjaxDashboard
Apr 15 11:46:58  [info] 1.974 AjaxDashboard
Apr 15 11:56:59  [info] 2.031 AjaxDashboard
Apr 15 12:07:00  [info] 2.116 AjaxDashboard
Apr 15 12:17:01  [info] 2.234 AjaxDashboard
Apr 16 04:43:02  [info] 0.177 Login
Apr 16 04:43:11  [info] 4.99 Home
Apr 16 04:43:24  [info] 10.269 AjaxScoreboard
Apr 16 04:43:31  [info] 6.549 DashboardFrame
Apr 16 04:43:33  [info] 2.145 AjaxDashboard
Apr 16 04:43:39  [info] 5.893 ActionsFrame
Apr 16 04:43:50  [info] 10.214 NbmMonthlyPlanner
Apr 16 04:43:54  [info] 4.241 Communication
Apr 16 04:44:15  [info] 20.69 Dashboard
Apr 16 04:44:20  [info] 4.658 Calendar
Apr 16 04:44:24  [info] 4.465 NbmMonthlyPlannerGraph4
Apr 16 04:44:34  [info] 4.615 CalendarDay
Apr 16 04:46:20  [info] 3.996 WorkspaceFilter
Apr 16 04:46:31  [info] 5.107 Search
Apr 16 04:46:38  [info] 7.021 CompanyCreate
Apr 16 04:46:44  [info] 5.901 ParentCompany
Apr 16 04:46:49  [info] 5.209 Category
Apr 16 04:46:55  [info] 5.388 Category
Apr 16 04:47:24  [info] 5.065 Company
Apr 16 04:47:32  [info] 5.175 SearchResults
Apr 16 04:47:50  [info] 17.264 WorkspaceSearch
Apr 16 04:48:08  [info] 18.352 WorkspaceSearch
Apr 16 04:48:14  [info] 5.17 Home
Apr 16 04:51:58  [info] 224.245 ObjectCharacteristics
Apr 16 04:52:08  [info] 9.875 AjaxScoreboard
Apr 16 04:52:13  [info] 4.956 DashboardFrame
Apr 16 04:52:15  [info] 2.188 AjaxDashboard
Apr 16 04:52:21  [info] 5.2 ActionsFrame
Apr 16 04:52:30  [info] 9.699 NbmMonthlyPlanner
Apr 16 04:52:35  [info] 4.036 Communication
Apr 16 04:52:54  [info] 19.676 Dashboard
Apr 16 04:53:00  [info] 5.079 Calendar
Apr 16 04:53:04  [info] 4.592 NbmMonthlyPlannerGraph4
Apr 16 04:53:14  [info] 4.094 CalendarDay
Apr 16 04:58:18  [info] 2.135 AjaxDashboard
Apr 16 05:08:19  [info] 2.189 AjaxDashboard
Apr 16 05:18:16  [info] 5.314 Search
Apr 16 05:18:25  [info] 8.379 CompanyCreate
Apr 16 05:18:32  [info] 6.922 ParentCompany
Apr 16 05:18:35  [info] 2.375 AjaxDashboard
Apr 16 05:18:42  [info] 6.314 Category
Apr 16 05:18:48  [info] 6.188 Category
Apr 16 05:28:20  [info] 2.054 AjaxDashboard
Apr 16 05:35:46  [info] 5.11 Company
Apr 16 05:35:51  [info] 5.41 Company
Apr 16 05:35:57  [info] 5.319 Company
Apr 16 06:26:10  [info] 3013.655 SearchResults
Apr 16 06:26:17  [info] 4.643 AjaxDashboard
Apr 16 06:26:34  [info] 15.47 Home
Apr 16 06:26:44  [info] 6.319 AjaxDashboard
Apr 16 06:26:49  [info] 4.285 AjaxDashboard
Apr 16 06:27:01  [info] 7.703 AjaxDashboard
Apr 16 06:27:12  [info] 7.579 AjaxDashboard
Apr 16 06:30:08  [info] 5.31 DashboardFrame
Apr 16 06:30:19  [info] 10.725 AjaxScoreboard
Apr 16 06:30:22  [info] 2.35 AjaxDashboard
Apr 16 06:30:45  [info] 22.494 Dashboard
Apr 16 06:30:51  [info] 6.069 ActionsFrame
Apr 16 06:31:04  [info] 12.271 NbmMonthlyPlanner
Apr 16 06:31:09  [info] 4.904 Communication
Apr 16 06:31:20  [info] 5.711 Calendar
Apr 16 06:31:25  [info] 4.764 NbmMonthlyPlannerGraph4
Apr 16 06:31:31  [info] 5.099 CalendarDay
Apr 16 06:40:06  [info] 2.053 AjaxDashboard
Apr 16 06:50:08  [info] 2.864 AjaxDashboard
Apr 16 07:00:09  [info] 2.364 AjaxDashboard
Apr 16 07:10:09  [info] 2.118 AjaxDashboard
Apr 16 07:20:10  [info] 1.972 AjaxDashboard
Apr 16 07:30:11  [info] 2.093 AjaxDashboard
Apr 16 07:40:12  [info] 2.024 AjaxDashboard
Apr 16 07:50:13  [info] 2.071 AjaxDashboard
Apr 16 08:00:14  [info] 2.048 AjaxDashboard
Apr 16 08:10:18  [info] 5.491 AjaxDashboard
Apr 16 08:20:23  [info] 8.911 AjaxDashboard
Apr 16 08:30:20  [info] 4.945 AjaxDashboard
Apr 16 08:40:18  [info] 2.039 AjaxDashboard
Apr 16 08:50:19  [info] 2.382 AjaxDashboard
Apr 16 09:00:20  [info] 2.1 AjaxDashboard
Apr 16 09:10:21  [info] 2.608 AjaxDashboard
Apr 16 09:21:07  [info] 47.664 AjaxDashboard
Apr 16 09:30:29  [info] 8.717 AjaxDashboard
Apr 16 09:40:24  [info] 2.109 AjaxDashboard
Apr 16 09:50:25  [info] 2.291 AjaxDashboard
Apr 16 10:00:27  [info] 3.821 AjaxDashboard
Apr 16 10:10:27  [info] 2.066 AjaxDashboard
Apr 16 10:20:28  [info] 2.193 AjaxDashboard
Apr 16 10:30:29  [info] 2.002 AjaxDashboard
Apr 16 10:40:30  [info] 2.146 AjaxDashboard
Apr 16 10:50:32  [info] 3.297 AjaxDashboard
Apr 16 11:00:32  [info] 2.171 AjaxDashboard
Apr 16 11:10:33  [info] 2.162 AjaxDashboard
Apr 16 11:20:34  [info] 2.137 AjaxDashboard
Apr 16 11:30:35  [info] 1.978 AjaxDashboard
Apr 16 11:40:36  [info] 2.044 AjaxDashboard
Apr 16 11:50:37  [info] 2.086 AjaxDashboard
Apr 16 12:00:38  [info] 2.083 AjaxDashboard
Apr 16 12:10:39  [info] 2.136 AjaxDashboard
Apr 16 12:20:40  [info] 2.182 AjaxDashboard
Apr 16 12:30:41  [info] 2.255 AjaxDashboard
Apr 16 12:40:43  [info] 2.878 AjaxDashboard
Apr 16 12:50:44  [info] 2.905 AjaxDashboard
Apr 16 13:00:45  [info] 2.201 AjaxDashboard
Apr 16 13:10:45  [info] 2.067 AjaxDashboard
Apr 16 13:20:47  [info] 3.111 AjaxDashboard
Apr 16 13:30:47  [info] 2.266 AjaxDashboard
Apr 16 13:40:48  [info] 2.095 AjaxDashboard
Apr 16 13:50:49  [info] 2.142 AjaxDashboard
Apr 16 14:00:50  [info] 2.107 AjaxDashboard
Apr 16 14:10:51  [info] 2.079 AjaxDashboard
Apr 16 14:20:52  [info] 2.161 AjaxDashboard
Apr 16 14:30:53  [info] 2.167 AjaxDashboard
Apr 16 14:40:54  [info] 2.244 AjaxDashboard
Apr 16 14:50:55  [info] 2.078 AjaxDashboard
Apr 16 15:00:56  [info] 2.117 AjaxDashboard
Apr 16 15:10:57  [info] 2.141 AjaxDashboard
Apr 16 15:20:58  [info] 2.104 AjaxDashboard
Apr 16 15:30:59  [info] 2.169 AjaxDashboard
Apr 16 15:41:00  [info] 2.077 AjaxDashboard
Apr 16 15:51:01  [info] 2.155 AjaxDashboard
Apr 16 16:01:02  [info] 2.11 AjaxDashboard
Apr 16 16:11:03  [info] 2.095 AjaxDashboard
Apr 16 16:21:04  [info] 2.751 AjaxDashboard
Apr 16 16:31:05  [info] 2.5 AjaxDashboard
Apr 16 16:41:06  [info] 2.205 AjaxDashboard
Apr 16 16:51:07  [info] 2.214 AjaxDashboard
Apr 16 17:01:10  [info] 3.976 AjaxDashboard
Apr 16 17:11:10  [info] 2.968 AjaxDashboard
Apr 16 17:21:11  [info] 3.213 AjaxDashboard
Apr 16 17:31:11  [info] 2.141 AjaxDashboard
Apr 16 17:41:12  [info] 2.184 AjaxDashboard
Apr 16 17:51:13  [info] 2.176 AjaxDashboard
Apr 16 18:01:14  [info] 2.283 AjaxDashboard
Apr 16 18:11:15  [info] 2.172 AjaxDashboard
Apr 16 18:21:16  [info] 2.521 AjaxDashboard
Apr 16 18:31:17  [info] 2.298 AjaxDashboard
Apr 16 18:41:18  [info] 2.236 AjaxDashboard
Apr 16 18:51:19  [info] 2.19 AjaxDashboard
Apr 16 19:01:20  [info] 2.124 AjaxDashboard
Apr 16 19:11:21  [info] 2.157 AjaxDashboard
Apr 16 19:21:22  [info] 2.375 AjaxDashboard
Apr 16 19:31:23  [info] 2.104 AjaxDashboard
Apr 16 19:41:24  [info] 2.088 AjaxDashboard
Apr 16 19:51:25  [info] 2.136 AjaxDashboard
Apr 16 20:01:26  [info] 2.117 AjaxDashboard
Apr 16 20:11:27  [info] 2.05 AjaxDashboard
Apr 16 20:21:28  [info] 2.396 AjaxDashboard
Apr 16 20:31:29  [info] 2.346 AjaxDashboard
Apr 16 20:41:30  [info] 2.122 AjaxDashboard
Apr 16 20:51:31  [info] 2.093 AjaxDashboard
Apr 16 21:01:32  [info] 2.132 AjaxDashboard
Apr 16 21:11:33  [info] 2.182 AjaxDashboard
Apr 16 21:21:34  [info] 2.113 AjaxDashboard
Apr 16 21:31:35  [info] 2.188 AjaxDashboard
Apr 16 21:41:36  [info] 2.205 AjaxDashboard
Apr 16 21:51:37  [info] 2.186 AjaxDashboard
Apr 16 22:01:38  [info] 2.174 AjaxDashboard
Apr 16 22:11:39  [info] 2.27 AjaxDashboard
Apr 16 22:21:40  [info] 2.312 AjaxDashboard
Apr 16 22:31:41  [info] 1.995 AjaxDashboard
Apr 16 22:41:42  [info] 2.383 AjaxDashboard
Apr 16 22:51:43  [info] 2.427 AjaxDashboard
Apr 16 23:01:44  [info] 2.193 AjaxDashboard
Apr 16 23:11:45  [info] 2.166 AjaxDashboard
Apr 16 23:21:46  [info] 2.039 AjaxDashboard
Apr 16 23:31:47  [info] 2.123 AjaxDashboard
Apr 16 23:41:48  [info] 2.012 AjaxDashboard
Apr 16 23:51:49  [info] 2.056 AjaxDashboard
Apr 17 00:01:50  [info] 2.107 AjaxDashboard
Apr 17 00:11:55  [info] 2.066 AjaxDashboard
Apr 17 00:21:56  [info] 2.102 AjaxDashboard
Apr 17 00:31:57  [info] 2.095 AjaxDashboard
Apr 17 00:41:58  [info] 2.064 AjaxDashboard
Apr 17 00:52:00  [info] 2.304 AjaxDashboard
Apr 17 01:02:00  [info] 2.118 AjaxDashboard
Apr 17 01:12:02  [info] 2.099 AjaxDashboard
Apr 17 01:22:03  [info] 2.222 AjaxDashboard
Apr 17 01:32:03  [info] 2.077 AjaxDashboard
Apr 17 01:42:05  [info] 2.113 AjaxDashboard
Apr 17 01:52:05  [info] 2.046 AjaxDashboard
Apr 17 02:02:08  [info] 3.566 AjaxDashboard
Apr 17 02:12:07  [info] 2.024 AjaxDashboard
Apr 17 02:22:09  [info] 2.126 AjaxDashboard
Apr 17 02:32:10  [info] 2.16 AjaxDashboard
Apr 17 02:42:10  [info] 2.099 AjaxDashboard
Apr 17 02:52:12  [info] 2.198 AjaxDashboard
Apr 17 03:02:13  [info] 2.658 AjaxDashboard
Apr 17 03:12:14  [info] 2.358 AjaxDashboard
Apr 17 03:22:15  [info] 2.199 AjaxDashboard
Apr 17 03:32:16  [info] 2.185 AjaxDashboard
Apr 17 03:42:17  [info] 2.206 AjaxDashboard
Apr 17 03:52:17  [info] 2.034 AjaxDashboard
Apr 17 04:02:19  [info] 2.183 AjaxDashboard
Apr 17 04:12:20  [info] 2.358 AjaxDashboard
Apr 17 04:22:20  [info] 2.111 AjaxDashboard
Apr 17 04:32:22  [info] 2.214 AjaxDashboard
Apr 17 04:42:22  [info] 2.077 AjaxDashboard
Apr 17 04:52:24  [info] 2.25 AjaxDashboard
Apr 17 05:02:24  [info] 2.119 AjaxDashboard
Apr 17 05:08:58  [info] 5.48 Search
Apr 17 05:09:12  [info] 9.116 ParentCompany
Apr 17 05:09:16  [info] 3.275 Login
Apr 17 05:09:22  [info] 5.927 Company
Apr 17 05:09:28  [info] 5.864 Category
Apr 17 05:09:33  [info] 5.412 SearchResults
Apr 17 05:09:53  [info] 19.294 WorkspaceSearch
Apr 17 05:10:13  [info] 20.04 WorkspaceSearch
Apr 17 05:15:42  [info] 328.199 ObjectCharacteristics
Apr 17 05:15:44  [info] 2.138 AjaxDashboard
Apr 17 05:15:52  [info] 7.326 CampaignCharacteristics
Apr 17 05:22:26  [info] 2.146 AjaxDashboard
Apr 17 05:28:48  [info] 19.198 WorkspaceSearch
Apr 17 05:28:58  [info] 9.452 Meetings
Apr 17 05:34:10  [info] 312.304 ObjectCharacteristics
Apr 17 05:34:12  [info] 2.199 AjaxDashboard
Apr 17 05:34:20  [info] 7.525 CampaignCharacteristics
Apr 17 05:39:34  [info] 8.607 Meetings
Apr 17 05:44:41  [info] 290.588 MeetingPrint
Apr 17 05:44:44  [info] 2.132 AjaxDashboard
Apr 17 05:46:38  [info] 5.076 Home
Apr 17 05:46:45  [info] 4.971 DashboardFrame
Apr 17 05:46:48  [info] 2.164 AjaxDashboard
Apr 17 05:46:58  [info] 10.15 AjaxScoreboard
Apr 17 05:47:18  [info] 20.521 Dashboard
Apr 17 05:47:27  [info] 8.421 ActionsFrame
Apr 17 05:47:37  [info] 9.82 NbmMonthlyPlanner
Apr 17 05:47:41  [info] 4.13 Communication
Apr 17 05:47:52  [info] 4.961 Calendar
Apr 17 05:47:57  [info] 4.477 NbmMonthlyPlannerGraph4
Apr 17 05:48:01  [info] 4.544 CalendarDay
Apr 17 05:51:00  [info] 7.196 WorkspaceSearch
Apr 17 05:52:54  [info] 4.809 Search
Apr 17 05:53:01  [info] 7.28 CompanyCreate
Apr 17 05:53:08  [info] 6.979 ParentCompany
Apr 17 05:53:14  [info] 5.554 Company
Apr 17 05:53:20  [info] 5.441 Company
Apr 17 05:53:25  [info] 5.38 Company
Apr 17 05:53:31  [info] 5.281 Category
Apr 17 05:53:37  [info] 6.109 SearchResults
Apr 17 05:53:42  [info] 5.211 SearchResults
Apr 17 05:53:49  [info] 6.625 Category
Apr 17 05:54:09  [info] 19.854 WorkspaceSearch
Apr 17 05:54:28  [info] 19.344 WorkspaceSearch
Apr 17 05:59:45  [info] 316.31 ObjectCharacteristics
Apr 17 05:59:47  [info] 2.311 AjaxDashboard
Apr 17 05:59:54  [info] 6.223 CampaignCharacteristics
Apr 17 06:00:48  [info] 20.114 WorkspaceSearch
Apr 17 06:00:57  [info] 8.965 Meetings
Apr 17 06:06:04  [info] 307.026 ObjectCharacteristics
Apr 17 06:06:12  [info] 7.403 CampaignCharacteristics
Apr 17 06:06:43  [info] 2.396 AjaxDashboard
Apr 17 06:16:45  [info] 3.261 AjaxDashboard
Apr 17 06:23:14  [info] 4.74 Home
Apr 17 06:23:20  [info] 5.242 Home
Apr 17 06:23:34  [info] 10.307 AjaxScoreboard
Apr 17 06:23:40  [info] 5.408 DashboardFrame
Apr 17 06:23:42  [info] 2.154 AjaxDashboard
Apr 17 06:23:48  [info] 5.549 ActionsFrame
Apr 17 06:23:57  [info] 9.612 NbmMonthlyPlanner
Apr 17 06:24:19  [info] 21.759 Dashboard
Apr 17 06:24:24  [info] 4.27 Communication
Apr 17 06:24:29  [info] 5.02 Calendar
Apr 17 06:24:33  [info] 4.51 NbmMonthlyPlannerGraph4
Apr 17 06:24:44  [info] 4.628 CalendarDay
Apr 17 06:25:44  [info] 4.998 Search
Apr 17 06:25:52  [info] 6.938 CompanyCreate
Apr 17 06:25:58  [info] 5.868 ParentCompany
Apr 17 06:26:04  [info] 5.491 Company
Apr 17 06:26:09  [info] 5.282 Category
Apr 17 06:26:14  [info] 5.054 SearchResults
Apr 17 06:26:20  [info] 5.223 SearchResults
Apr 17 06:26:25  [info] 5.369 Category
Apr 17 06:26:44  [info] 19.093 WorkspaceSearch
Apr 17 06:27:04  [info] 19.66 WorkspaceSearch
Apr 17 06:32:16  [info] 311.53 ObjectCharacteristics
Apr 17 06:32:23  [info] 6.747 CampaignCharacteristics
Apr 17 06:33:27  [info] 2.209 AjaxDashboard
Apr 17 06:39:06  [info] 19.792 WorkspaceSearch
Apr 17 06:39:13  [info] 6.707 Home
Apr 17 06:44:24  [info] 310.171 ObjectCharacteristics
Apr 17 06:44:34  [info] 9.809 AjaxScoreboard
Apr 17 06:44:40  [info] 5.837 DashboardFrame
Apr 17 06:44:42  [info] 2.226 AjaxDashboard
Apr 17 06:44:48  [info] 5.597 ActionsFrame
Apr 17 06:45:04  [info] 4.921 Calendar
Apr 17 06:45:07  [info] 2.926 Login
Apr 17 06:45:11  [info] 4.063 CalendarDay
Apr 17 06:45:15  [info] 2.974 Login
Apr 17 06:45:18  [info] 2.937 Login
Apr 17 06:49:20  [info] 4.677 Home
Apr 17 06:49:22  [info] 2.277 AjaxDashboard
Apr 17 06:49:27  [info] 3.874 DashboardFrame
Apr 17 06:49:29  [info] 2.017 AjaxScoreboard
Apr 17 06:49:32  [info] 2.298 AjaxDashboard
Apr 17 06:49:53  [info] 21.375 Dashboard
Apr 17 06:50:00  [info] 6.238 ActionsFrame
Apr 17 06:50:10  [info] 10.268 NbmMonthlyPlanner
Apr 17 06:50:14  [info] 4.103 Communication
Apr 17 06:50:25  [info] 5.21 Calendar
Apr 17 06:50:30  [info] 4.64 NbmMonthlyPlannerGraph4
Apr 17 06:50:34  [info] 4.121 CalendarDay
Apr 17 06:56:16  [info] 4.951 Search
Apr 17 06:56:21  [info] 4.99 Home
Apr 17 06:56:28  [info] 6.661 CompanyCreate
Apr 17 06:56:34  [info] 5.836 ParentCompany
Apr 17 06:56:39  [info] 5.245 DashboardFrame
Apr 17 06:56:50  [info] 10.544 AjaxScoreboard
Apr 17 06:56:52  [info] 2.113 AjaxDashboard
Apr 17 06:56:58  [info] 5.227 ActionsFrame
Apr 17 06:57:08  [info] 9.67 NbmMonthlyPlanner
Apr 17 06:57:12  [info] 4.13 Communication
Apr 17 06:57:35  [info] 22.584 Dashboard
Apr 17 06:57:40  [info] 4.984 Calendar
Apr 17 06:57:57  [info] 4.33 CalendarDay
Apr 17 06:58:00  [info] 2.934 Login
Apr 17 07:06:26  [info] 2.322 AjaxDashboard
Apr 17 07:16:27  [info] 2.159 AjaxDashboard
Apr 17 07:26:28  [info] 2.241 AjaxDashboard
Apr 17 07:36:29  [info] 2.11 AjaxDashboard
Apr 17 07:46:29  [info] 2.063 AjaxDashboard
Apr 17 07:56:30  [info] 2.121 AjaxDashboard
Apr 17 08:06:32  [info] 2.471 AjaxDashboard
Apr 17 08:16:33  [info] 2.575 AjaxDashboard
Apr 17 08:26:33  [info] 2.054 AjaxDashboard
Apr 17 08:36:35  [info] 2.178 AjaxDashboard
Apr 17 08:46:39  [info] 5.233 AjaxDashboard
Apr 17 08:56:44  [info] 5.851 Login
Apr 17 09:06:38  [info] 2.308 AjaxDashboard
Apr 17 09:16:39  [info] 3.068 AjaxDashboard
Apr 17 09:26:40  [info] 2.144 AjaxDashboard
Apr 17 09:36:41  [info] 3.091 AjaxDashboard
Apr 17 09:46:41  [info] 1.923 AjaxDashboard
Apr 17 09:56:42  [info] 2.085 AjaxDashboard
Apr 17 10:06:44  [info] 2.158 AjaxDashboard
Apr 17 10:16:45  [info] 2.182 AjaxDashboard
Apr 17 10:26:47  [info] 6.032 Search
Apr 17 10:26:49  [info] 2.149 AjaxDashboard
Apr 17 10:26:56  [info] 6.515 CompanyCreate
Apr 17 10:27:01  [info] 5.652 ParentCompany
Apr 17 10:27:07  [info] 5.345 Category
Apr 17 10:27:13  [info] 5.631 Category
Apr 17 10:28:18  [info] 5.77 Company
Apr 17 10:28:24  [info] 5.318 Company
Apr 17 10:28:32  [info] 8.585 SearchResults
Apr 17 10:29:44  [info] 20.1 WorkspaceSearch
Apr 17 10:30:29  [info] 44.663 ObjectCharacteristics
Apr 17 10:30:35  [info] 6.108 CampaignCharacteristics
Apr 17 10:31:32  [info] 4.892 Home
Apr 17 10:31:39  [info] 4.682 DashboardFrame
Apr 17 10:31:48  [info] 9.773 AjaxScoreboard
Apr 17 10:31:51  [info] 2.013 AjaxDashboard
Apr 17 10:32:10  [info] 19.803 Dashboard
Apr 17 10:32:16  [info] 5.783 ActionsFrame
Apr 17 10:32:27  [info] 10.85 NbmMonthlyPlanner
Apr 17 10:35:48  [info] 5.364 Home
Apr 17 10:35:53  [info] 3.754 DashboardFrame
Apr 17 10:35:55  [info] 1.92 AjaxScoreboard
Apr 17 10:35:58  [info] 2.123 AjaxDashboard
Apr 17 10:36:19  [info] 20.925 Dashboard
Apr 17 10:36:24  [info] 5.096 ActionsFrame
Apr 17 10:36:33  [info] 9.453 NbmMonthlyPlanner
Apr 17 10:36:38  [info] 4.291 Communication
Apr 17 10:36:49  [info] 4.973 Calendar
Apr 17 10:36:54  [info] 4.551 NbmMonthlyPlannerGraph4
Apr 17 10:36:58  [info] 3.985 CalendarDay
Apr 17 10:44:40  [info] 5.007 Search
Apr 17 10:44:47  [info] 6.542 CompanyCreate
Apr 17 10:44:53  [info] 6.039 ParentCompany
Apr 17 10:44:58  [info] 5.46 Category
Apr 17 10:45:04  [info] 5.122 Company
Apr 17 10:45:12  [info] 8.33 SearchResults
Apr 17 10:45:20  [info] 7.935 SearchResults
Apr 17 10:45:26  [info] 5.454 Category
Apr 17 10:45:46  [info] 18.465 WorkspaceSearch
Apr 17 10:46:30  [info] 43.487 ObjectCharacteristics
Apr 17 10:46:33  [info] 2.286 AjaxDashboard
Apr 17 10:46:39  [info] 6.295 CampaignCharacteristics
Apr 17 10:55:53  [info] 2.156 AjaxDashboard
Apr 17 11:05:54  [info] 2.199 AjaxDashboard
Apr 17 11:15:55  [info] 2.025 AjaxDashboard
Apr 17 11:25:55  [info] 2.085 AjaxDashboard
Apr 17 11:35:57  [info] 3.07 AjaxDashboard
Apr 17 11:45:58  [info] 2.179 AjaxDashboard
Apr 17 11:55:58  [info] 2.042 AjaxDashboard
Apr 17 12:06:00  [info] 2.336 AjaxDashboard
Apr 17 12:16:01  [info] 2.362 AjaxDashboard
Apr 17 12:26:01  [info] 2.143 AjaxDashboard
Apr 17 12:36:02  [info] 2.103 AjaxDashboard
Apr 17 12:46:03  [info] 2.089 AjaxDashboard
Apr 17 12:56:04  [info] 2.009 AjaxDashboard
Apr 17 13:06:06  [info] 2.414 AjaxDashboard
Apr 17 13:16:07  [info] 2.22 AjaxDashboard
Apr 17 13:26:08  [info] 2.164 AjaxDashboard
Apr 17 13:36:08  [info] 2.004 AjaxDashboard
Apr 17 13:46:09  [info] 2.067 AjaxDashboard
Apr 17 13:56:10  [info] 2.074 AjaxDashboard
Apr 17 14:06:12  [info] 2.141 AjaxDashboard
Apr 17 14:16:12  [info] 2.088 AjaxDashboard
Apr 17 14:26:14  [info] 2.119 AjaxDashboard
Apr 17 14:36:14  [info] 2.013 AjaxDashboard
Apr 17 14:46:15  [info] 2.12 AjaxDashboard
Apr 17 14:56:17  [info] 2.172 AjaxDashboard
Apr 17 15:06:18  [info] 2.513 AjaxDashboard
Apr 17 15:16:18  [info] 2.099 AjaxDashboard
Apr 17 15:26:19  [info] 2.076 AjaxDashboard
Apr 17 15:36:20  [info] 1.972 AjaxDashboard
Apr 17 15:46:21  [info] 1.975 AjaxDashboard
Apr 17 15:56:22  [info] 1.946 AjaxDashboard
Apr 17 16:06:24  [info] 2.458 AjaxDashboard
Apr 17 16:16:25  [info] 2.191 AjaxDashboard
Apr 17 16:26:25  [info] 2.051 AjaxDashboard
Apr 17 16:36:26  [info] 2.057 AjaxDashboard
Apr 17 16:46:27  [info] 1.994 AjaxDashboard
Apr 17 16:56:29  [info] 2.1 AjaxDashboard
Apr 17 17:06:30  [info] 2.502 AjaxDashboard
Apr 17 17:16:31  [info] 2.145 AjaxDashboard
Apr 17 17:26:31  [info] 2.061 AjaxDashboard
Apr 17 17:36:33  [info] 2.107 AjaxDashboard
Apr 17 17:46:33  [info] 2.035 AjaxDashboard
Apr 17 17:56:35  [info] 2.192 AjaxDashboard
Apr 17 18:06:36  [info] 2.419 AjaxDashboard
Apr 17 18:16:37  [info] 2.144 AjaxDashboard
Apr 17 18:26:37  [info] 1.976 AjaxDashboard
Apr 17 18:36:38  [info] 2.125 AjaxDashboard
Apr 17 18:46:39  [info] 1.947 AjaxDashboard
Apr 17 18:56:40  [info] 2.082 AjaxDashboard
Apr 17 19:06:42  [info] 2.098 AjaxDashboard
Apr 17 19:16:42  [info] 2.074 AjaxDashboard
Apr 17 19:26:46  [info] 4.996 AjaxDashboard
Apr 17 19:36:45  [info] 2.177 AjaxDashboard
Apr 17 19:46:45  [info] 2.028 AjaxDashboard
Apr 17 19:56:46  [info] 1.98 AjaxDashboard
Apr 17 20:06:48  [info] 2.162 AjaxDashboard
Apr 17 20:16:48  [info] 1.995 AjaxDashboard
Apr 17 20:26:49  [info] 2.013 AjaxDashboard
Apr 17 20:36:51  [info] 2.083 AjaxDashboard
Apr 17 20:46:51  [info] 1.989 AjaxDashboard
Apr 17 20:56:52  [info] 2.032 AjaxDashboard
Apr 17 21:06:54  [info] 2.419 AjaxDashboard
Apr 17 21:16:55  [info] 2.166 AjaxDashboard
Apr 17 21:26:56  [info] 2.172 AjaxDashboard
Apr 17 21:36:56  [info] 2.071 AjaxDashboard
Apr 17 21:46:57  [info] 2.008 AjaxDashboard
Apr 17 21:56:58  [info] 1.99 AjaxDashboard
Apr 17 22:06:59  [info] 2.085 AjaxDashboard
Apr 17 22:17:00  [info] 2.024 AjaxDashboard
Apr 17 22:27:01  [info] 2.111 AjaxDashboard
Apr 17 22:37:03  [info] 2.352 AjaxDashboard
Apr 17 22:47:06  [info] 5.064 AjaxDashboard
Apr 17 22:57:05  [info] 2.111 AjaxDashboard
Apr 17 23:07:06  [info] 2.164 AjaxDashboard
Apr 17 23:17:07  [info] 2.163 AjaxDashboard
Apr 17 23:27:07  [info] 1.991 AjaxDashboard
Apr 17 23:37:09  [info] 2.314 AjaxDashboard
Apr 17 23:47:10  [info] 2.149 AjaxDashboard
Apr 17 23:57:10  [info] 2.082 AjaxDashboard
Apr 18 00:07:11  [info] 2.052 AjaxDashboard
Apr 18 00:17:18  [info] 2.311 AjaxDashboard
Apr 18 00:27:18  [info] 1.992 AjaxDashboard
Apr 18 00:37:20  [info] 2.459 AjaxDashboard
Apr 18 00:47:20  [info] 2.203 AjaxDashboard
Apr 18 00:57:21  [info] 2.14 AjaxDashboard
Apr 18 01:07:22  [info] 2.221 AjaxDashboard
Apr 18 01:17:23  [info] 2.117 AjaxDashboard
Apr 18 01:27:25  [info] 3.116 AjaxDashboard
Apr 18 01:37:25  [info] 2.108 AjaxDashboard
Apr 18 01:47:26  [info] 2.052 AjaxDashboard
Apr 18 01:57:27  [info] 2.122 AjaxDashboard
Apr 18 02:07:28  [info] 2.095 AjaxDashboard
Apr 18 02:17:29  [info] 2.107 AjaxDashboard
Apr 18 02:27:30  [info] 2.15 AjaxDashboard
Apr 18 02:37:32  [info] 2.439 AjaxDashboard
Apr 18 02:47:32  [info] 2.153 AjaxDashboard
Apr 18 02:57:33  [info] 2.183 AjaxDashboard
Apr 18 03:07:34  [info] 2.03 AjaxDashboard
Apr 18 03:17:35  [info] 2.039 AjaxDashboard
Apr 18 03:27:36  [info] 1.982 AjaxDashboard
Apr 18 03:37:38  [info] 2.26 AjaxDashboard
Apr 18 03:47:38  [info] 2.148 AjaxDashboard
Apr 18 03:57:39  [info] 2.151 AjaxDashboard
Apr 18 04:07:40  [info] 2.174 AjaxDashboard
Apr 18 04:17:41  [info] 2.097 AjaxDashboard
Apr 18 04:27:42  [info] 1.948 AjaxDashboard
Apr 18 04:37:43  [info] 2.322 AjaxDashboard
Apr 18 04:47:44  [info] 2.115 AjaxDashboard
Apr 18 04:57:45  [info] 2.147 AjaxDashboard
Apr 18 05:07:46  [info] 2.019 AjaxDashboard
Apr 18 05:17:47  [info] 2.184 AjaxDashboard
Apr 18 05:27:51  [info] 5.147 AjaxDashboard
Apr 18 05:37:49  [info] 2.02 AjaxDashboard
Apr 18 05:47:51  [info] 3.129 AjaxDashboard
Apr 18 05:57:51  [info] 2.045 AjaxDashboard
Apr 18 06:07:52  [info] 2.202 AjaxDashboard
Apr 18 06:17:53  [info] 2.011 AjaxDashboard
Apr 18 06:27:55  [info] 3.049 AjaxDashboard
Apr 18 06:37:55  [info] 2.425 AjaxDashboard
Apr 18 06:47:56  [info] 2.123 AjaxDashboard
Apr 18 06:57:57  [info] 2.029 AjaxDashboard
Apr 18 07:07:58  [info] 2.152 AjaxDashboard
Apr 18 07:17:59  [info] 2.079 AjaxDashboard
Apr 18 07:28:00  [info] 2.123 AjaxDashboard
Apr 18 07:38:02  [info] 2.445 AjaxDashboard
Apr 18 07:48:02  [info] 2.009 AjaxDashboard
Apr 18 07:58:03  [info] 2.09 AjaxDashboard
Apr 18 08:08:04  [info] 2.058 AjaxDashboard
Apr 18 08:18:05  [info] 2.1 AjaxDashboard
Apr 18 08:28:06  [info] 2.151 AjaxDashboard
Apr 18 08:38:07  [info] 2.187 AjaxDashboard
Apr 18 08:48:08  [info] 2.04 AjaxDashboard
Apr 18 08:58:09  [info] 2.025 AjaxDashboard
Apr 18 09:08:10  [info] 2.06 AjaxDashboard
Apr 18 09:18:11  [info] 2.003 AjaxDashboard
Apr 18 09:28:12  [info] 1.962 AjaxDashboard
Apr 18 09:38:13  [info] 2.215 AjaxDashboard
Apr 18 09:48:14  [info] 2.085 AjaxDashboard
Apr 18 09:58:15  [info] 2.055 AjaxDashboard
Apr 18 10:08:16  [info] 2.102 AjaxDashboard
Apr 18 10:18:17  [info] 2.102 AjaxDashboard
Apr 18 10:28:18  [info] 2.246 AjaxDashboard
Apr 18 10:38:19  [info] 2.213 AjaxDashboard
Apr 18 10:48:20  [info] 2.015 AjaxDashboard
Apr 18 10:58:21  [info] 2.025 AjaxDashboard
Apr 18 11:08:22  [info] 2.083 AjaxDashboard
Apr 18 11:18:23  [info] 2.085 AjaxDashboard
Apr 18 11:28:24  [info] 2.028 AjaxDashboard
Apr 18 11:38:26  [info] 2.362 AjaxDashboard
Apr 18 11:48:26  [info] 2.031 AjaxDashboard
Apr 18 11:58:27  [info] 2.129 AjaxDashboard
Apr 18 12:08:28  [info] 2.103 AjaxDashboard
Apr 18 12:18:29  [info] 2.127 AjaxDashboard
Apr 18 12:28:30  [info] 2.154 AjaxDashboard
Apr 18 12:38:32  [info] 2.451 AjaxDashboard
Apr 18 12:48:32  [info] 2.134 AjaxDashboard
Apr 18 12:58:33  [info] 2.063 AjaxDashboard
Apr 18 13:08:34  [info] 2.092 AjaxDashboard
Apr 18 13:18:35  [info] 1.964 AjaxDashboard
Apr 18 13:28:36  [info] 2.116 AjaxDashboard
Apr 18 13:38:38  [info] 2.394 AjaxDashboard
Apr 18 13:48:38  [info] 2.145 AjaxDashboard
Apr 18 13:58:39  [info] 2.049 AjaxDashboard
Apr 18 14:08:40  [info] 2.048 AjaxDashboard
Apr 18 14:18:41  [info] 2.125 AjaxDashboard
Apr 18 14:28:42  [info] 2.012 AjaxDashboard
Apr 18 14:38:43  [info] 2.177 AjaxDashboard
Apr 18 14:48:44  [info] 2.155 AjaxDashboard
Apr 18 14:58:45  [info] 2.014 AjaxDashboard
Apr 18 15:08:46  [info] 2.164 AjaxDashboard
Apr 18 15:18:47  [info] 2.252 AjaxDashboard
Apr 18 15:29:14  [info] 28.441 AjaxDashboard
Apr 18 15:38:50  [info] 2.418 AjaxDashboard
Apr 18 15:48:51  [info] 2.65 AjaxDashboard
Apr 18 15:58:51  [info] 2.178 AjaxDashboard
Apr 18 16:08:52  [info] 2.138 AjaxDashboard
Apr 18 16:18:53  [info] 2.189 AjaxDashboard
Apr 18 16:28:54  [info] 2.174 AjaxDashboard
Apr 18 16:38:56  [info] 2.488 AjaxDashboard
Apr 18 16:48:56  [info] 2.061 AjaxDashboard
Apr 18 16:58:57  [info] 2.117 AjaxDashboard
Apr 18 17:08:58  [info] 2.128 AjaxDashboard
Apr 18 17:18:59  [info] 2.113 AjaxDashboard
Apr 18 17:29:00  [info] 2.024 AjaxDashboard
Apr 18 17:39:01  [info] 2.168 AjaxDashboard
Apr 18 17:49:02  [info] 2.109 AjaxDashboard
Apr 18 17:59:03  [info] 2.051 AjaxDashboard
Apr 18 18:09:04  [info] 2.041 AjaxDashboard
Apr 18 18:19:05  [info] 2.039 AjaxDashboard
Apr 18 18:29:06  [info] 2.099 AjaxDashboard
Apr 18 18:39:07  [info] 2.121 AjaxDashboard
Apr 18 18:49:08  [info] 2.115 AjaxDashboard
Apr 18 18:59:09  [info] 2.125 AjaxDashboard
Apr 18 19:09:10  [info] 2.037 AjaxDashboard
Apr 18 19:19:11  [info] 2.096 AjaxDashboard
Apr 18 19:29:12  [info] 2.03 AjaxDashboard
Apr 18 19:39:13  [info] 2.32 AjaxDashboard
Apr 18 19:49:14  [info] 2.057 AjaxDashboard
Apr 18 19:59:15  [info] 2.059 AjaxDashboard
Apr 18 20:09:16  [info] 1.988 AjaxDashboard
Apr 18 20:19:17  [info] 1.98 AjaxDashboard
Apr 18 20:29:19  [info] 2.739 AjaxDashboard
Apr 18 20:39:19  [info] 2.164 AjaxDashboard
Apr 18 20:49:20  [info] 2.118 AjaxDashboard
Apr 18 20:59:21  [info] 2.065 AjaxDashboard
Apr 18 21:09:22  [info] 2.023 AjaxDashboard
Apr 18 21:19:23  [info] 2.01 AjaxDashboard
Apr 18 21:29:24  [info] 2.031 AjaxDashboard
Apr 18 21:39:26  [info] 3.133 AjaxDashboard
Apr 18 21:49:26  [info] 2.088 AjaxDashboard
Apr 18 21:59:27  [info] 1.973 AjaxDashboard
Apr 18 22:09:28  [info] 2.134 AjaxDashboard
Apr 18 22:19:29  [info] 2.031 AjaxDashboard
Apr 18 22:29:30  [info] 2.117 AjaxDashboard
Apr 18 22:39:31  [info] 1.983 AjaxDashboard
Apr 18 22:49:32  [info] 2.025 AjaxDashboard
Apr 18 22:59:33  [info] 2.131 AjaxDashboard
Apr 18 23:09:34  [info] 2.071 AjaxDashboard
Apr 18 23:19:35  [info] 2.052 AjaxDashboard
Apr 18 23:29:36  [info] 2.18 AjaxDashboard
Apr 18 23:39:37  [info] 2.059 AjaxDashboard
Apr 18 23:49:38  [info] 2.097 AjaxDashboard
Apr 18 23:59:39  [info] 1.947 AjaxDashboard
Apr 19 00:09:40  [info] 2.161 AjaxDashboard
Apr 19 00:19:46  [info] 2.024 AjaxDashboard
Apr 19 00:29:47  [info] 2.094 AjaxDashboard
Apr 19 00:39:48  [info] 2.177 AjaxDashboard
Apr 19 00:49:49  [info] 2.002 AjaxDashboard
Apr 19 00:59:50  [info] 2.067 AjaxDashboard
Apr 19 01:09:51  [info] 1.951 AjaxDashboard
Apr 19 01:19:53  [info] 3.501 AjaxDashboard
Apr 19 01:29:53  [info] 2.217 AjaxDashboard
Apr 19 01:39:54  [info] 1.983 AjaxDashboard
Apr 19 01:49:55  [info] 2.165 AjaxDashboard
Apr 19 01:59:56  [info] 2.113 AjaxDashboard
Apr 19 02:09:57  [info] 2.113 AjaxDashboard
Apr 19 02:19:58  [info] 2.068 AjaxDashboard
Apr 19 02:29:59  [info] 2.246 AjaxDashboard
Apr 19 02:40:00  [info] 2.076 AjaxDashboard
Apr 19 02:50:01  [info] 2.005 AjaxDashboard
Apr 19 03:00:02  [info] 2.046 AjaxDashboard
Apr 19 03:10:03  [info] 2.038 AjaxDashboard
Apr 19 03:20:04  [info] 2.033 AjaxDashboard
Apr 19 03:30:05  [info] 2.2 AjaxDashboard
Apr 19 03:40:06  [info] 1.98 AjaxDashboard
Apr 19 03:50:07  [info] 2.116 AjaxDashboard
Apr 19 04:00:08  [info] 2.11 AjaxDashboard
Apr 19 04:10:09  [info] 2.02 AjaxDashboard
Apr 19 04:20:10  [info] 2.085 AjaxDashboard
Apr 19 04:30:12  [info] 2.817 AjaxDashboard
Apr 19 04:40:12  [info] 2.078 AjaxDashboard
Apr 19 04:50:13  [info] 2.171 AjaxDashboard
Apr 19 05:00:14  [info] 2.104 AjaxDashboard
Apr 19 05:10:15  [info] 2.199 AjaxDashboard
Apr 19 05:20:16  [info] 2.14 AjaxDashboard
Apr 19 05:30:17  [info] 2.261 AjaxDashboard
Apr 19 05:40:18  [info] 2.331 AjaxDashboard
Apr 19 05:50:20  [info] 2.601 AjaxDashboard
Apr 19 06:00:20  [info] 2.167 AjaxDashboard
Apr 19 06:10:21  [info] 2.168 AjaxDashboard
Apr 19 06:20:22  [info] 2.168 AjaxDashboard
Apr 19 06:30:23  [info] 2.467 AjaxDashboard
Apr 19 06:40:24  [info] 2.139 AjaxDashboard
Apr 19 06:50:25  [info] 2.226 AjaxDashboard
Apr 19 07:00:26  [info] 2.158 AjaxDashboard
Apr 19 07:10:27  [info] 2.132 AjaxDashboard
Apr 19 07:20:28  [info] 2.078 AjaxDashboard
Apr 19 07:30:29  [info] 2.257 AjaxDashboard
Apr 19 07:40:30  [info] 2.156 AjaxDashboard
Apr 19 07:50:31  [info] 2.153 AjaxDashboard
Apr 19 08:00:32  [info] 2.237 AjaxDashboard
Apr 19 08:10:33  [info] 2.172 AjaxDashboard
Apr 19 08:20:34  [info] 2.061 AjaxDashboard
Apr 19 08:30:35  [info] 2.119 AjaxDashboard
Apr 19 08:40:36  [info] 2.012 AjaxDashboard
Apr 19 08:50:37  [info] 2.062 AjaxDashboard
Apr 19 09:00:38  [info] 2.047 AjaxDashboard
Apr 19 09:10:39  [info] 2.082 AjaxDashboard
Apr 19 09:20:40  [info] 2.047 AjaxDashboard
Apr 19 09:30:41  [info] 2.19 AjaxDashboard
Apr 19 09:40:42  [info] 2.221 AjaxDashboard
Apr 19 09:50:43  [info] 2.104 AjaxDashboard
Apr 19 10:00:44  [info] 2.335 AjaxDashboard
Apr 19 10:10:45  [info] 2.155 AjaxDashboard
Apr 19 10:20:46  [info] 2.205 AjaxDashboard
Apr 19 10:30:47  [info] 2.339 AjaxDashboard
Apr 19 10:40:48  [info] 2.117 AjaxDashboard
Apr 19 10:50:49  [info] 2.183 AjaxDashboard
Apr 19 11:00:50  [info] 2.219 AjaxDashboard
Apr 19 11:10:51  [info] 2.309 AjaxDashboard
Apr 19 11:20:52  [info] 2.215 AjaxDashboard
Apr 19 11:30:53  [info] 2.229 AjaxDashboard
Apr 19 11:40:55  [info] 2.757 AjaxDashboard
Apr 19 11:50:55  [info] 1.924 AjaxDashboard
Apr 19 12:00:56  [info] 2.076 AjaxDashboard
Apr 19 12:10:57  [info] 2.069 AjaxDashboard
Apr 19 12:20:58  [info] 2.48 AjaxDashboard
Apr 19 12:30:59  [info] 2.278 AjaxDashboard
Apr 19 12:41:00  [info] 2.054 AjaxDashboard
Apr 19 12:51:01  [info] 2.07 AjaxDashboard
Apr 19 13:01:02  [info] 2.087 AjaxDashboard
Apr 19 13:11:03  [info] 2.09 AjaxDashboard
Apr 19 13:21:04  [info] 2.125 AjaxDashboard
Apr 19 13:31:05  [info] 2.212 AjaxDashboard
Apr 19 13:41:06  [info] 2.261 AjaxDashboard
Apr 19 13:51:07  [info] 2.21 AjaxDashboard
Apr 19 14:01:08  [info] 2.043 AjaxDashboard
Apr 19 14:11:09  [info] 2.191 AjaxDashboard
Apr 19 14:21:10  [info] 2.057 AjaxDashboard
Apr 19 14:31:11  [info] 2.526 AjaxDashboard
Apr 19 14:41:12  [info] 1.975 AjaxDashboard
Apr 19 14:51:13  [info] 2.093 AjaxDashboard
Apr 19 15:01:15  [info] 3.203 AjaxDashboard
Apr 19 15:11:15  [info] 2.637 AjaxDashboard
Apr 19 15:21:16  [info] 2.114 AjaxDashboard
Apr 19 15:31:17  [info] 2.272 AjaxDashboard
Apr 19 15:41:18  [info] 1.998 AjaxDashboard
Apr 19 15:51:19  [info] 2.021 AjaxDashboard
Apr 19 16:01:20  [info] 2.015 AjaxDashboard
Apr 19 16:11:21  [info] 2.093 AjaxDashboard
Apr 19 16:21:22  [info] 2.114 AjaxDashboard
Apr 19 16:31:23  [info] 2.368 AjaxDashboard
Apr 19 16:41:24  [info] 2.044 AjaxDashboard
Apr 19 16:51:25  [info] 2.176 AjaxDashboard
Apr 19 17:01:26  [info] 2.084 AjaxDashboard
Apr 19 17:11:30  [info] 5.028 AjaxDashboard
Apr 19 17:21:28  [info] 2.088 AjaxDashboard
Apr 19 17:31:29  [info] 2.178 AjaxDashboard
Apr 19 17:41:30  [info] 2.043 AjaxDashboard
Apr 19 17:51:31  [info] 1.994 AjaxDashboard
Apr 19 18:01:32  [info] 2.125 AjaxDashboard
Apr 19 18:11:33  [info] 1.987 AjaxDashboard
Apr 19 18:21:34  [info] 2.13 AjaxDashboard
Apr 19 18:31:35  [info] 2.332 AjaxDashboard
Apr 19 18:41:36  [info] 2.034 AjaxDashboard
Apr 19 18:51:37  [info] 2.228 AjaxDashboard
Apr 19 19:01:38  [info] 2.051 AjaxDashboard
Apr 19 19:11:39  [info] 2.02 AjaxDashboard
Apr 19 19:21:40  [info] 2.352 AjaxDashboard
Apr 19 19:31:41  [info] 2.233 AjaxDashboard
Apr 19 19:41:42  [info] 2.385 AjaxDashboard
Apr 19 19:51:43  [info] 2.032 AjaxDashboard
Apr 19 20:01:44  [info] 2.069 AjaxDashboard
Apr 19 20:11:45  [info] 2.22 AjaxDashboard
Apr 19 20:21:46  [info] 2.474 AjaxDashboard
Apr 19 20:31:47  [info] 2.201 AjaxDashboard
Apr 19 20:41:48  [info] 2.324 AjaxDashboard
Apr 19 20:51:49  [info] 2.22 AjaxDashboard
Apr 19 21:01:50  [info] 2.197 AjaxDashboard
Apr 19 21:11:51  [info] 2.169 AjaxDashboard
Apr 19 21:21:52  [info] 2.174 AjaxDashboard
Apr 19 21:31:54  [info] 2.548 AjaxDashboard
Apr 19 21:41:54  [info] 2.356 AjaxDashboard
Apr 19 21:51:55  [info] 2.159 AjaxDashboard
Apr 19 22:01:56  [info] 2.164 AjaxDashboard
Apr 19 22:11:57  [info] 2.289 AjaxDashboard
Apr 19 22:21:58  [info] 2.155 AjaxDashboard
Apr 19 22:31:59  [info] 2.003 AjaxDashboard
Apr 19 22:42:00  [info] 2.021 AjaxDashboard
Apr 19 22:52:01  [info] 2.091 AjaxDashboard
Apr 19 23:02:02  [info] 2.131 AjaxDashboard
Apr 19 23:12:03  [info] 2.16 AjaxDashboard
Apr 19 23:22:04  [info] 2.131 AjaxDashboard
Apr 19 23:32:05  [info] 2.172 AjaxDashboard
Apr 19 23:42:06  [info] 2.128 AjaxDashboard
Apr 19 23:52:07  [info] 2.576 AjaxDashboard
Apr 20 00:02:08  [info] 2.051 AjaxDashboard
Apr 20 00:12:14  [info] 1.989 AjaxDashboard
Apr 20 00:22:15  [info] 2.019 AjaxDashboard
Apr 20 00:32:16  [info] 2.134 AjaxDashboard
Apr 20 00:42:17  [info] 2.379 AjaxDashboard
Apr 20 00:52:18  [info] 2.12 AjaxDashboard
Apr 20 01:02:19  [info] 2.007 AjaxDashboard
Apr 20 01:12:20  [info] 2.044 AjaxDashboard
Apr 20 01:22:21  [info] 2.058 AjaxDashboard
Apr 20 01:32:22  [info] 2.081 AjaxDashboard
Apr 20 01:42:23  [info] 2.014 AjaxDashboard
Apr 20 01:52:24  [info] 2.282 AjaxDashboard
Apr 20 02:02:25  [info] 2.028 AjaxDashboard
Apr 20 02:12:26  [info] 2.007 AjaxDashboard
Apr 20 02:22:27  [info] 2.042 AjaxDashboard
Apr 20 02:32:28  [info] 2.072 AjaxDashboard
Apr 20 02:42:29  [info] 2.111 AjaxDashboard
Apr 20 02:52:30  [info] 2.01 AjaxDashboard
Apr 20 03:02:31  [info] 2.094 AjaxDashboard
Apr 20 03:12:32  [info] 2.019 AjaxDashboard
Apr 20 03:22:33  [info] 2.059 AjaxDashboard
Apr 20 03:32:34  [info] 2.262 AjaxDashboard
Apr 20 03:42:35  [info] 2.032 AjaxDashboard
Apr 20 03:52:36  [info] 2.323 AjaxDashboard
Apr 20 04:02:37  [info] 2.307 AjaxDashboard
Apr 20 04:12:38  [info] 2.196 AjaxDashboard
Apr 20 04:22:39  [info] 2.098 AjaxDashboard
Apr 20 04:32:40  [info] 2.084 AjaxDashboard
Apr 20 04:42:41  [info] 2.157 AjaxDashboard
Apr 20 04:52:42  [info] 2.067 AjaxDashboard
Apr 20 05:02:43  [info] 2.358 AjaxDashboard
Apr 20 05:12:44  [info] 2.079 AjaxDashboard
Apr 20 05:22:45  [info] 2.085 AjaxDashboard
Apr 20 05:32:46  [info] 2.012 AjaxDashboard
Apr 20 05:42:47  [info] 2.357 AjaxDashboard
Apr 20 05:52:48  [info] 2.085 AjaxDashboard
Apr 20 06:02:49  [info] 2.066 AjaxDashboard
Apr 20 06:12:50  [info] 2.018 AjaxDashboard
Apr 20 06:22:51  [info] 2.121 AjaxDashboard
Apr 20 06:32:52  [info] 2.409 AjaxDashboard
Apr 20 06:42:53  [info] 2.219 AjaxDashboard
Apr 20 06:52:54  [info] 2.148 AjaxDashboard
Apr 20 07:02:55  [info] 2.743 AjaxDashboard
Apr 20 07:12:56  [info] 2.097 AjaxDashboard
Apr 20 07:22:57  [info] 2.112 AjaxDashboard
Apr 20 07:32:58  [info] 2.049 AjaxDashboard
Apr 20 07:42:59  [info] 2.358 AjaxDashboard
Apr 20 07:53:00  [info] 1.998 AjaxDashboard
Apr 20 08:03:01  [info] 2.127 AjaxDashboard
Apr 20 08:13:02  [info] 2.551 AjaxDashboard
Apr 20 08:23:03  [info] 2.066 AjaxDashboard
Apr 20 08:33:04  [info] 2.137 AjaxDashboard
Apr 20 08:43:05  [info] 2.234 AjaxDashboard
Apr 20 08:53:06  [info] 2.155 AjaxDashboard
Apr 20 09:03:07  [info] 2.41 AjaxDashboard
Apr 20 09:13:08  [info] 2.137 AjaxDashboard
Apr 20 09:23:09  [info] 2.111 AjaxDashboard
Apr 20 09:33:10  [info] 2.085 AjaxDashboard
Apr 20 09:43:11  [info] 2.165 AjaxDashboard
Apr 20 09:53:12  [info] 2.203 AjaxDashboard
Apr 20 10:03:13  [info] 2.058 AjaxDashboard
Apr 20 10:13:14  [info] 2.156 AjaxDashboard
Apr 20 10:23:15  [info] 2.124 AjaxDashboard
Apr 20 10:33:16  [info] 2.086 AjaxDashboard
Apr 20 10:43:17  [info] 2.281 AjaxDashboard
Apr 20 10:53:18  [info] 2.246 AjaxDashboard
Apr 20 11:03:20  [info] 2.674 AjaxDashboard
Apr 20 11:13:20  [info] 2.035 AjaxDashboard
Apr 20 11:23:22  [info] 3.422 AjaxDashboard
Apr 20 11:33:22  [info] 2.138 AjaxDashboard
Apr 20 11:43:23  [info] 2.259 AjaxDashboard
Apr 20 11:53:24  [info] 2.248 AjaxDashboard
Apr 20 12:03:25  [info] 2.285 AjaxDashboard
Apr 20 12:13:26  [info] 2.303 AjaxDashboard
Apr 20 12:23:27  [info] 2.052 AjaxDashboard
Apr 20 12:33:28  [info] 2.249 AjaxDashboard
Apr 20 12:43:29  [info] 2.321 AjaxDashboard
Apr 20 12:53:30  [info] 2.14 AjaxDashboard
Apr 20 13:03:30  [info] 1.924 AjaxDashboard
Apr 20 13:13:32  [info] 2.075 AjaxDashboard
Apr 20 13:23:33  [info] 2.049 AjaxDashboard
Apr 20 13:33:34  [info] 2.11 AjaxDashboard
Apr 20 13:43:35  [info] 2.177 AjaxDashboard
Apr 20 13:53:36  [info] 2.017 AjaxDashboard
Apr 20 14:03:37  [info] 1.995 AjaxDashboard
Apr 20 14:13:38  [info] 2.13 AjaxDashboard
Apr 20 14:23:39  [info] 2.147 AjaxDashboard
Apr 20 14:33:40  [info] 2.14 AjaxDashboard
Apr 20 14:43:41  [info] 2.05 AjaxDashboard
Apr 20 14:53:42  [info] 2.066 AjaxDashboard
Apr 20 15:03:43  [info] 2.067 AjaxDashboard
Apr 20 15:13:44  [info] 2.002 AjaxDashboard
Apr 20 15:23:45  [info] 2.105 AjaxDashboard
Apr 20 15:33:47  [info] 2.417 AjaxDashboard
Apr 20 15:43:47  [info] 2.271 AjaxDashboard
Apr 20 15:53:49  [info] 2.241 AjaxDashboard
Apr 20 16:03:49  [info] 2.045 AjaxDashboard
Apr 20 16:13:50  [info] 2.015 AjaxDashboard
Apr 20 16:23:51  [info] 2.162 AjaxDashboard
Apr 20 16:33:52  [info] 2.042 AjaxDashboard
Apr 20 16:43:53  [info] 2.024 AjaxDashboard
Apr 20 16:53:54  [info] 2.083 AjaxDashboard
Apr 20 17:03:55  [info] 2.091 AjaxDashboard
Apr 20 17:13:56  [info] 2.034 AjaxDashboard
Apr 20 17:23:57  [info] 1.997 AjaxDashboard
Apr 20 17:33:58  [info] 2.11 AjaxDashboard
Apr 20 17:43:59  [info] 2.335 AjaxDashboard
Apr 20 17:54:00  [info] 2.029 AjaxDashboard
Apr 20 18:04:01  [info] 2.073 AjaxDashboard
Apr 20 18:14:02  [info] 2.052 AjaxDashboard
Apr 20 18:24:03  [info] 2.065 AjaxDashboard
Apr 20 18:34:04  [info] 1.994 AjaxDashboard
Apr 20 18:44:05  [info] 2.317 AjaxDashboard
Apr 20 18:54:06  [info] 2.142 AjaxDashboard
Apr 20 19:04:07  [info] 2.096 AjaxDashboard
Apr 20 19:14:07  [info] 1.991 AjaxDashboard
Apr 20 19:24:09  [info] 2.049 AjaxDashboard
Apr 20 19:34:10  [info] 2.086 AjaxDashboard
Apr 20 19:44:11  [info] 2.04 AjaxDashboard
Apr 20 19:54:12  [info] 2.074 AjaxDashboard
Apr 20 20:04:13  [info] 2.048 AjaxDashboard
Apr 20 20:14:14  [info] 1.991 AjaxDashboard
Apr 20 20:24:15  [info] 2.019 AjaxDashboard
Apr 20 20:34:16  [info] 2.127 AjaxDashboard
Apr 20 20:44:17  [info] 2.068 AjaxDashboard
Apr 20 20:54:18  [info] 2.036 AjaxDashboard
Apr 20 21:04:19  [info] 2.147 AjaxDashboard
Apr 20 21:14:20  [info] 2.041 AjaxDashboard
Apr 20 21:24:21  [info] 2.024 AjaxDashboard
Apr 20 21:34:22  [info] 2.03 AjaxDashboard
Apr 20 21:44:23  [info] 2.133 AjaxDashboard
Apr 20 21:54:24  [info] 2.04 AjaxDashboard
Apr 20 22:04:25  [info] 2.201 AjaxDashboard
Apr 20 22:14:26  [info] 2.122 AjaxDashboard
Apr 20 22:24:27  [info] 2.094 AjaxDashboard
Apr 20 22:34:28  [info] 1.994 AjaxDashboard
Apr 20 22:44:29  [info] 2.137 AjaxDashboard
Apr 20 22:54:30  [info] 2.015 AjaxDashboard
Apr 20 23:04:31  [info] 2.138 AjaxDashboard
Apr 20 23:14:32  [info] 2.122 AjaxDashboard
Apr 20 23:24:33  [info] 2.122 AjaxDashboard
Apr 20 23:34:34  [info] 2.14 AjaxDashboard
Apr 20 23:44:35  [info] 2.243 AjaxDashboard
Apr 20 23:54:36  [info] 2.213 AjaxDashboard
Apr 21 00:04:37  [info] 2.598 AjaxDashboard
Apr 21 00:14:42  [info] 2.109 AjaxDashboard
Apr 21 00:24:43  [info] 2.232 AjaxDashboard
Apr 21 00:34:45  [info] 2.284 AjaxDashboard
Apr 21 00:44:45  [info] 2.123 AjaxDashboard
Apr 21 00:54:46  [info] 2.176 AjaxDashboard
Apr 21 01:04:47  [info] 2.198 AjaxDashboard
Apr 21 01:14:48  [info] 2.069 AjaxDashboard
Apr 21 01:24:49  [info] 2.074 AjaxDashboard
Apr 21 01:34:50  [info] 2.072 AjaxDashboard
Apr 21 01:44:51  [info] 2.125 AjaxDashboard
Apr 21 01:54:52  [info] 2.23 AjaxDashboard
Apr 21 02:04:53  [info] 2.18 AjaxDashboard
Apr 21 02:14:54  [info] 2.104 AjaxDashboard
Apr 21 02:24:55  [info] 2.07 AjaxDashboard
Apr 21 02:34:57  [info] 2.227 AjaxDashboard
Apr 21 02:44:57  [info] 2.162 AjaxDashboard
Apr 21 02:54:58  [info] 2.211 AjaxDashboard
Apr 21 03:04:59  [info] 2.212 AjaxDashboard
Apr 21 03:15:00  [info] 2.103 AjaxDashboard
Apr 21 03:25:01  [info] 2.124 AjaxDashboard
Apr 21 03:35:02  [info] 2.134 AjaxDashboard
Apr 21 03:45:03  [info] 2.079 AjaxDashboard
Apr 21 03:55:04  [info] 2.128 AjaxDashboard
Apr 21 04:05:05  [info] 2.035 AjaxDashboard
Apr 21 04:15:06  [info] 2.163 AjaxDashboard
Apr 21 04:25:07  [info] 2.102 AjaxDashboard
Apr 21 04:35:08  [info] 2.167 AjaxDashboard
Apr 21 04:45:11  [info] 3.271 AjaxDashboard
Apr 21 04:55:10  [info] 2.138 AjaxDashboard
Apr 21 05:05:15  [info] 5.264 AjaxDashboard
Apr 21 05:15:12  [info] 2.253 AjaxDashboard
Apr 21 05:25:14  [info] 2.304 AjaxDashboard
Apr 21 05:35:14  [info] 2.177 AjaxDashboard
Apr 21 05:45:16  [info] 2.31 AjaxDashboard
Apr 21 05:55:16  [info] 2.156 AjaxDashboard
Apr 21 06:05:17  [info] 1.991 AjaxDashboard
Apr 21 06:15:18  [info] 1.999 AjaxDashboard
Apr 21 06:25:19  [info] 2.061 AjaxDashboard
Apr 21 06:35:20  [info] 2.105 AjaxDashboard
Apr 21 06:45:21  [info] 2.17 AjaxDashboard
Apr 21 06:55:22  [info] 2.055 AjaxDashboard
Apr 21 07:05:24  [info] 3.101 AjaxDashboard
Apr 21 07:15:26  [info] 3.294 AjaxDashboard
Apr 21 07:25:25  [info] 2.08 AjaxDashboard
Apr 21 07:35:26  [info] 2.088 AjaxDashboard
Apr 21 07:45:28  [info] 2.826 AjaxDashboard
Apr 21 07:55:29  [info] 2.608 AjaxDashboard
Apr 21 08:05:29  [info] 2.127 AjaxDashboard
Apr 21 08:15:31  [info] 2.312 AjaxDashboard
Apr 21 08:25:31  [info] 2.201 AjaxDashboard
Apr 21 08:35:32  [info] 2.233 AjaxDashboard
Apr 21 08:45:33  [info] 2.18 AjaxDashboard
Apr 21 08:55:34  [info] 2.175 AjaxDashboard
Apr 21 09:05:35  [info] 2.127 AjaxDashboard
Apr 21 09:15:39  [info] 5.101 AjaxDashboard
Apr 21 09:25:37  [info] 2.09 AjaxDashboard
Apr 21 09:35:38  [info] 2.095 AjaxDashboard
Apr 21 09:45:40  [info] 2.512 AjaxDashboard
Apr 21 09:55:40  [info] 2.036 AjaxDashboard
Apr 21 10:05:41  [info] 2.116 AjaxDashboard
Apr 21 10:15:42  [info] 2.09 AjaxDashboard
Apr 21 10:25:43  [info] 1.994 AjaxDashboard
Apr 21 10:35:44  [info] 1.978 AjaxDashboard
Apr 21 10:45:45  [info] 2.056 AjaxDashboard
Apr 21 10:55:46  [info] 2.116 AjaxDashboard
Apr 21 11:05:47  [info] 2.068 AjaxDashboard
Apr 21 11:15:48  [info] 2.152 AjaxDashboard
Apr 21 11:25:49  [info] 2.048 AjaxDashboard
Apr 21 11:35:50  [info] 2.04 AjaxDashboard
Apr 21 11:45:51  [info] 2.223 AjaxDashboard
Apr 21 11:55:53  [info] 2.561 AjaxDashboard
Apr 21 12:05:53  [info] 2.226 AjaxDashboard
Apr 21 12:15:55  [info] 2.2 AjaxDashboard
Apr 21 12:25:55  [info] 2.014 AjaxDashboard
Apr 21 12:35:56  [info] 2.062 AjaxDashboard
Apr 21 12:45:57  [info] 2.045 AjaxDashboard
Apr 21 12:55:58  [info] 2.125 AjaxDashboard
Apr 21 13:05:59  [info] 2.1 AjaxDashboard
Apr 21 13:16:00  [info] 2.11 AjaxDashboard
Apr 21 13:26:01  [info] 2.086 AjaxDashboard
Apr 21 13:36:02  [info] 2.069 AjaxDashboard
Apr 21 13:46:03  [info] 2.173 AjaxDashboard
Apr 21 13:56:04  [info] 2.04 AjaxDashboard
Apr 21 14:06:05  [info] 2.025 AjaxDashboard
Apr 21 14:16:06  [info] 2.103 AjaxDashboard
Apr 21 14:26:09  [info] 3.245 AjaxDashboard
Apr 21 14:36:08  [info] 2.176 AjaxDashboard
Apr 21 14:46:09  [info] 2.086 AjaxDashboard
Apr 21 14:56:11  [info] 2.304 AjaxDashboard
Apr 21 15:06:11  [info] 2.04 AjaxDashboard
Apr 21 15:16:12  [info] 2.046 AjaxDashboard
Apr 21 15:26:13  [info] 2.002 AjaxDashboard
Apr 21 15:36:14  [info] 2.157 AjaxDashboard
Apr 21 15:46:15  [info] 2.052 AjaxDashboard
Apr 21 15:56:16  [info] 2.068 AjaxDashboard
Apr 21 16:06:17  [info] 2.174 AjaxDashboard
Apr 21 16:16:18  [info] 2.142 AjaxDashboard
Apr 21 16:26:19  [info] 2.01 AjaxDashboard
Apr 21 16:36:20  [info] 2.057 AjaxDashboard
Apr 21 16:46:21  [info] 1.993 AjaxDashboard
Apr 21 16:56:22  [info] 2.023 AjaxDashboard
Apr 21 17:06:23  [info] 2.108 AjaxDashboard
Apr 21 17:16:24  [info] 2.056 AjaxDashboard
Apr 21 17:26:25  [info] 2.002 AjaxDashboard
Apr 21 17:36:26  [info] 2.036 AjaxDashboard
Apr 21 17:46:27  [info] 2.078 AjaxDashboard
Apr 21 17:56:28  [info] 2.045 AjaxDashboard
Apr 21 18:06:30  [info] 2.342 AjaxDashboard
Apr 21 18:16:30  [info] 1.992 AjaxDashboard
Apr 21 18:26:31  [info] 2.03 AjaxDashboard
Apr 21 18:36:32  [info] 2.126 AjaxDashboard
Apr 21 18:46:33  [info] 2.042 AjaxDashboard
Apr 21 18:56:34  [info] 2.229 AjaxDashboard
Apr 21 19:06:35  [info] 1.993 AjaxDashboard
Apr 21 19:16:36  [info] 2.083 AjaxDashboard
Apr 21 19:26:37  [info] 2.18 AjaxDashboard
Apr 21 19:36:38  [info] 2.059 AjaxDashboard
Apr 21 19:46:39  [info] 2.045 AjaxDashboard
Apr 21 19:56:40  [info] 2.012 AjaxDashboard
Apr 21 20:06:41  [info] 2.184 AjaxDashboard
Apr 21 20:16:42  [info] 2.085 AjaxDashboard
Apr 21 20:26:44  [info] 2.64 AjaxDashboard
Apr 21 20:36:44  [info] 2.008 AjaxDashboard
Apr 21 20:46:45  [info] 2.041 AjaxDashboard
Apr 21 20:56:46  [info] 1.991 AjaxDashboard
Apr 21 21:06:47  [info] 2.056 AjaxDashboard
Apr 21 21:16:48  [info] 2.054 AjaxDashboard
Apr 21 21:26:49  [info] 2.156 AjaxDashboard
Apr 21 21:36:50  [info] 2.109 AjaxDashboard
Apr 21 21:46:51  [info] 1.991 AjaxDashboard
Apr 21 21:56:52  [info] 2.13 AjaxDashboard
Apr 21 22:06:53  [info] 2.109 AjaxDashboard
Apr 21 22:16:54  [info] 2.118 AjaxDashboard
Apr 21 22:26:56  [info] 2.301 AjaxDashboard
Apr 21 22:36:57  [info] 2.23 AjaxDashboard
Apr 21 22:46:57  [info] 1.969 AjaxDashboard
Apr 21 22:56:58  [info] 2.185 AjaxDashboard
Apr 21 23:06:59  [info] 2.018 AjaxDashboard
Apr 21 23:17:00  [info] 2.061 AjaxDashboard
Apr 21 23:27:01  [info] 2.13 AjaxDashboard
Apr 21 23:37:02  [info] 2.227 AjaxDashboard
Apr 21 23:47:03  [info] 2.06 AjaxDashboard
Apr 21 23:57:04  [info] 1.968 AjaxDashboard
Apr 22 00:07:05  [info] 2.065 AjaxDashboard
Apr 22 00:17:06  [info] 2.036 AjaxDashboard
Apr 22 00:27:08  [info] 2.406 AjaxDashboard
Apr 22 00:37:08  [info] 2.077 AjaxDashboard
Apr 22 00:47:09  [info] 2.043 AjaxDashboard
Apr 22 00:57:10  [info] 2.141 AjaxDashboard
Apr 22 01:07:11  [info] 2.132 AjaxDashboard
Apr 22 01:17:12  [info] 2.055 AjaxDashboard
Apr 22 01:27:13  [info] 2.173 AjaxDashboard
Apr 22 01:37:14  [info] 2.032 AjaxDashboard
Apr 22 01:47:16  [info] 2.778 AjaxDashboard
Apr 22 01:57:16  [info] 2.121 AjaxDashboard
Apr 22 02:07:17  [info] 2.139 AjaxDashboard
Apr 22 02:17:18  [info] 2.15 AjaxDashboard
Apr 22 02:27:19  [info] 1.991 AjaxDashboard
Apr 22 02:37:20  [info] 2.019 AjaxDashboard
Apr 22 02:47:21  [info] 2.22 AjaxDashboard
Apr 22 02:57:22  [info] 2.033 AjaxDashboard
Apr 22 03:07:23  [info] 1.998 AjaxDashboard
Apr 22 03:17:24  [info] 2.106 AjaxDashboard
Apr 22 03:27:26  [info] 2.314 AjaxDashboard
Apr 22 03:37:26  [info] 2.126 AjaxDashboard
Apr 22 03:47:27  [info] 2.121 AjaxDashboard
Apr 22 03:57:28  [info] 2.067 AjaxDashboard
Apr 22 04:07:29  [info] 2.15 AjaxDashboard
Apr 22 04:28:37  [info] 6.098 Home
Apr 22 04:28:46  [info] 5.364 DashboardFrame
Apr 22 04:28:56  [info] 10.654 AjaxScoreboard
Apr 22 04:28:59  [info] 2.247 AjaxDashboard
Apr 22 04:29:04  [info] 5.352 ActionsFrame
Apr 22 04:29:28  [info] 23.032 Dashboard
Apr 22 04:29:36  [info] 3.893 Communication
Apr 22 04:29:41  [info] 5.086 Calendar
Apr 22 04:29:50  [info] 3.1 Login
Apr 22 04:29:54  [info] 4.174 CalendarDay
Apr 22 04:38:42  [info] 1.997 AjaxDashboard
Apr 22 04:48:43  [info] 2.187 AjaxDashboard
Apr 22 04:58:44  [info] 2.058 AjaxDashboard
Apr 22 05:08:45  [info] 2.086 AjaxDashboard
Apr 22 05:18:46  [info] 2.239 AjaxDashboard
Apr 22 05:28:47  [info] 2.261 AjaxDashboard
Apr 22 05:38:48  [info] 2.056 AjaxDashboard
Apr 22 05:48:49  [info] 2.077 AjaxDashboard
Apr 22 05:58:50  [info] 2.055 AjaxDashboard
Apr 22 06:08:51  [info] 2.191 AjaxDashboard
Apr 22 06:18:52  [info] 2.011 AjaxDashboard
Apr 22 06:28:54  [info] 2.632 AjaxDashboard
Apr 22 06:38:54  [info] 2.072 AjaxDashboard
Apr 22 06:48:56  [info] 3.173 AjaxDashboard
Apr 22 06:58:57  [info] 2.647 AjaxDashboard
Apr 22 07:08:57  [info] 2.152 AjaxDashboard
Apr 22 07:18:58  [info] 2.104 AjaxDashboard
Apr 22 07:28:59  [info] 2.032 AjaxDashboard
Apr 22 07:39:00  [info] 2.154 AjaxDashboard
Apr 22 07:49:01  [info] 2.027 AjaxDashboard
Apr 22 07:59:02  [info] 2.048 AjaxDashboard
Apr 22 08:09:04  [info] 2.744 AjaxDashboard
Apr 22 08:19:04  [info] 2.129 AjaxDashboard
Apr 22 08:29:05  [info] 2.346 AjaxDashboard
Apr 22 08:39:07  [info] 2.496 AjaxDashboard
Apr 22 08:49:08  [info] 3.364 AjaxDashboard
Apr 22 08:59:09  [info] 2.876 AjaxDashboard
Apr 22 09:09:09  [info] 2.15 AjaxDashboard
Apr 22 09:19:11  [info] 2.824 AjaxDashboard
Apr 22 09:29:11  [info] 2.223 AjaxDashboard
Apr 22 09:39:13  [info] 3.33 AjaxDashboard
Apr 22 09:49:13  [info] 2.112 AjaxDashboard
Apr 22 09:59:15  [info] 2.61 AjaxDashboard
Apr 22 10:09:15  [info] 2.199 AjaxDashboard
Apr 22 10:19:16  [info] 2.156 AjaxDashboard
Apr 22 10:29:17  [info] 2.152 AjaxDashboard
Apr 22 10:39:19  [info] 2.552 AjaxDashboard
Apr 22 10:49:22  [info] 5.08 AjaxDashboard
Apr 22 10:59:20  [info] 2.451 AjaxDashboard
Apr 22 11:09:21  [info] 2.048 AjaxDashboard
Apr 22 11:19:22  [info] 2.044 AjaxDashboard
Apr 22 11:29:23  [info] 2.11 AjaxDashboard
Apr 22 11:39:25  [info] 2.669 AjaxDashboard
Apr 22 11:49:26  [info] 2.203 AjaxDashboard
Apr 22 11:59:26  [info] 2.142 AjaxDashboard
Apr 22 12:06:55  [info] 4.426 WorkspaceSearch
Apr 22 12:09:28  [info] 5.017 Search
Apr 22 12:09:31  [info] 2.192 AjaxDashboard
Apr 22 12:09:38  [info] 6.755 CompanyCreate
Apr 22 12:09:44  [info] 6.147 ParentCompany
Apr 22 12:09:49  [info] 5.393 Category
Apr 22 12:09:54  [info] 4.52 SearchResults
Apr 22 12:10:00  [info] 5.698 Category
Apr 22 12:10:17  [info] 17.422 SearchResults
Apr 22 12:10:40  [info] 17.924 WorkspaceSearch
Apr 22 12:10:47  [info] 6.815 ObjectTieredCharacteristics
Apr 22 12:10:53  [info] 5.342 Category
Apr 22 12:12:46  [info] 19.11 WorkspaceSearch
Apr 22 12:12:54  [info] 7.467 WorkspaceProjectRefTags
Apr 22 12:13:01  [info] 6.702 ObjectTieredCharacteristics
Apr 22 12:13:06  [info] 5.346 Category
Apr 22 12:13:11  [info] 5.192 ParentCompany
